id,name,aliases,family,data_shape,shape_label,origin_code,origin,universality,depth_tier,areas,subject_tags,tools,sibling_count,siblings
P001,Histogram,frequency histogram,F01 Distributions,S01,One continuous variable,D,Data-driven,universal,deep,XM;LS;HM;PE;EE;SH,statistics;data-science,ggplot2::geom_histogram; matplotlib.hist; seaborn.histplot; base::hist,44,Density plot;Empirical CDF plot;Q-Q plot;Stem-and-leaf plot;Rug plot;Frequency polygon;Normal probability plot;Pareto chart;Spike histogram;Histogram with fitted distribution overlay;Cumulative frequency curve;GWAS Q-Q plot;Mutational signature plot;Sequence logo;Alpha diversity plot;Rarefaction curve;Species accumulation curve;Rank-abundance curve;Stratigraphic column;Gutenberg-Richter plot;Detri
P002,Density plot,kernel density estimate; KDE plot,F01 Distributions,S01,One continuous variable,D,Data-driven,universal,deep,XM;LS;HM;SH,statistics,ggplot2::geom_density; seaborn.kdeplot; scipy.stats.gaussian_kde,44,Histogram;Empirical CDF plot;Q-Q plot;Stem-and-leaf plot;Rug plot;Frequency polygon;Normal probability plot;Pareto chart;Spike histogram;Histogram with fitted distribution overlay;Cumulative frequency curve;GWAS Q-Q plot;Mutational signature plot;Sequence logo;Alpha diversity plot;Rarefaction curve;Species accumulation curve;Rank-abundance curve;Stratigraphic column;Gutenberg-Richter plot;Detrital
P003,Frequency polygon,,F01 Distributions,S01,One continuous variable,D,Data-driven,domain-signature,standard,XM;SH,statistics,ggplot2::geom_freqpoly,44,Histogram;Density plot;Empirical CDF plot;Q-Q plot;Stem-and-leaf plot;Rug plot;Normal probability plot;Pareto chart;Spike histogram;Histogram with fitted distribution overlay;Cumulative frequency curve;GWAS Q-Q plot;Mutational signature plot;Sequence logo;Alpha diversity plot;Rarefaction curve;Species accumulation curve;Rank-abundance curve;Stratigraphic column;Gutenberg-Richter plot;Detrital zirc
P004,Box-and-whisker plot,box plot; Tukey box plot,F01 Distributions,S02,"One continuous variable, split by group",D,Data-driven,universal,deep,LS;HM;XM;PE;SH,statistics;biological-techniques,ggplot2::geom_boxplot; seaborn.boxplot; base::boxplot,11,Violin plot;Raincloud plot;Strip plot;Wilkinson dot plot;Beeswarm plot;Notched box plot;Bean plot;Sina plot;Letter-value plot;Stacked violin plot;QC violin panel
P005,Notched box plot,,F01 Distributions,S02,"One continuous variable, split by group",D,Data-driven,domain-signature,standard,XM;HM,statistics,ggplot2::geom_boxplot(notch=TRUE),11,Box-and-whisker plot;Violin plot;Raincloud plot;Strip plot;Wilkinson dot plot;Beeswarm plot;Bean plot;Sina plot;Letter-value plot;Stacked violin plot;QC violin panel
P006,Letter-value plot,boxen plot,F01 Distributions,S02,"One continuous variable, split by group",D,Data-driven,niche,stub,XM,statistics,seaborn.boxenplot; lvplot,11,Box-and-whisker plot;Violin plot;Raincloud plot;Strip plot;Wilkinson dot plot;Beeswarm plot;Notched box plot;Bean plot;Sina plot;Stacked violin plot;QC violin panel
P007,Violin plot,,F01 Distributions,S02,"One continuous variable, split by group",D,Data-driven,universal,deep,LS;HM;XM,statistics;single-cell,ggplot2::geom_violin; seaborn.violinplot; scanpy.pl.violin,11,Box-and-whisker plot;Raincloud plot;Strip plot;Wilkinson dot plot;Beeswarm plot;Notched box plot;Bean plot;Sina plot;Letter-value plot;Stacked violin plot;QC violin panel
P008,Bean plot,,F01 Distributions,S02,"One continuous variable, split by group",D,Data-driven,domain-signature,standard,XM;LS,statistics,R::beanplot,11,Box-and-whisker plot;Violin plot;Raincloud plot;Strip plot;Wilkinson dot plot;Beeswarm plot;Notched box plot;Sina plot;Letter-value plot;Stacked violin plot;QC violin panel
P009,Sina plot,,F01 Distributions,S02,"One continuous variable, split by group",D,Data-driven,domain-signature,standard,LS;XM,statistics,ggforce::geom_sina,11,Box-and-whisker plot;Violin plot;Raincloud plot;Strip plot;Wilkinson dot plot;Beeswarm plot;Notched box plot;Bean plot;Letter-value plot;Stacked violin plot;QC violin panel
P010,Raincloud plot,,F01 Distributions,S02,"One continuous variable, split by group",D,Data-driven,universal,deep,LS;HM;SH,statistics;psychology,ggrain; PupillometryR; raincloudplots; ptitprince (py),11,Box-and-whisker plot;Violin plot;Strip plot;Wilkinson dot plot;Beeswarm plot;Notched box plot;Bean plot;Sina plot;Letter-value plot;Stacked violin plot;QC violin panel
P011,Strip plot,jitter plot,F01 Distributions,S02,"One continuous variable, split by group",D,Data-driven,universal,deep,LS;HM;XM,statistics,ggplot2::geom_jitter; seaborn.stripplot,11,Box-and-whisker plot;Violin plot;Raincloud plot;Wilkinson dot plot;Beeswarm plot;Notched box plot;Bean plot;Sina plot;Letter-value plot;Stacked violin plot;QC violin panel
P012,Wilkinson dot plot,,F01 Distributions,S02,"One continuous variable, split by group",D,Data-driven,universal,deep,XM;SH,statistics,ggplot2::geom_dotplot,11,Box-and-whisker plot;Violin plot;Raincloud plot;Strip plot;Beeswarm plot;Notched box plot;Bean plot;Sina plot;Letter-value plot;Stacked violin plot;QC violin panel
P013,Beeswarm plot,,F01 Distributions,S02,"One continuous variable, split by group",D,Data-driven,universal,deep,LS;HM,statistics;biological-techniques,ggbeeswarm; seaborn.swarmplot,11,Box-and-whisker plot;Violin plot;Raincloud plot;Strip plot;Wilkinson dot plot;Notched box plot;Bean plot;Sina plot;Letter-value plot;Stacked violin plot;QC violin panel
P014,Ridgeline plot,joy plot,F01 Distributions,S26,Physical lab output (no input table),D,Data-driven,universal,deep,XM;EE;SH;LS,statistics;climate,ggridges; joypy,64,Scanning electron micrograph;Western blot;Southern blot;Northern blot;Far-western blot;Dot blot / slot blot;Agarose gel electrophoresis image;SDS-PAGE stained gel;Native PAGE / Blue-native PAGE;Zymogram;EMSA;Pulsed-field gel electrophoresis;Comet assay image;Autoradiograph;Brightfield micrograph;Phase contrast micrograph;DIC micrograph;Immunofluorescence micrograph;Confocal micrograph;Super-resolu
P015,Empirical CDF plot,ECDF plot,F01 Distributions,S01,One continuous variable,D,Data-driven,universal,deep,XM;HM,statistics,ggplot2::stat_ecdf; seaborn.ecdfplot,44,Histogram;Density plot;Q-Q plot;Stem-and-leaf plot;Rug plot;Frequency polygon;Normal probability plot;Pareto chart;Spike histogram;Histogram with fitted distribution overlay;Cumulative frequency curve;GWAS Q-Q plot;Mutational signature plot;Sequence logo;Alpha diversity plot;Rarefaction curve;Species accumulation curve;Rank-abundance curve;Stratigraphic column;Gutenberg-Richter plot;Detrital zirco
P016,Q-Q plot,quantile-quantile plot,F01 Distributions,S01,One continuous variable,D,Data-driven,universal,deep,XM;LS;HM,statistics,base::qqnorm; statsmodels.qqplot; ggpubr::ggqqplot,44,Histogram;Density plot;Empirical CDF plot;Stem-and-leaf plot;Rug plot;Frequency polygon;Normal probability plot;Pareto chart;Spike histogram;Histogram with fitted distribution overlay;Cumulative frequency curve;GWAS Q-Q plot;Mutational signature plot;Sequence logo;Alpha diversity plot;Rarefaction curve;Species accumulation curve;Rank-abundance curve;Stratigraphic column;Gutenberg-Richter plot;Detr
P017,P-P plot,probability-probability plot,F01 Distributions,S01,One continuous variable,D,Data-driven,niche,stub,XM,statistics,statsmodels.ProbPlot,44,Histogram;Density plot;Empirical CDF plot;Q-Q plot;Stem-and-leaf plot;Rug plot;Frequency polygon;Normal probability plot;Pareto chart;Spike histogram;Histogram with fitted distribution overlay;Cumulative frequency curve;GWAS Q-Q plot;Mutational signature plot;Sequence logo;Alpha diversity plot;Rarefaction curve;Species accumulation curve;Rank-abundance curve;Stratigraphic column;Gutenberg-Richter 
P018,Normal probability plot,,F01 Distributions,S01,One continuous variable,D,Data-driven,domain-signature,standard,XM;PE,statistics;reliability,base::qqnorm; scipy.stats.probplot,44,Histogram;Density plot;Empirical CDF plot;Q-Q plot;Stem-and-leaf plot;Rug plot;Frequency polygon;Pareto chart;Spike histogram;Histogram with fitted distribution overlay;Cumulative frequency curve;GWAS Q-Q plot;Mutational signature plot;Sequence logo;Alpha diversity plot;Rarefaction curve;Species accumulation curve;Rank-abundance curve;Stratigraphic column;Gutenberg-Richter plot;Detrital zircon KDE
P019,Stem-and-leaf plot,,F01 Distributions,S01,One continuous variable,D,Data-driven,universal,deep,XM;SH,statistics;education,base::stem,44,Histogram;Density plot;Empirical CDF plot;Q-Q plot;Rug plot;Frequency polygon;Normal probability plot;Pareto chart;Spike histogram;Histogram with fitted distribution overlay;Cumulative frequency curve;GWAS Q-Q plot;Mutational signature plot;Sequence logo;Alpha diversity plot;Rarefaction curve;Species accumulation curve;Rank-abundance curve;Stratigraphic column;Gutenberg-Richter plot;Detrital zirco
P020,Rug plot,,F01 Distributions,S01,One continuous variable,D,Data-driven,universal,deep,XM,statistics,ggplot2::geom_rug,44,Histogram;Density plot;Empirical CDF plot;Q-Q plot;Stem-and-leaf plot;Frequency polygon;Normal probability plot;Pareto chart;Spike histogram;Histogram with fitted distribution overlay;Cumulative frequency curve;GWAS Q-Q plot;Mutational signature plot;Sequence logo;Alpha diversity plot;Rarefaction curve;Species accumulation curve;Rank-abundance curve;Stratigraphic column;Gutenberg-Richter plot;Detr
P021,Marginal histogram plot,scatter with marginals,F01 Distributions,S03,Two continuous variables,D,Data-driven,universal,deep,XM;LS,statistics,ggExtra::ggMarginal; seaborn.jointplot,56,Scatter plot;Bubble chart;Van Krevelen diagram;Heat scatter / density scatter;Volcano plot;Pearce discrimination diagram;Bode plot;Pole-zero plot;Reaction coordinate diagram;Arrhenius plot;Van 't Hoff plot;Well log plot;Pollen diagram;Microfossil stratigraphic diagram;Age-depth model plot;Tree-ring chronology plot;Ice core isotope depth profile;Stable isotope cross plot;Keeling plot;Climograph;Flo
P022,Pareto chart,,F01 Distributions,S01,One continuous variable,D,Data-driven,domain-signature,standard,SH;PE,quality-control;operations,qcc; ggQC; matplotlib,44,Histogram;Density plot;Empirical CDF plot;Q-Q plot;Stem-and-leaf plot;Rug plot;Frequency polygon;Normal probability plot;Spike histogram;Histogram with fitted distribution overlay;Cumulative frequency curve;GWAS Q-Q plot;Mutational signature plot;Sequence logo;Alpha diversity plot;Rarefaction curve;Species accumulation curve;Rank-abundance curve;Stratigraphic column;Gutenberg-Richter plot;Detrital
P023,Hanging rootogram,,F01 Distributions,S01,One continuous variable,D,Data-driven,niche,stub,XM,statistics,vcd::rootogram; countreg,44,Histogram;Density plot;Empirical CDF plot;Q-Q plot;Stem-and-leaf plot;Rug plot;Frequency polygon;Normal probability plot;Pareto chart;Spike histogram;Histogram with fitted distribution overlay;Cumulative frequency curve;GWAS Q-Q plot;Mutational signature plot;Sequence logo;Alpha diversity plot;Rarefaction curve;Species accumulation curve;Rank-abundance curve;Stratigraphic column;Gutenberg-Richter 
P024,Bagplot,bivariate boxplot,F01 Distributions,S03,Two continuous variables,D,Data-driven,niche,stub,XM,statistics,aplpack::bagplot,56,Marginal histogram plot;Scatter plot;Bubble chart;Van Krevelen diagram;Heat scatter / density scatter;Volcano plot;Pearce discrimination diagram;Bode plot;Pole-zero plot;Reaction coordinate diagram;Arrhenius plot;Van 't Hoff plot;Well log plot;Pollen diagram;Microfossil stratigraphic diagram;Age-depth model plot;Tree-ring chronology plot;Ice core isotope depth profile;Stable isotope cross plot;Kee
P025,Spike histogram,,F01 Distributions,S01,One continuous variable,D,Data-driven,domain-signature,standard,XM;HM,statistics,ggplot2; Hmisc,44,Histogram;Density plot;Empirical CDF plot;Q-Q plot;Stem-and-leaf plot;Rug plot;Frequency polygon;Normal probability plot;Pareto chart;Histogram with fitted distribution overlay;Cumulative frequency curve;GWAS Q-Q plot;Mutational signature plot;Sequence logo;Alpha diversity plot;Rarefaction curve;Species accumulation curve;Rank-abundance curve;Stratigraphic column;Gutenberg-Richter plot;Detrital zi
P026,Quantile dotplot,,F01 Distributions,S24,Posterior or simulation draws,D,Data-driven,domain-signature,standard,XM;SH,statistics;public-policy,ggdist::stat_dots,12,Posterior density plot;Corner plot;Monte Carlo simulation fan;Hypothetical outcome plot;Prior-posterior overlay plot;Markov trace plot;Regularisation path plot;MCMC trace plot;MCMC rank plot;Posterior predictive check plot;Expected value of information plot;Knee plot
P027,Histogram with fitted distribution overlay,,F01 Distributions,S01,One continuous variable,D,Data-driven,domain-signature,standard,XM;PE,statistics,fitdistrplus; ggplot2,44,Histogram;Density plot;Empirical CDF plot;Q-Q plot;Stem-and-leaf plot;Rug plot;Frequency polygon;Normal probability plot;Pareto chart;Spike histogram;Cumulative frequency curve;GWAS Q-Q plot;Mutational signature plot;Sequence logo;Alpha diversity plot;Rarefaction curve;Species accumulation curve;Rank-abundance curve;Stratigraphic column;Gutenberg-Richter plot;Detrital zircon KDE plot;IDF curve;Flo
P028,Cumulative frequency curve,ogive,F01 Distributions,S01,One continuous variable,D,Data-driven,domain-signature,standard,XM;SH,statistics;education,ggplot2::stat_ecdf,44,Histogram;Density plot;Empirical CDF plot;Q-Q plot;Stem-and-leaf plot;Rug plot;Frequency polygon;Normal probability plot;Pareto chart;Spike histogram;Histogram with fitted distribution overlay;GWAS Q-Q plot;Mutational signature plot;Sequence logo;Alpha diversity plot;Rarefaction curve;Species accumulation curve;Rank-abundance curve;Stratigraphic column;Gutenberg-Richter plot;Detrital zircon KDE pl
P029,Bar chart,column chart,F02 Categorical comparison,S05,One summary value per category,D,Data-driven,universal,deep,HM;LS;PE;EE;SH;XM,data-science,ggplot2::geom_col; matplotlib.bar; seaborn.barplot,28,Grouped bar chart;Lollipop chart;Cleveland dot plot;Mosaic plot;Small multiples;Diverging bar chart;Nightingale rose chart;Waterfall chart;Pictogram chart;Population pyramid;Equiplot;Gauge chart;GSEA enrichment plot;Lollipop mutation plot;Ecological niche overlap plot;Mark-recapture survival plot;KPI card / big number tile;Bullet graph;Radial bar chart;Spine plot;Tally chart;Wrapped bar chart;Pile
P030,Grouped bar chart,multi-set bar chart; clustered bar,F02 Categorical comparison,S05,One summary value per category,D,Data-driven,universal,deep,HM;LS;SH,data-science,ggplot2::geom_col(position=dodge),28,Bar chart;Lollipop chart;Cleveland dot plot;Mosaic plot;Small multiples;Diverging bar chart;Nightingale rose chart;Waterfall chart;Pictogram chart;Population pyramid;Equiplot;Gauge chart;GSEA enrichment plot;Lollipop mutation plot;Ecological niche overlap plot;Mark-recapture survival plot;KPI card / big number tile;Bullet graph;Radial bar chart;Spine plot;Tally chart;Wrapped bar chart;Piled bar ch
P031,Stacked bar chart,,F02 Categorical comparison,S06,Parts of a whole,D,Data-driven,universal,deep,LS;SH;EE,data-science;microbiology,ggplot2::geom_col(position=stack),10,100% stacked bar chart;Pie chart;Donut chart;Marimekko chart;Waffle chart;Likert plot;Taxonomic relative abundance bar plot;Nested pie chart;Proportional area chart;Cell type proportion stacked bar
P032,100% stacked bar chart,proportional stacked bar,F02 Categorical comparison,S06,Parts of a whole,D,Data-driven,universal,deep,LS;SH,microbiology;demography,ggplot2::geom_col(position=fill),10,Stacked bar chart;Pie chart;Donut chart;Marimekko chart;Waffle chart;Likert plot;Taxonomic relative abundance bar plot;Nested pie chart;Proportional area chart;Cell type proportion stacked bar
P033,Diverging bar chart,,F02 Categorical comparison,S05,One summary value per category,D,Data-driven,domain-signature,standard,SH;EE,political-science;climate,ggplot2,28,Bar chart;Grouped bar chart;Lollipop chart;Cleveland dot plot;Mosaic plot;Small multiples;Nightingale rose chart;Waterfall chart;Pictogram chart;Population pyramid;Equiplot;Gauge chart;GSEA enrichment plot;Lollipop mutation plot;Ecological niche overlap plot;Mark-recapture survival plot;KPI card / big number tile;Bullet graph;Radial bar chart;Spine plot;Tally chart;Wrapped bar chart;Piled bar char
P034,Lollipop chart,,F02 Categorical comparison,S05,One summary value per category,D,Data-driven,universal,deep,SH;LS,data-science,ggplot2::geom_segment+geom_point,28,Bar chart;Grouped bar chart;Cleveland dot plot;Mosaic plot;Small multiples;Diverging bar chart;Nightingale rose chart;Waterfall chart;Pictogram chart;Population pyramid;Equiplot;Gauge chart;GSEA enrichment plot;Lollipop mutation plot;Ecological niche overlap plot;Mark-recapture survival plot;KPI card / big number tile;Bullet graph;Radial bar chart;Spine plot;Tally chart;Wrapped bar chart;Piled bar
P035,Cleveland dot plot,,F02 Categorical comparison,S05,One summary value per category,D,Data-driven,universal,deep,XM;HM;SH,statistics,ggplot2; lattice::dotplot,28,Bar chart;Grouped bar chart;Lollipop chart;Mosaic plot;Small multiples;Diverging bar chart;Nightingale rose chart;Waterfall chart;Pictogram chart;Population pyramid;Equiplot;Gauge chart;GSEA enrichment plot;Lollipop mutation plot;Ecological niche overlap plot;Mark-recapture survival plot;KPI card / big number tile;Bullet graph;Radial bar chart;Spine plot;Tally chart;Wrapped bar chart;Piled bar cha
P036,Dumbbell plot,DNA chart; connected dot plot,F02 Categorical comparison,S04,Paired or repeated measurements on the same units,D,Data-driven,domain-signature,standard,SH;HM,public-health;economics,ggalt::geom_dumbbell,4,Span chart;Slope graph;Connected scatter plot;Tanglegram
P037,Slope graph,slope chart; bumps chart,F02 Categorical comparison,S04,Paired or repeated measurements on the same units,D,Data-driven,domain-signature,standard,SH;HM,economics;public-health,CGPfunctions::newggslopegraph,4,Span chart;Dumbbell plot;Connected scatter plot;Tanglegram
P038,Bullet graph,,F02 Categorical comparison,S05,One summary value per category,D,Data-driven,niche,stub,SH,business-management,plotly; R::bulletgraph,28,Bar chart;Grouped bar chart;Lollipop chart;Cleveland dot plot;Mosaic plot;Small multiples;Diverging bar chart;Nightingale rose chart;Waterfall chart;Pictogram chart;Population pyramid;Equiplot;Gauge chart;GSEA enrichment plot;Lollipop mutation plot;Ecological niche overlap plot;Mark-recapture survival plot;KPI card / big number tile;Radial bar chart;Spine plot;Tally chart;Wrapped bar chart;Piled b
P039,Radar chart,spider chart; star plot; web chart,F02 Categorical comparison,S11,Many variables per observation (wide / high-dimensional),D,Data-driven,cross-domain,standard,SH;HM;PE,business-management;sports-exercise,fmsb; ggradar; plotly scatterpolar,39,Scatter plot matrix;Parallel coordinates plot;PCA scores plot;Scree plot;PCA biplot;Multidimensional scaling plot;Chernoff faces;Silhouette plot;Elbow plot;Embedding projection plot;t-SNE embedding plot;UMAP embedding plot;Cell-cell communication circle plot;Beta diversity ordination;Loadings plot;Parallel analysis plot;PLS-DA / OPLS-DA scores plot;LDA / discriminant plot;Correspondence analysis b
P040,Nightingale rose chart,polar area diagram; coxcomb,F02 Categorical comparison,S05,One summary value per category,D,Data-driven,domain-signature,standard,HM;SH,public-health;history,ggplot2::coord_polar,28,Bar chart;Grouped bar chart;Lollipop chart;Cleveland dot plot;Mosaic plot;Small multiples;Diverging bar chart;Waterfall chart;Pictogram chart;Population pyramid;Equiplot;Gauge chart;GSEA enrichment plot;Lollipop mutation plot;Ecological niche overlap plot;Mark-recapture survival plot;KPI card / big number tile;Bullet graph;Radial bar chart;Spine plot;Tally chart;Wrapped bar chart;Piled bar chart;D
P041,Radial bar chart,circular bar chart,F02 Categorical comparison,S05,One summary value per category,D,Data-driven,niche,stub,SH,data-science,ggplot2::coord_polar,28,Bar chart;Grouped bar chart;Lollipop chart;Cleveland dot plot;Mosaic plot;Small multiples;Diverging bar chart;Nightingale rose chart;Waterfall chart;Pictogram chart;Population pyramid;Equiplot;Gauge chart;GSEA enrichment plot;Lollipop mutation plot;Ecological niche overlap plot;Mark-recapture survival plot;KPI card / big number tile;Bullet graph;Spine plot;Tally chart;Wrapped bar chart;Piled bar c
P042,Waterfall chart,,F02 Categorical comparison,S05,One summary value per category,D,Data-driven,domain-signature,standard,SH,finance;business-management,waterfalls; plotly,28,Bar chart;Grouped bar chart;Lollipop chart;Cleveland dot plot;Mosaic plot;Small multiples;Diverging bar chart;Nightingale rose chart;Pictogram chart;Population pyramid;Equiplot;Gauge chart;GSEA enrichment plot;Lollipop mutation plot;Ecological niche overlap plot;Mark-recapture survival plot;KPI card / big number tile;Bullet graph;Radial bar chart;Spine plot;Tally chart;Wrapped bar chart;Piled bar 
P043,Marimekko chart,mekko chart; variable-width bar,F02 Categorical comparison,S06,Parts of a whole,D,Data-driven,domain-signature,standard,SH,marketing;business-management,ggmosaic,10,Stacked bar chart;100% stacked bar chart;Pie chart;Donut chart;Waffle chart;Likert plot;Taxonomic relative abundance bar plot;Nested pie chart;Proportional area chart;Cell type proportion stacked bar
P044,Mosaic plot,,F02 Categorical comparison,S05,One summary value per category,D,Data-driven,universal,deep,XM;SH;HM,statistics;sociology,vcd::mosaic; ggmosaic,28,Bar chart;Grouped bar chart;Lollipop chart;Cleveland dot plot;Small multiples;Diverging bar chart;Nightingale rose chart;Waterfall chart;Pictogram chart;Population pyramid;Equiplot;Gauge chart;GSEA enrichment plot;Lollipop mutation plot;Ecological niche overlap plot;Mark-recapture survival plot;KPI card / big number tile;Bullet graph;Radial bar chart;Spine plot;Tally chart;Wrapped bar chart;Piled 
P045,Spine plot,spinogram,F02 Categorical comparison,S05,One summary value per category,D,Data-driven,niche,stub,XM,statistics,graphics::spineplot; vcd,28,Bar chart;Grouped bar chart;Lollipop chart;Cleveland dot plot;Mosaic plot;Small multiples;Diverging bar chart;Nightingale rose chart;Waterfall chart;Pictogram chart;Population pyramid;Equiplot;Gauge chart;GSEA enrichment plot;Lollipop mutation plot;Ecological niche overlap plot;Mark-recapture survival plot;KPI card / big number tile;Bullet graph;Radial bar chart;Tally chart;Wrapped bar chart;Piled
P046,Heatmap (categorical matrix),,F02 Categorical comparison,S12,Pairwise matrix,D,Data-driven,universal,deep,LS;HM;XM;SH,data-science;transcriptomics,pheatmap; ComplexHeatmap; seaborn.heatmap,15,Correlogram;Calendar heatmap;Autocorrelation plot;Confusion matrix heatmap;Clustered expression heatmap;Spiral plot;Oncoprint;Mass cytometry (CyTOF) heatmap;Antibiogram heatmap;Brain connectivity matrix;Cohort retention heatmap;Bertin reorderable matrix;Sample-sample distance heatmap;Single-cell dot plot;RFM segmentation heatmap
P047,Bump chart,rank-over-time chart,F02 Categorical comparison,S08,Time series,D,Data-driven,domain-signature,standard,SH,business-management;political-science,ggbump,69,Line chart;Multi-series line chart;Area chart;Stacked area chart;Step chart;Gantt chart;Timeline;Control chart;Recurrence plot;Stream graph;Sparkline;Horizon chart;Cycle plot;Seasonal decomposition plot;Run chart;Moving average overlay chart;Lexis diagram;Marey chart;Fan chart;Epidemic curve;Compartmental model trajectory plot;Age-period-cohort plot;Life table survival plot;Pseudotime trajectory p
P048,Small multiples,trellis plot; facet grid; lattice plot,F02 Categorical comparison,S05,One summary value per category,D,Data-driven,universal,deep,ALL,data-science,ggplot2::facet_wrap; lattice; seaborn.FacetGrid,28,Bar chart;Grouped bar chart;Lollipop chart;Cleveland dot plot;Mosaic plot;Diverging bar chart;Nightingale rose chart;Waterfall chart;Pictogram chart;Population pyramid;Equiplot;Gauge chart;GSEA enrichment plot;Lollipop mutation plot;Ecological niche overlap plot;Mark-recapture survival plot;KPI card / big number tile;Bullet graph;Radial bar chart;Spine plot;Tally chart;Wrapped bar chart;Piled bar 
P049,Tally chart,,F02 Categorical comparison,S05,One summary value per category,D,Data-driven,niche,stub,SH,education,manual,28,Bar chart;Grouped bar chart;Lollipop chart;Cleveland dot plot;Mosaic plot;Small multiples;Diverging bar chart;Nightingale rose chart;Waterfall chart;Pictogram chart;Population pyramid;Equiplot;Gauge chart;GSEA enrichment plot;Lollipop mutation plot;Ecological niche overlap plot;Mark-recapture survival plot;KPI card / big number tile;Bullet graph;Radial bar chart;Spine plot;Wrapped bar chart;Piled 
P050,Pictogram chart,isotype chart,F02 Categorical comparison,S05,One summary value per category,D,Data-driven,domain-signature,standard,SH;HM,public-health;media-studies,waffle; pywaffle,28,Bar chart;Grouped bar chart;Lollipop chart;Cleveland dot plot;Mosaic plot;Small multiples;Diverging bar chart;Nightingale rose chart;Waterfall chart;Population pyramid;Equiplot;Gauge chart;GSEA enrichment plot;Lollipop mutation plot;Ecological niche overlap plot;Mark-recapture survival plot;KPI card / big number tile;Bullet graph;Radial bar chart;Spine plot;Tally chart;Wrapped bar chart;Piled bar 
P051,Waffle chart,square pie chart,F02 Categorical comparison,S06,Parts of a whole,D,Data-driven,domain-signature,standard,SH;HM,public-health,waffle; pywaffle,10,Stacked bar chart;100% stacked bar chart;Pie chart;Donut chart;Marimekko chart;Likert plot;Taxonomic relative abundance bar plot;Nested pie chart;Proportional area chart;Cell type proportion stacked bar
P052,Span chart,range bar chart,F02 Categorical comparison,S04,Paired or repeated measurements on the same units,D,Data-driven,universal,deep,SH;EE,economics;climate,ggplot2::geom_linerange,4,Dumbbell plot;Slope graph;Connected scatter plot;Tanglegram
P053,Population pyramid,age-sex pyramid,F02 Categorical comparison,S05,One summary value per category,D,Data-driven,domain-signature,standard,SH;HM,demography;public-health,apyramid; pyramid; plotly,28,Bar chart;Grouped bar chart;Lollipop chart;Cleveland dot plot;Mosaic plot;Small multiples;Diverging bar chart;Nightingale rose chart;Waterfall chart;Pictogram chart;Equiplot;Gauge chart;GSEA enrichment plot;Lollipop mutation plot;Ecological niche overlap plot;Mark-recapture survival plot;KPI card / big number tile;Bullet graph;Radial bar chart;Spine plot;Tally chart;Wrapped bar chart;Piled bar cha
P054,Likert plot,diverging stacked bar,F02 Categorical comparison,S06,Parts of a whole,D,Data-driven,domain-signature,standard,SH;HM,psychology;education,likert; HH::plot.likert; ggstats,10,Stacked bar chart;100% stacked bar chart;Pie chart;Donut chart;Marimekko chart;Waffle chart;Taxonomic relative abundance bar plot;Nested pie chart;Proportional area chart;Cell type proportion stacked bar
P055,Equiplot,equity gap plot,F02 Categorical comparison,S05,One summary value per category,D,Data-driven,domain-signature,standard,HM;SH,public-health;health-econ,equiplot (Stata); ggplot2,28,Bar chart;Grouped bar chart;Lollipop chart;Cleveland dot plot;Mosaic plot;Small multiples;Diverging bar chart;Nightingale rose chart;Waterfall chart;Pictogram chart;Population pyramid;Gauge chart;GSEA enrichment plot;Lollipop mutation plot;Ecological niche overlap plot;Mark-recapture survival plot;KPI card / big number tile;Bullet graph;Radial bar chart;Spine plot;Tally chart;Wrapped bar chart;Pil
P056,Wrapped bar chart,,F02 Categorical comparison,S05,One summary value per category,D,Data-driven,niche,stub,SH,data-science,ggplot2,28,Bar chart;Grouped bar chart;Lollipop chart;Cleveland dot plot;Mosaic plot;Small multiples;Diverging bar chart;Nightingale rose chart;Waterfall chart;Pictogram chart;Population pyramid;Equiplot;Gauge chart;GSEA enrichment plot;Lollipop mutation plot;Ecological niche overlap plot;Mark-recapture survival plot;KPI card / big number tile;Bullet graph;Radial bar chart;Spine plot;Tally chart;Piled bar ch
P057,Piled bar chart,,F02 Categorical comparison,S05,One summary value per category,D,Data-driven,niche,stub,SH,data-science,ggplot2,28,Bar chart;Grouped bar chart;Lollipop chart;Cleveland dot plot;Mosaic plot;Small multiples;Diverging bar chart;Nightingale rose chart;Waterfall chart;Pictogram chart;Population pyramid;Equiplot;Gauge chart;GSEA enrichment plot;Lollipop mutation plot;Ecological niche overlap plot;Mark-recapture survival plot;KPI card / big number tile;Bullet graph;Radial bar chart;Spine plot;Tally chart;Wrapped bar 
P058,Gauge chart,speedometer chart; dial,F02 Categorical comparison,S05,One summary value per category,D,Data-driven,domain-signature,standard,SH;HM,business-management,plotly indicator; flexdashboard,28,Bar chart;Grouped bar chart;Lollipop chart;Cleveland dot plot;Mosaic plot;Small multiples;Diverging bar chart;Nightingale rose chart;Waterfall chart;Pictogram chart;Population pyramid;Equiplot;GSEA enrichment plot;Lollipop mutation plot;Ecological niche overlap plot;Mark-recapture survival plot;KPI card / big number tile;Bullet graph;Radial bar chart;Spine plot;Tally chart;Wrapped bar chart;Piled 
P059,Scatter plot,XY plot,F03 Correlation & bivariate,S03,Two continuous variables,D,Data-driven,universal,deep,ALL,statistics,ggplot2::geom_point; matplotlib.scatter,56,Marginal histogram plot;Bubble chart;Van Krevelen diagram;Heat scatter / density scatter;Volcano plot;Pearce discrimination diagram;Bode plot;Pole-zero plot;Reaction coordinate diagram;Arrhenius plot;Van 't Hoff plot;Well log plot;Pollen diagram;Microfossil stratigraphic diagram;Age-depth model plot;Tree-ring chronology plot;Ice core isotope depth profile;Stable isotope cross plot;Keeling plot;Cli
P060,Bubble chart,proportional-symbol scatter,F03 Correlation & bivariate,S03,Two continuous variables,D,Data-driven,universal,deep,SH;EE;HM,economics;public-health,ggplot2::geom_point(aes(size=)); plotly,56,Marginal histogram plot;Scatter plot;Van Krevelen diagram;Heat scatter / density scatter;Volcano plot;Pearce discrimination diagram;Bode plot;Pole-zero plot;Reaction coordinate diagram;Arrhenius plot;Van 't Hoff plot;Well log plot;Pollen diagram;Microfossil stratigraphic diagram;Age-depth model plot;Tree-ring chronology plot;Ice core isotope depth profile;Stable isotope cross plot;Keeling plot;Cli
P061,Connected scatter plot,,F03 Correlation & bivariate,S04,Paired or repeated measurements on the same units,D,Data-driven,domain-signature,standard,SH;EE,economics;climate,ggplot2::geom_path+geom_point,4,Span chart;Dumbbell plot;Slope graph;Tanglegram
P062,Scatter plot matrix,SPLOM; pairs plot,F03 Correlation & bivariate,S11,Many variables per observation (wide / high-dimensional),D,Data-driven,universal,deep,XM;LS,statistics,GGally::ggpairs; seaborn.pairplot; base::pairs,39,Parallel coordinates plot;PCA scores plot;Scree plot;Radar chart;PCA biplot;Multidimensional scaling plot;Chernoff faces;Silhouette plot;Elbow plot;Embedding projection plot;t-SNE embedding plot;UMAP embedding plot;Cell-cell communication circle plot;Beta diversity ordination;Loadings plot;Parallel analysis plot;PLS-DA / OPLS-DA scores plot;LDA / discriminant plot;Correspondence analysis biplot;Mu
P063,Hexbin plot,hexagonal binning,F03 Correlation & bivariate,S25,Surface over a two-dimensional domain,D,Data-driven,universal,deep,XM;LS;EE,statistics;single-cell,hexbin; ggplot2::geom_hex; matplotlib.hexbin,12,2-D density plot;Contour plot;3-D surface plot;Wireframe plot;Vector field plot;Streamline plot;Hovmoller diagram;Exposure-lag-response surface;2-D NMR contour plot;Fence diagram
P064,2-D density plot,bivariate KDE; contour density,F03 Correlation & bivariate,S25,Surface over a two-dimensional domain,D,Data-driven,universal,deep,XM;LS,statistics,ggplot2::geom_density_2d; seaborn.kdeplot,12,Hexbin plot;Contour plot;3-D surface plot;Wireframe plot;Vector field plot;Streamline plot;Hovmoller diagram;Exposure-lag-response surface;2-D NMR contour plot;Fence diagram
P065,Binned scatter plot,binscatter,F03 Correlation & bivariate,S03,Two continuous variables,D,Data-driven,niche,stub,SH,econometrics,binsreg; binscatter (Stata),56,Marginal histogram plot;Scatter plot;Bubble chart;Van Krevelen diagram;Heat scatter / density scatter;Volcano plot;Pearce discrimination diagram;Bode plot;Pole-zero plot;Reaction coordinate diagram;Arrhenius plot;Van 't Hoff plot;Well log plot;Pollen diagram;Microfossil stratigraphic diagram;Age-depth model plot;Tree-ring chronology plot;Ice core isotope depth profile;Stable isotope cross plot;Kee
P066,Correlogram,correlation matrix plot; corrplot,F03 Correlation & bivariate,S12,Pairwise matrix,D,Data-driven,universal,deep,XM;LS;SH,statistics,corrplot; ggcorrplot; corrr; seaborn.heatmap,15,Heatmap (categorical matrix);Calendar heatmap;Autocorrelation plot;Confusion matrix heatmap;Clustered expression heatmap;Spiral plot;Oncoprint;Mass cytometry (CyTOF) heatmap;Antibiogram heatmap;Brain connectivity matrix;Cohort retention heatmap;Bertin reorderable matrix;Sample-sample distance heatmap;Single-cell dot plot;RFM segmentation heatmap
P067,Bland-Altman plot,difference plot; Tukey mean-difference plot; MA plot,F03 Correlation & bivariate,S22,Model output vs observed,D,Data-driven,domain-signature,deep,HM;LS,diagnostics;clinical-trials,blandr; BlandAltmanLeh; pyCompare,62,Regression line with confidence band;LOESS / LOWESS smoother;ROC curve;Feature importance plot;Spline / GAM partial effect plot;Calibration plot;Residual vs fitted plot;Added-variable plot;Marginal effects plot;Interaction plot;Nomogram;Precision-recall curve;Decision curve analysis;Lift chart / cumulative gains chart;SHAP beeswarm plot;SHAP force / waterfall plot;Partial dependence plot;Dose-resp
P068,Deming/Passing-Bablok regression plot,method comparison plot,F03 Correlation & bivariate,S22,Model output vs observed,D,Data-driven,niche,stub,HM,diagnostics,mcr; deming,62,Regression line with confidence band;LOESS / LOWESS smoother;ROC curve;Feature importance plot;Spline / GAM partial effect plot;Calibration plot;Bland-Altman plot;Residual vs fitted plot;Added-variable plot;Marginal effects plot;Interaction plot;Nomogram;Precision-recall curve;Decision curve analysis;Lift chart / cumulative gains chart;SHAP beeswarm plot;SHAP force / waterfall plot;Partial depende
P069,Contour plot,,F03 Correlation & bivariate,S25,Surface over a two-dimensional domain,D,Data-driven,universal,deep,PE;EE;XM,physics-general;mathematics,ggplot2::geom_contour; matplotlib.contour,12,Hexbin plot;2-D density plot;3-D surface plot;Wireframe plot;Vector field plot;Streamline plot;Hovmoller diagram;Exposure-lag-response surface;2-D NMR contour plot;Fence diagram
P070,3-D surface plot,,F03 Correlation & bivariate,S25,Surface over a two-dimensional domain,D,Data-driven,universal,deep,PE;XM;EE,mathematics;physics-general,plotly; rgl; matplotlib plot_surface,12,Hexbin plot;2-D density plot;Contour plot;Wireframe plot;Vector field plot;Streamline plot;Hovmoller diagram;Exposure-lag-response surface;2-D NMR contour plot;Fence diagram
P071,Wireframe plot,mesh plot,F03 Correlation & bivariate,S25,Surface over a two-dimensional domain,D,Data-driven,domain-signature,standard,PE;XM,mathematics,lattice::wireframe; matplotlib plot_wireframe,12,Hexbin plot;2-D density plot;Contour plot;3-D surface plot;Vector field plot;Streamline plot;Hovmoller diagram;Exposure-lag-response surface;2-D NMR contour plot;Fence diagram
P072,Vector field plot,quiver plot,F03 Correlation & bivariate,S25,Surface over a two-dimensional domain,D,Data-driven,domain-signature,standard,PE;EE,fluid-dynamics;atmospheric,matplotlib.quiver; ggquiver; metR,12,Hexbin plot;2-D density plot;Contour plot;3-D surface plot;Wireframe plot;Streamline plot;Hovmoller diagram;Exposure-lag-response surface;2-D NMR contour plot;Fence diagram
P073,Streamline plot,streamplot,F03 Correlation & bivariate,S25,Surface over a two-dimensional domain,D,Data-driven,domain-signature,standard,PE;EE,fluid-dynamics;oceanography,matplotlib.streamplot; metR,12,Hexbin plot;2-D density plot;Contour plot;3-D surface plot;Wireframe plot;Vector field plot;Hovmoller diagram;Exposure-lag-response surface;2-D NMR contour plot;Fence diagram
P074,Parallel coordinates plot,,F03 Correlation & bivariate,S11,Many variables per observation (wide / high-dimensional),D,Data-driven,universal,deep,XM;LS;PE,data-science,GGally::ggparcoord; plotly; pandas parallel_coordinates,39,Scatter plot matrix;PCA scores plot;Scree plot;Radar chart;PCA biplot;Multidimensional scaling plot;Chernoff faces;Silhouette plot;Elbow plot;Embedding projection plot;t-SNE embedding plot;UMAP embedding plot;Cell-cell communication circle plot;Beta diversity ordination;Loadings plot;Parallel analysis plot;PLS-DA / OPLS-DA scores plot;LDA / discriminant plot;Correspondence analysis biplot;Multiple
P075,Andrews curves,,F03 Correlation & bivariate,S11,Many variables per observation (wide / high-dimensional),D,Data-driven,niche,stub,XM,statistics,pandas.plotting.andrews_curves; andrews,39,Scatter plot matrix;Parallel coordinates plot;PCA scores plot;Scree plot;Radar chart;PCA biplot;Multidimensional scaling plot;Chernoff faces;Silhouette plot;Elbow plot;Embedding projection plot;t-SNE embedding plot;UMAP embedding plot;Cell-cell communication circle plot;Beta diversity ordination;Loadings plot;Parallel analysis plot;PLS-DA / OPLS-DA scores plot;LDA / discriminant plot;Correspondenc
P076,Chernoff faces,,F03 Correlation & bivariate,S11,Many variables per observation (wide / high-dimensional),D,Data-driven,domain-signature,standard,XM;SH,statistics,aplpack::faces,39,Scatter plot matrix;Parallel coordinates plot;PCA scores plot;Scree plot;Radar chart;PCA biplot;Multidimensional scaling plot;Silhouette plot;Elbow plot;Embedding projection plot;t-SNE embedding plot;UMAP embedding plot;Cell-cell communication circle plot;Beta diversity ordination;Loadings plot;Parallel analysis plot;PLS-DA / OPLS-DA scores plot;LDA / discriminant plot;Correspondence analysis bipl
P077,Star glyph plot,glyph plot,F03 Correlation & bivariate,S11,Many variables per observation (wide / high-dimensional),D,Data-driven,niche,stub,XM,statistics,graphics::stars,39,Scatter plot matrix;Parallel coordinates plot;PCA scores plot;Scree plot;Radar chart;PCA biplot;Multidimensional scaling plot;Chernoff faces;Silhouette plot;Elbow plot;Embedding projection plot;t-SNE embedding plot;UMAP embedding plot;Cell-cell communication circle plot;Beta diversity ordination;Loadings plot;Parallel analysis plot;PLS-DA / OPLS-DA scores plot;LDA / discriminant plot;Correspondenc
P078,Table lens,tableplot,F03 Correlation & bivariate,S11,Many variables per observation (wide / high-dimensional),D,Data-driven,niche,stub,XM,data-science,tabplot,39,Scatter plot matrix;Parallel coordinates plot;PCA scores plot;Scree plot;Radar chart;PCA biplot;Multidimensional scaling plot;Chernoff faces;Silhouette plot;Elbow plot;Embedding projection plot;t-SNE embedding plot;UMAP embedding plot;Cell-cell communication circle plot;Beta diversity ordination;Loadings plot;Parallel analysis plot;PLS-DA / OPLS-DA scores plot;LDA / discriminant plot;Correspondenc
P079,Heat scatter / density scatter,,F03 Correlation & bivariate,S03,Two continuous variables,D,Data-driven,domain-signature,standard,LS;XM,transcriptomics,LSD::heatscatter; matplotlib,56,Marginal histogram plot;Scatter plot;Bubble chart;Van Krevelen diagram;Volcano plot;Pearce discrimination diagram;Bode plot;Pole-zero plot;Reaction coordinate diagram;Arrhenius plot;Van 't Hoff plot;Well log plot;Pollen diagram;Microfossil stratigraphic diagram;Age-depth model plot;Tree-ring chronology plot;Ice core isotope depth profile;Stable isotope cross plot;Keeling plot;Climograph;Flow cytom
P080,Regression line with confidence band,fitted line plot,F04 Regression & diagnostics,S22,Model output vs observed,D,Data-driven,universal,deep,ALL,statistics,ggplot2::geom_smooth,62,LOESS / LOWESS smoother;ROC curve;Feature importance plot;Spline / GAM partial effect plot;Calibration plot;Bland-Altman plot;Residual vs fitted plot;Added-variable plot;Marginal effects plot;Interaction plot;Nomogram;Precision-recall curve;Decision curve analysis;Lift chart / cumulative gains chart;SHAP beeswarm plot;SHAP force / waterfall plot;Partial dependence plot;Dose-response curve;Benchmar
P081,LOESS / LOWESS smoother,,F04 Regression & diagnostics,S22,Model output vs observed,D,Data-driven,universal,deep,XM;SH;EE,statistics,ggplot2::geom_smooth(method=loess); statsmodels.lowess,62,Regression line with confidence band;ROC curve;Feature importance plot;Spline / GAM partial effect plot;Calibration plot;Bland-Altman plot;Residual vs fitted plot;Added-variable plot;Marginal effects plot;Interaction plot;Nomogram;Precision-recall curve;Decision curve analysis;Lift chart / cumulative gains chart;SHAP beeswarm plot;SHAP force / waterfall plot;Partial dependence plot;Dose-response c
P082,Residual vs fitted plot,,F04 Regression & diagnostics,S22,Model output vs observed,D,Data-driven,domain-signature,standard,XM;SH,statistics;econometrics,base::plot.lm; ggfortify::autoplot; performance,62,Regression line with confidence band;LOESS / LOWESS smoother;ROC curve;Feature importance plot;Spline / GAM partial effect plot;Calibration plot;Bland-Altman plot;Added-variable plot;Marginal effects plot;Interaction plot;Nomogram;Precision-recall curve;Decision curve analysis;Lift chart / cumulative gains chart;SHAP beeswarm plot;SHAP force / waterfall plot;Partial dependence plot;Dose-response c
P083,Scale-location plot,spread-location plot,F04 Regression & diagnostics,S22,Model output vs observed,D,Data-driven,niche,stub,XM,statistics,base::plot.lm,62,Regression line with confidence band;LOESS / LOWESS smoother;ROC curve;Feature importance plot;Spline / GAM partial effect plot;Calibration plot;Bland-Altman plot;Residual vs fitted plot;Added-variable plot;Marginal effects plot;Interaction plot;Nomogram;Precision-recall curve;Decision curve analysis;Lift chart / cumulative gains chart;SHAP beeswarm plot;SHAP force / waterfall plot;Partial depende
P084,Cook's distance plot,,F04 Regression & diagnostics,S22,Model output vs observed,D,Data-driven,niche,stub,XM,statistics,base::plot.lm; car,62,Regression line with confidence band;LOESS / LOWESS smoother;ROC curve;Feature importance plot;Spline / GAM partial effect plot;Calibration plot;Bland-Altman plot;Residual vs fitted plot;Added-variable plot;Marginal effects plot;Interaction plot;Nomogram;Precision-recall curve;Decision curve analysis;Lift chart / cumulative gains chart;SHAP beeswarm plot;SHAP force / waterfall plot;Partial depende
P085,Leverage / influence plot,,F04 Regression & diagnostics,S22,Model output vs observed,D,Data-driven,niche,stub,XM,statistics,car::influencePlot,62,Regression line with confidence band;LOESS / LOWESS smoother;ROC curve;Feature importance plot;Spline / GAM partial effect plot;Calibration plot;Bland-Altman plot;Residual vs fitted plot;Added-variable plot;Marginal effects plot;Interaction plot;Nomogram;Precision-recall curve;Decision curve analysis;Lift chart / cumulative gains chart;SHAP beeswarm plot;SHAP force / waterfall plot;Partial depende
P086,Added-variable plot,partial regression plot,F04 Regression & diagnostics,S22,Model output vs observed,D,Data-driven,domain-signature,standard,XM;SH,statistics;econometrics,car::avPlots,62,Regression line with confidence band;LOESS / LOWESS smoother;ROC curve;Feature importance plot;Spline / GAM partial effect plot;Calibration plot;Bland-Altman plot;Residual vs fitted plot;Marginal effects plot;Interaction plot;Nomogram;Precision-recall curve;Decision curve analysis;Lift chart / cumulative gains chart;SHAP beeswarm plot;SHAP force / waterfall plot;Partial dependence plot;Dose-respon
P087,Component+residual plot,partial residual plot,F04 Regression & diagnostics,S22,Model output vs observed,D,Data-driven,niche,stub,XM,statistics,car::crPlots,62,Regression line with confidence band;LOESS / LOWESS smoother;ROC curve;Feature importance plot;Spline / GAM partial effect plot;Calibration plot;Bland-Altman plot;Residual vs fitted plot;Added-variable plot;Marginal effects plot;Interaction plot;Nomogram;Precision-recall curve;Decision curve analysis;Lift chart / cumulative gains chart;SHAP beeswarm plot;SHAP force / waterfall plot;Partial depende
P088,Marginal effects plot,predicted values plot,F04 Regression & diagnostics,S22,Model output vs observed,D,Data-driven,domain-signature,standard,SH;HM,econometrics;epidemiology,marginaleffects; ggeffects; effects,62,Regression line with confidence band;LOESS / LOWESS smoother;ROC curve;Feature importance plot;Spline / GAM partial effect plot;Calibration plot;Bland-Altman plot;Residual vs fitted plot;Added-variable plot;Interaction plot;Nomogram;Precision-recall curve;Decision curve analysis;Lift chart / cumulative gains chart;SHAP beeswarm plot;SHAP force / waterfall plot;Partial dependence plot;Dose-response
P089,Interaction plot,moderation plot; simple slopes plot,F04 Regression & diagnostics,S22,Model output vs observed,D,Data-driven,domain-signature,standard,SH;HM,psychology;statistics,interactions; emmeans; sjPlot,62,Regression line with confidence band;LOESS / LOWESS smoother;ROC curve;Feature importance plot;Spline / GAM partial effect plot;Calibration plot;Bland-Altman plot;Residual vs fitted plot;Added-variable plot;Marginal effects plot;Nomogram;Precision-recall curve;Decision curve analysis;Lift chart / cumulative gains chart;SHAP beeswarm plot;SHAP force / waterfall plot;Partial dependence plot;Dose-res
P090,Coefficient plot,dot-and-whisker plot,F04 Regression & diagnostics,S18,Effect estimates with uncertainty,D,Data-driven,universal,deep,SH;HM,econometrics;epidemiology,dotwhisker; coefplot; sjPlot::plot_model,25,Error bars;Confidence ribbon;Forest plot;Caterpillar plot;Prediction interval plot;Tornado diagram;Gradient interval / eye plot / half-eye plot;Radial plot (Galbraith);Meta-regression bubble plot;Effect direction plot;Institutional funnel plot;Free energy landscape plot;Cost-effectiveness acceptability curve;Funnel plot (publication bias);Contour-enhanced funnel plot;L'Abbe plot;Baujat plot;League
P091,Nomogram,,F04 Regression & diagnostics,S22,Model output vs observed,D,Data-driven,domain-signature,standard,HM,clinical-medicine;oncology,rms::nomogram; regplot; DynNom,62,Regression line with confidence band;LOESS / LOWESS smoother;ROC curve;Feature importance plot;Spline / GAM partial effect plot;Calibration plot;Bland-Altman plot;Residual vs fitted plot;Added-variable plot;Marginal effects plot;Interaction plot;Precision-recall curve;Decision curve analysis;Lift chart / cumulative gains chart;SHAP beeswarm plot;SHAP force / waterfall plot;Partial dependence plot;
P092,Spline / GAM partial effect plot,,F04 Regression & diagnostics,S22,Model output vs observed,D,Data-driven,cross-domain,standard,XM;HM;EE,statistics;epidemiology,mgcv::plot.gam; gratia,62,Regression line with confidence band;LOESS / LOWESS smoother;ROC curve;Feature importance plot;Calibration plot;Bland-Altman plot;Residual vs fitted plot;Added-variable plot;Marginal effects plot;Interaction plot;Nomogram;Precision-recall curve;Decision curve analysis;Lift chart / cumulative gains chart;SHAP beeswarm plot;SHAP force / waterfall plot;Partial dependence plot;Dose-response curve;Benc
P093,Regularisation path plot,lasso trace plot,F04 Regression & diagnostics,S24,Posterior or simulation draws,D,Data-driven,niche,stub,XM,machine-learning,glmnet::plot.glmnet,12,Posterior density plot;Corner plot;Monte Carlo simulation fan;Quantile dotplot;Hypothetical outcome plot;Prior-posterior overlay plot;Markov trace plot;MCMC trace plot;MCMC rank plot;Posterior predictive check plot;Expected value of information plot;Knee plot
P094,Cross-validation error curve,,F04 Regression & diagnostics,S22,Model output vs observed,D,Data-driven,niche,stub,XM,machine-learning,glmnet::cv.glmnet; caret,62,Regression line with confidence band;LOESS / LOWESS smoother;ROC curve;Feature importance plot;Spline / GAM partial effect plot;Calibration plot;Bland-Altman plot;Residual vs fitted plot;Added-variable plot;Marginal effects plot;Interaction plot;Nomogram;Precision-recall curve;Decision curve analysis;Lift chart / cumulative gains chart;SHAP beeswarm plot;SHAP force / waterfall plot;Partial depende
P095,Caterpillar plot,random effects plot,F04 Regression & diagnostics,S18,Effect estimates with uncertainty,D,Data-driven,cross-domain,standard,XM;SH;HM,statistics,lattice::dotplot(ranef); sjPlot,25,Coefficient plot;Error bars;Confidence ribbon;Forest plot;Prediction interval plot;Tornado diagram;Gradient interval / eye plot / half-eye plot;Radial plot (Galbraith);Meta-regression bubble plot;Effect direction plot;Institutional funnel plot;Free energy landscape plot;Cost-effectiveness acceptability curve;Funnel plot (publication bias);Contour-enhanced funnel plot;L'Abbe plot;Baujat plot;League
P096,Pie chart,,F05 Part-to-whole & sets,S06,Parts of a whole,D,Data-driven,universal,deep,SH;HM,business-management,ggplot2::coord_polar; matplotlib.pie,10,Stacked bar chart;100% stacked bar chart;Donut chart;Marimekko chart;Waffle chart;Likert plot;Taxonomic relative abundance bar plot;Nested pie chart;Proportional area chart;Cell type proportion stacked bar
P097,Donut chart,doughnut chart; ring chart,F05 Part-to-whole & sets,S06,Parts of a whole,D,Data-driven,universal,deep,SH,business-management,plotly; ggplot2,10,Stacked bar chart;100% stacked bar chart;Pie chart;Marimekko chart;Waffle chart;Likert plot;Taxonomic relative abundance bar plot;Nested pie chart;Proportional area chart;Cell type proportion stacked bar
P098,Nested pie chart,multi-level pie,F05 Part-to-whole & sets,S06,Parts of a whole,D,Data-driven,niche,stub,SH,business-management,plotly,10,Stacked bar chart;100% stacked bar chart;Pie chart;Donut chart;Marimekko chart;Waffle chart;Likert plot;Taxonomic relative abundance bar plot;Proportional area chart;Cell type proportion stacked bar
P099,Sunburst diagram,radial treemap,F05 Part-to-whole & sets,S14,Hierarchy,D,Data-driven,domain-signature,standard,SH;LS,data-science;bioinformatics,plotly; sunburstR; d3,14,Treemap;Dendrogram;Decision tree diagram;Circle packing;Icicle plot;Phylogenetic tree;Time-scaled phylogeny;Tree diagram;Pedigree chart;Krona chart;Gating strategy figure;LEfSe cladogram;Organisational chart;Retrosynthesis tree
P100,Treemap,,F05 Part-to-whole & sets,S14,Hierarchy,D,Data-driven,universal,deep,SH;EE;LS,business-management;environmental-sci,treemapify; squarify; plotly,14,Dendrogram;Decision tree diagram;Sunburst diagram;Circle packing;Icicle plot;Phylogenetic tree;Time-scaled phylogeny;Tree diagram;Pedigree chart;Krona chart;Gating strategy figure;LEfSe cladogram;Organisational chart;Retrosynthesis tree
P101,Voronoi treemap,,F05 Part-to-whole & sets,S16,Values attached to geography,D,Data-driven,niche,stub,SH,data-science,voronoiTreemap; d3-voronoi-treemap,62,Choropleth map;Proportional symbol map;LISA cluster map;Small-multiple map series;Flow map;Metabolic flux map;Enrichment map;Bivariate choropleth;Cartogram;Dot density map;Isopleth map;Kernel density surface map;Hexbin map;Connection map;Origin-destination flow map;Isochrone map;Voronoi / Thiessen polygon map;Moran scatterplot;Semivariogram;Kriging interpolation surface;Spatial scan cluster map;St
P102,Circle packing,nested circles,F05 Part-to-whole & sets,S14,Hierarchy,D,Data-driven,domain-signature,standard,SH;XM,network-science,packcircles; circlepackeR,14,Treemap;Dendrogram;Decision tree diagram;Sunburst diagram;Icicle plot;Phylogenetic tree;Time-scaled phylogeny;Tree diagram;Pedigree chart;Krona chart;Gating strategy figure;LEfSe cladogram;Organisational chart;Retrosynthesis tree
P103,Icicle plot,partition plot,F05 Part-to-whole & sets,S14,Hierarchy,D,Data-driven,domain-signature,standard,XM;SH,computer-science,plotly icicle; ggraph,14,Treemap;Dendrogram;Decision tree diagram;Sunburst diagram;Circle packing;Phylogenetic tree;Time-scaled phylogeny;Tree diagram;Pedigree chart;Krona chart;Gating strategy figure;LEfSe cladogram;Organisational chart;Retrosynthesis tree
P104,Proportional area chart,,F05 Part-to-whole & sets,S06,Parts of a whole,D,Data-driven,niche,stub,SH,media-studies,ggplot2,10,Stacked bar chart;100% stacked bar chart;Pie chart;Donut chart;Marimekko chart;Waffle chart;Likert plot;Taxonomic relative abundance bar plot;Nested pie chart;Cell type proportion stacked bar
P105,Venn diagram,,F05 Part-to-whole & sets,S07,Set membership and overlap,D,Data-driven,universal,deep,LS;HM;XM,genomics;transcriptomics,ggVennDiagram; VennDiagram; matplotlib-venn,2,UpSet plot;Euler diagram
P106,Euler diagram,area-proportional Venn,F05 Part-to-whole & sets,S07,Set membership and overlap,D,Data-driven,domain-signature,standard,LS;XM,genomics;statistics,eulerr; venneuler,2,Venn diagram;UpSet plot
P107,UpSet plot,set intersection matrix plot,F05 Part-to-whole & sets,S07,Set membership and overlap,D,Data-driven,universal,deep,LS;HM;XM,genomics;bioinformatics,UpSetR; ComplexUpset; UpSetPlot (py),2,Venn diagram;Euler diagram
P108,Line chart,line graph,F06 Time series & temporal,S08,Time series,D,Data-driven,universal,deep,ALL,data-science,ggplot2::geom_line; matplotlib.plot,69,Multi-series line chart;Area chart;Stacked area chart;Step chart;Gantt chart;Timeline;Control chart;Recurrence plot;Bump chart;Stream graph;Sparkline;Horizon chart;Cycle plot;Seasonal decomposition plot;Run chart;Moving average overlay chart;Lexis diagram;Marey chart;Fan chart;Epidemic curve;Compartmental model trajectory plot;Age-period-cohort plot;Life table survival plot;Pseudotime trajectory p
P109,Multi-series line chart,,F06 Time series & temporal,S08,Time series,D,Data-driven,universal,deep,ALL,data-science,ggplot2; plotly,69,Line chart;Area chart;Stacked area chart;Step chart;Gantt chart;Timeline;Control chart;Recurrence plot;Bump chart;Stream graph;Sparkline;Horizon chart;Cycle plot;Seasonal decomposition plot;Run chart;Moving average overlay chart;Lexis diagram;Marey chart;Fan chart;Epidemic curve;Compartmental model trajectory plot;Age-period-cohort plot;Life table survival plot;Pseudotime trajectory plot;RNA veloc
P110,Area chart,,F06 Time series & temporal,S08,Time series,D,Data-driven,universal,deep,SH;EE,economics;climate,ggplot2::geom_area,69,Line chart;Multi-series line chart;Stacked area chart;Step chart;Gantt chart;Timeline;Control chart;Recurrence plot;Bump chart;Stream graph;Sparkline;Horizon chart;Cycle plot;Seasonal decomposition plot;Run chart;Moving average overlay chart;Lexis diagram;Marey chart;Fan chart;Epidemic curve;Compartmental model trajectory plot;Age-period-cohort plot;Life table survival plot;Pseudotime trajectory p
P111,Stacked area chart,,F06 Time series & temporal,S08,Time series,D,Data-driven,universal,deep,SH;EE,energy;economics,ggplot2::geom_area(position=stack),69,Line chart;Multi-series line chart;Area chart;Step chart;Gantt chart;Timeline;Control chart;Recurrence plot;Bump chart;Stream graph;Sparkline;Horizon chart;Cycle plot;Seasonal decomposition plot;Run chart;Moving average overlay chart;Lexis diagram;Marey chart;Fan chart;Epidemic curve;Compartmental model trajectory plot;Age-period-cohort plot;Life table survival plot;Pseudotime trajectory plot;RNA 
P112,Stream graph,ThemeRiver,F06 Time series & temporal,S08,Time series,D,Data-driven,domain-signature,standard,SH;LS,media-studies;microbiology,streamgraph; ggstream; d3,69,Line chart;Multi-series line chart;Area chart;Stacked area chart;Step chart;Gantt chart;Timeline;Control chart;Recurrence plot;Bump chart;Sparkline;Horizon chart;Cycle plot;Seasonal decomposition plot;Run chart;Moving average overlay chart;Lexis diagram;Marey chart;Fan chart;Epidemic curve;Compartmental model trajectory plot;Age-period-cohort plot;Life table survival plot;Pseudotime trajectory plo
P113,Step chart,staircase plot,F06 Time series & temporal,S08,Time series,D,Data-driven,universal,deep,XM;SH,statistics;finance,ggplot2::geom_step,69,Line chart;Multi-series line chart;Area chart;Stacked area chart;Gantt chart;Timeline;Control chart;Recurrence plot;Bump chart;Stream graph;Sparkline;Horizon chart;Cycle plot;Seasonal decomposition plot;Run chart;Moving average overlay chart;Lexis diagram;Marey chart;Fan chart;Epidemic curve;Compartmental model trajectory plot;Age-period-cohort plot;Life table survival plot;Pseudotime trajectory p
P114,Sparkline,,F06 Time series & temporal,S08,Time series,D,Data-driven,domain-signature,standard,SH;HM,business-management,sparkline; kableExtra,69,Line chart;Multi-series line chart;Area chart;Stacked area chart;Step chart;Gantt chart;Timeline;Control chart;Recurrence plot;Bump chart;Stream graph;Horizon chart;Cycle plot;Seasonal decomposition plot;Run chart;Moving average overlay chart;Lexis diagram;Marey chart;Fan chart;Epidemic curve;Compartmental model trajectory plot;Age-period-cohort plot;Life table survival plot;Pseudotime trajectory 
P115,Horizon chart,,F06 Time series & temporal,S08,Time series,D,Data-driven,domain-signature,standard,EE;SH,climate;finance,latticeExtra::horizonplot; ggHoriPlot,69,Line chart;Multi-series line chart;Area chart;Stacked area chart;Step chart;Gantt chart;Timeline;Control chart;Recurrence plot;Bump chart;Stream graph;Sparkline;Cycle plot;Seasonal decomposition plot;Run chart;Moving average overlay chart;Lexis diagram;Marey chart;Fan chart;Epidemic curve;Compartmental model trajectory plot;Age-period-cohort plot;Life table survival plot;Pseudotime trajectory plot
P116,Calendar heatmap,,F06 Time series & temporal,S12,Pairwise matrix,D,Data-driven,universal,deep,SH;HM;EE,public-health;climate,calendR; calmap; ggcal,15,Heatmap (categorical matrix);Correlogram;Autocorrelation plot;Confusion matrix heatmap;Clustered expression heatmap;Spiral plot;Oncoprint;Mass cytometry (CyTOF) heatmap;Antibiogram heatmap;Brain connectivity matrix;Cohort retention heatmap;Bertin reorderable matrix;Sample-sample distance heatmap;Single-cell dot plot;RFM segmentation heatmap
P117,Cycle plot,seasonal subseries plot,F06 Time series & temporal,S08,Time series,D,Data-driven,domain-signature,standard,SH;EE,economics;climate,forecast::ggsubseriesplot; feasts,69,Line chart;Multi-series line chart;Area chart;Stacked area chart;Step chart;Gantt chart;Timeline;Control chart;Recurrence plot;Bump chart;Stream graph;Sparkline;Horizon chart;Seasonal decomposition plot;Run chart;Moving average overlay chart;Lexis diagram;Marey chart;Fan chart;Epidemic curve;Compartmental model trajectory plot;Age-period-cohort plot;Life table survival plot;Pseudotime trajectory p
P118,Seasonal decomposition plot,STL plot,F06 Time series & temporal,S08,Time series,D,Data-driven,domain-signature,standard,SH;EE,econometrics;climate,stats::stl; statsmodels seasonal_decompose,69,Line chart;Multi-series line chart;Area chart;Stacked area chart;Step chart;Gantt chart;Timeline;Control chart;Recurrence plot;Bump chart;Stream graph;Sparkline;Horizon chart;Cycle plot;Run chart;Moving average overlay chart;Lexis diagram;Marey chart;Fan chart;Epidemic curve;Compartmental model trajectory plot;Age-period-cohort plot;Life table survival plot;Pseudotime trajectory plot;RNA velocity 
P119,Autocorrelation plot,ACF/PACF correlogram,F06 Time series & temporal,S12,Pairwise matrix,D,Data-driven,universal,deep,XM;SH;EE,statistics;econometrics,stats::acf; statsmodels plot_acf; forecast::ggAcf,15,Heatmap (categorical matrix);Correlogram;Calendar heatmap;Confusion matrix heatmap;Clustered expression heatmap;Spiral plot;Oncoprint;Mass cytometry (CyTOF) heatmap;Antibiogram heatmap;Brain connectivity matrix;Cohort retention heatmap;Bertin reorderable matrix;Sample-sample distance heatmap;Single-cell dot plot;RFM segmentation heatmap
P120,Lag plot,,F06 Time series & temporal,S08,Time series,D,Data-driven,niche,stub,XM,statistics,stats::lag.plot; pandas lag_plot,69,Line chart;Multi-series line chart;Area chart;Stacked area chart;Step chart;Gantt chart;Timeline;Control chart;Recurrence plot;Bump chart;Stream graph;Sparkline;Horizon chart;Cycle plot;Seasonal decomposition plot;Run chart;Moving average overlay chart;Lexis diagram;Marey chart;Fan chart;Epidemic curve;Compartmental model trajectory plot;Age-period-cohort plot;Life table survival plot;Pseudotime t
P121,Control chart,Shewhart chart; XmR; CUSUM; EWMA,F06 Time series & temporal,S08,Time series,D,Data-driven,cross-domain,standard,PE;HM;SH,quality-control;health-econ,qcc; SPC; qicharts2,69,Line chart;Multi-series line chart;Area chart;Stacked area chart;Step chart;Gantt chart;Timeline;Recurrence plot;Bump chart;Stream graph;Sparkline;Horizon chart;Cycle plot;Seasonal decomposition plot;Run chart;Moving average overlay chart;Lexis diagram;Marey chart;Fan chart;Epidemic curve;Compartmental model trajectory plot;Age-period-cohort plot;Life table survival plot;Pseudotime trajectory plot
P122,Run chart,,F06 Time series & temporal,S08,Time series,D,Data-driven,domain-signature,standard,HM;PE,quality-control,qicharts2,69,Line chart;Multi-series line chart;Area chart;Stacked area chart;Step chart;Gantt chart;Timeline;Control chart;Recurrence plot;Bump chart;Stream graph;Sparkline;Horizon chart;Cycle plot;Seasonal decomposition plot;Moving average overlay chart;Lexis diagram;Marey chart;Fan chart;Epidemic curve;Compartmental model trajectory plot;Age-period-cohort plot;Life table survival plot;Pseudotime trajectory 
P123,Gantt chart,,F06 Time series & temporal,S08,Time series,D,Data-driven,universal,deep,SH,operations;business-management,ganttrify; plotly.timeline; DiagrammeR::mermaid,69,Line chart;Multi-series line chart;Area chart;Stacked area chart;Step chart;Timeline;Control chart;Recurrence plot;Bump chart;Stream graph;Sparkline;Horizon chart;Cycle plot;Seasonal decomposition plot;Run chart;Moving average overlay chart;Lexis diagram;Marey chart;Fan chart;Epidemic curve;Compartmental model trajectory plot;Age-period-cohort plot;Life table survival plot;Pseudotime trajectory pl
P124,Timeline,,F06 Time series & temporal,S08,Time series,D,Data-driven,universal,deep,SH,history;digital-humanities,vistime; timevis,69,Line chart;Multi-series line chart;Area chart;Stacked area chart;Step chart;Gantt chart;Control chart;Recurrence plot;Bump chart;Stream graph;Sparkline;Horizon chart;Cycle plot;Seasonal decomposition plot;Run chart;Moving average overlay chart;Lexis diagram;Marey chart;Fan chart;Epidemic curve;Compartmental model trajectory plot;Age-period-cohort plot;Life table survival plot;Pseudotime trajectory
P125,Spiral plot,spiral heatmap,F06 Time series & temporal,S12,Pairwise matrix,D,Data-driven,domain-signature,standard,EE;HM,climate;epidemiology,spiralize; d3,15,Heatmap (categorical matrix);Correlogram;Calendar heatmap;Autocorrelation plot;Confusion matrix heatmap;Clustered expression heatmap;Oncoprint;Mass cytometry (CyTOF) heatmap;Antibiogram heatmap;Brain connectivity matrix;Cohort retention heatmap;Bertin reorderable matrix;Sample-sample distance heatmap;Single-cell dot plot;RFM segmentation heatmap
P126,Jump plot,,F06 Time series & temporal,S08,Time series,D,Data-driven,niche,stub,SH,data-science,d3,69,Line chart;Multi-series line chart;Area chart;Stacked area chart;Step chart;Gantt chart;Timeline;Control chart;Recurrence plot;Bump chart;Stream graph;Sparkline;Horizon chart;Cycle plot;Seasonal decomposition plot;Run chart;Moving average overlay chart;Lexis diagram;Marey chart;Fan chart;Epidemic curve;Compartmental model trajectory plot;Age-period-cohort plot;Life table survival plot;Pseudotime t
P127,Candlestick chart,Japanese candlestick,F06 Time series & temporal,S08,Time series,D,Data-driven,niche,stub,SH,finance,quantmod; mplfinance; plotly,69,Line chart;Multi-series line chart;Area chart;Stacked area chart;Step chart;Gantt chart;Timeline;Control chart;Recurrence plot;Bump chart;Stream graph;Sparkline;Horizon chart;Cycle plot;Seasonal decomposition plot;Run chart;Moving average overlay chart;Lexis diagram;Marey chart;Fan chart;Epidemic curve;Compartmental model trajectory plot;Age-period-cohort plot;Life table survival plot;Pseudotime t
P128,OHLC bar chart,open-high-low-close chart,F06 Time series & temporal,S08,Time series,D,Data-driven,niche,stub,SH,finance,quantmod; mplfinance,69,Line chart;Multi-series line chart;Area chart;Stacked area chart;Step chart;Gantt chart;Timeline;Control chart;Recurrence plot;Bump chart;Stream graph;Sparkline;Horizon chart;Cycle plot;Seasonal decomposition plot;Run chart;Moving average overlay chart;Lexis diagram;Marey chart;Fan chart;Epidemic curve;Compartmental model trajectory plot;Age-period-cohort plot;Life table survival plot;Pseudotime t
P129,Kagi chart,,F06 Time series & temporal,S08,Time series,D,Data-driven,niche,stub,SH,finance,plotly,69,Line chart;Multi-series line chart;Area chart;Stacked area chart;Step chart;Gantt chart;Timeline;Control chart;Recurrence plot;Bump chart;Stream graph;Sparkline;Horizon chart;Cycle plot;Seasonal decomposition plot;Run chart;Moving average overlay chart;Lexis diagram;Marey chart;Fan chart;Epidemic curve;Compartmental model trajectory plot;Age-period-cohort plot;Life table survival plot;Pseudotime t
P130,Renko chart,,F06 Time series & temporal,S08,Time series,D,Data-driven,niche,stub,SH,finance,mplfinance,69,Line chart;Multi-series line chart;Area chart;Stacked area chart;Step chart;Gantt chart;Timeline;Control chart;Recurrence plot;Bump chart;Stream graph;Sparkline;Horizon chart;Cycle plot;Seasonal decomposition plot;Run chart;Moving average overlay chart;Lexis diagram;Marey chart;Fan chart;Epidemic curve;Compartmental model trajectory plot;Age-period-cohort plot;Life table survival plot;Pseudotime t
P131,Point-and-figure chart,,F06 Time series & temporal,S08,Time series,D,Data-driven,niche,stub,SH,finance,TTR::pointFigure,69,Line chart;Multi-series line chart;Area chart;Stacked area chart;Step chart;Gantt chart;Timeline;Control chart;Recurrence plot;Bump chart;Stream graph;Sparkline;Horizon chart;Cycle plot;Seasonal decomposition plot;Run chart;Moving average overlay chart;Lexis diagram;Marey chart;Fan chart;Epidemic curve;Compartmental model trajectory plot;Age-period-cohort plot;Life table survival plot;Pseudotime t
P132,Moving average overlay chart,,F06 Time series & temporal,S08,Time series,D,Data-driven,domain-signature,standard,SH;EE,finance;climate,TTR; zoo::rollmean,69,Line chart;Multi-series line chart;Area chart;Stacked area chart;Step chart;Gantt chart;Timeline;Control chart;Recurrence plot;Bump chart;Stream graph;Sparkline;Horizon chart;Cycle plot;Seasonal decomposition plot;Run chart;Lexis diagram;Marey chart;Fan chart;Epidemic curve;Compartmental model trajectory plot;Age-period-cohort plot;Life table survival plot;Pseudotime trajectory plot;RNA velocity s
P133,Recurrence plot,,F06 Time series & temporal,S08,Time series,D,Data-driven,cross-domain,deep,XM;PE;HM,simulation;physics-general,nonlinearTseries; pyunicorn,69,Line chart;Multi-series line chart;Area chart;Stacked area chart;Step chart;Gantt chart;Timeline;Control chart;Bump chart;Stream graph;Sparkline;Horizon chart;Cycle plot;Seasonal decomposition plot;Run chart;Moving average overlay chart;Lexis diagram;Marey chart;Fan chart;Epidemic curve;Compartmental model trajectory plot;Age-period-cohort plot;Life table survival plot;Pseudotime trajectory plot;R
P134,Hovmoller diagram,time-latitude/longitude section,F06 Time series & temporal,S25,Surface over a two-dimensional domain,D,Data-driven,domain-signature,deep,EE,climate;atmospheric;oceanography,metR; xarray; NCL,12,Hexbin plot;2-D density plot;Contour plot;3-D surface plot;Wireframe plot;Vector field plot;Streamline plot;Exposure-lag-response surface;2-D NMR contour plot;Fence diagram
P135,Lexis diagram,,F06 Time series & temporal,S08,Time series,D,Data-driven,domain-signature,standard,SH;HM,demography;epidemiology,LexisPlotR; Epi::Lexis,69,Line chart;Multi-series line chart;Area chart;Stacked area chart;Step chart;Gantt chart;Timeline;Control chart;Recurrence plot;Bump chart;Stream graph;Sparkline;Horizon chart;Cycle plot;Seasonal decomposition plot;Run chart;Moving average overlay chart;Marey chart;Fan chart;Epidemic curve;Compartmental model trajectory plot;Age-period-cohort plot;Life table survival plot;Pseudotime trajectory plot
P136,Marey chart,train schedule chart,F06 Time series & temporal,S08,Time series,D,Data-driven,domain-signature,standard,SH,operations;human-geography,d3,69,Line chart;Multi-series line chart;Area chart;Stacked area chart;Step chart;Gantt chart;Timeline;Control chart;Recurrence plot;Bump chart;Stream graph;Sparkline;Horizon chart;Cycle plot;Seasonal decomposition plot;Run chart;Moving average overlay chart;Lexis diagram;Fan chart;Epidemic curve;Compartmental model trajectory plot;Age-period-cohort plot;Life table survival plot;Pseudotime trajectory pl
P137,Fan chart,forecast fan chart,F06 Time series & temporal,S08,Time series,D,Data-driven,domain-signature,standard,SH;EE,economics;climate,fanplot; forecast::autoplot,69,Line chart;Multi-series line chart;Area chart;Stacked area chart;Step chart;Gantt chart;Timeline;Control chart;Recurrence plot;Bump chart;Stream graph;Sparkline;Horizon chart;Cycle plot;Seasonal decomposition plot;Run chart;Moving average overlay chart;Lexis diagram;Marey chart;Epidemic curve;Compartmental model trajectory plot;Age-period-cohort plot;Life table survival plot;Pseudotime trajectory 
P138,Waterfall plot (stacked traces),3-D spectral waterfall,F06 Time series & temporal,S19,Spectrum (intensity vs ordered index),H,"Hybrid (instrument output, software-rendered)",domain-signature,standard,PE,chem-analytical;optics-photonics,matplotlib; Origin,39,Power spectral density plot;Wavelet scalogram;Spectral index map;Optical absorption spectrum;Fluorescence emission/excitation spectrum;Excitation-emission matrix contour;Infrared / FTIR spectrum;Raman spectrum;Circular dichroism spectrum;1-D NMR spectrum;Mass spectrum;MS/MS annotated fragment spectrum;Mirror plot (spectral match);Total ion chromatogram;Extracted ion chromatogram;HPLC / GC chromato
P139,Braided graph,,F06 Time series & temporal,S08,Time series,D,Data-driven,niche,stub,SH,data-science,d3,69,Line chart;Multi-series line chart;Area chart;Stacked area chart;Step chart;Gantt chart;Timeline;Control chart;Recurrence plot;Bump chart;Stream graph;Sparkline;Horizon chart;Cycle plot;Seasonal decomposition plot;Run chart;Moving average overlay chart;Lexis diagram;Marey chart;Fan chart;Epidemic curve;Compartmental model trajectory plot;Age-period-cohort plot;Life table survival plot;Pseudotime t
P140,Node-link network diagram,graph diagram; sociogram,F07 Networks & hierarchies,S13,Nodes and edges,D,Data-driven,universal,deep,XM;SH;LS,network-science;sociology,igraph; ggraph; networkx; Gephi; Cytoscape,24,Chord diagram;Force-directed graph;Arc diagram;Adjacency matrix plot;Hive plot;Bipartite network plot;Transmission tree;Pathway diagram;Gene regulatory network plot;Protein-protein interaction network;Haplotype network;Psychometric network plot;Emissions / scenario pathway plot;Connectogram;Blockmodel image matrix;Sociogram;Migration flow chord / circular plot;Correlation network (assets);Non-ribb
P141,Force-directed graph,,F07 Networks & hierarchies,S13,Nodes and edges,D,Data-driven,cross-domain,standard,XM;LS;SH,network-science,d3-force; networkD3; Gephi,24,Node-link network diagram;Chord diagram;Arc diagram;Adjacency matrix plot;Hive plot;Bipartite network plot;Transmission tree;Pathway diagram;Gene regulatory network plot;Protein-protein interaction network;Haplotype network;Psychometric network plot;Emissions / scenario pathway plot;Connectogram;Blockmodel image matrix;Sociogram;Migration flow chord / circular plot;Correlation network (assets);Non
P142,Adjacency matrix plot,,F07 Networks & hierarchies,S13,Nodes and edges,D,Data-driven,domain-signature,standard,XM;LS,network-science,ggraph; seaborn.heatmap,24,Node-link network diagram;Chord diagram;Force-directed graph;Arc diagram;Hive plot;Bipartite network plot;Transmission tree;Pathway diagram;Gene regulatory network plot;Protein-protein interaction network;Haplotype network;Psychometric network plot;Emissions / scenario pathway plot;Connectogram;Blockmodel image matrix;Sociogram;Migration flow chord / circular plot;Correlation network (assets);Non-
P143,Arc diagram,,F07 Networks & hierarchies,S13,Nodes and edges,D,Data-driven,cross-domain,standard,XM;SH;LS,network-science;genomics,ggraph::geom_edge_arc; arcdiagram,24,Node-link network diagram;Chord diagram;Force-directed graph;Adjacency matrix plot;Hive plot;Bipartite network plot;Transmission tree;Pathway diagram;Gene regulatory network plot;Protein-protein interaction network;Haplotype network;Psychometric network plot;Emissions / scenario pathway plot;Connectogram;Blockmodel image matrix;Sociogram;Migration flow chord / circular plot;Correlation network (as
P144,Chord diagram,circular relationship diagram,F07 Networks & hierarchies,S13,Nodes and edges,D,Data-driven,universal,deep,LS;SH;EE,genomics;demography,circlize::chordDiagram; d3-chord,24,Node-link network diagram;Force-directed graph;Arc diagram;Adjacency matrix plot;Hive plot;Bipartite network plot;Transmission tree;Pathway diagram;Gene regulatory network plot;Protein-protein interaction network;Haplotype network;Psychometric network plot;Emissions / scenario pathway plot;Connectogram;Blockmodel image matrix;Sociogram;Migration flow chord / circular plot;Correlation network (asse
P145,Non-ribbon chord diagram,,F07 Networks & hierarchies,S13,Nodes and edges,D,Data-driven,niche,stub,XM,network-science,d3,24,Node-link network diagram;Chord diagram;Force-directed graph;Arc diagram;Adjacency matrix plot;Hive plot;Bipartite network plot;Transmission tree;Pathway diagram;Gene regulatory network plot;Protein-protein interaction network;Haplotype network;Psychometric network plot;Emissions / scenario pathway plot;Connectogram;Blockmodel image matrix;Sociogram;Migration flow chord / circular plot;Correlation
P146,Hive plot,,F07 Networks & hierarchies,S13,Nodes and edges,D,Data-driven,domain-signature,standard,LS;XM,systems-biology;network-science,HiveR; jhive,24,Node-link network diagram;Chord diagram;Force-directed graph;Arc diagram;Adjacency matrix plot;Bipartite network plot;Transmission tree;Pathway diagram;Gene regulatory network plot;Protein-protein interaction network;Haplotype network;Psychometric network plot;Emissions / scenario pathway plot;Connectogram;Blockmodel image matrix;Sociogram;Migration flow chord / circular plot;Correlation network (
P147,Sankey diagram,,F07 Networks & hierarchies,S15,Flows between states,D,Data-driven,universal,deep,EE;SH;HM,energy;clinical-trials,networkD3; ggalluvial; plotly; SankeyMATIC,9,Alluvial diagram;Parallel sets;PRISMA flow diagram;Care cascade plot;Land use change Sankey;Funnel chart;Cumulative flow diagram;CONSORT flow diagram;Three-fields Sankey (bibliometrix)
P148,Alluvial diagram,,F07 Networks & hierarchies,S15,Flows between states,D,Data-driven,universal,deep,HM;SH;LS,epidemiology;single-cell,ggalluvial; easyalluvial,9,Sankey diagram;Parallel sets;PRISMA flow diagram;Care cascade plot;Land use change Sankey;Funnel chart;Cumulative flow diagram;CONSORT flow diagram;Three-fields Sankey (bibliometrix)
P149,Parallel sets,categorical parallel coordinates,F07 Networks & hierarchies,S15,Flows between states,D,Data-driven,domain-signature,standard,SH;XM,sociology;data-science,ggforce::geom_parallel_sets; d3,9,Sankey diagram;Alluvial diagram;PRISMA flow diagram;Care cascade plot;Land use change Sankey;Funnel chart;Cumulative flow diagram;CONSORT flow diagram;Three-fields Sankey (bibliometrix)
P150,Flow map,,F07 Networks & hierarchies,S16,Values attached to geography,D,Data-driven,domain-signature,standard,SH;EE,human-geography;demography,flowmapblue; ggplot2+sf,62,Choropleth map;Proportional symbol map;LISA cluster map;Small-multiple map series;Metabolic flux map;Enrichment map;Bivariate choropleth;Cartogram;Dot density map;Isopleth map;Kernel density surface map;Hexbin map;Connection map;Origin-destination flow map;Isochrone map;Voronoi / Thiessen polygon map;Moran scatterplot;Semivariogram;Kriging interpolation surface;Spatial scan cluster map;Standardise
P151,Dendrogram,hierarchical clustering tree,F07 Networks & hierarchies,S14,Hierarchy,D,Data-driven,universal,deep,LS;XM;SH,transcriptomics;statistics,stats::hclust; ggdendro; dendextend; scipy.cluster,14,Treemap;Decision tree diagram;Sunburst diagram;Circle packing;Icicle plot;Phylogenetic tree;Time-scaled phylogeny;Tree diagram;Pedigree chart;Krona chart;Gating strategy figure;LEfSe cladogram;Organisational chart;Retrosynthesis tree
P152,Tanglegram,,F07 Networks & hierarchies,S04,Paired or repeated measurements on the same units,D,Data-driven,domain-signature,standard,LS,evolution;microbiology,dendextend::tanglegram; ape::cophyloplot,4,Span chart;Dumbbell plot;Slope graph;Connected scatter plot
P153,Phylogenetic tree,cladogram; phylogram; unrooted tree,F07 Networks & hierarchies,S14,Hierarchy,D,Data-driven,domain-signature,standard,LS,evolution;microbiology;genomics,ggtree; ape; ETE3; iTOL; FigTree,14,Treemap;Dendrogram;Decision tree diagram;Sunburst diagram;Circle packing;Icicle plot;Time-scaled phylogeny;Tree diagram;Pedigree chart;Krona chart;Gating strategy figure;LEfSe cladogram;Organisational chart;Retrosynthesis tree
P154,Time-scaled phylogeny,phylodynamic tree; BEAST tree,F07 Networks & hierarchies,S14,Hierarchy,D,Data-driven,domain-signature,standard,LS;HM,evolution;infectious-disease,ggtree; BEAST/TreeAnnotator; treeio,14,Treemap;Dendrogram;Decision tree diagram;Sunburst diagram;Circle packing;Icicle plot;Phylogenetic tree;Tree diagram;Pedigree chart;Krona chart;Gating strategy figure;LEfSe cladogram;Organisational chart;Retrosynthesis tree
P155,Tree diagram,hierarchy tree,F07 Networks & hierarchies,S14,Hierarchy,D,Data-driven,domain-signature,standard,XM;SH,computer-science,ggraph; DiagrammeR,14,Treemap;Dendrogram;Decision tree diagram;Sunburst diagram;Circle packing;Icicle plot;Phylogenetic tree;Time-scaled phylogeny;Pedigree chart;Krona chart;Gating strategy figure;LEfSe cladogram;Organisational chart;Retrosynthesis tree
P156,Decision tree diagram,,F07 Networks & hierarchies,S14,Hierarchy,D,Data-driven,universal,deep,XM;HM,machine-learning,rpart.plot; sklearn.tree.plot_tree; DiagrammeR,14,Treemap;Dendrogram;Sunburst diagram;Circle packing;Icicle plot;Phylogenetic tree;Time-scaled phylogeny;Tree diagram;Pedigree chart;Krona chart;Gating strategy figure;LEfSe cladogram;Organisational chart;Retrosynthesis tree
P157,Circos plot,circular genome plot,F07 Networks & hierarchies,S23,Values along genomic coordinate,D,Data-driven,domain-signature,standard,LS,genomics;cancer-biology,circlize; Circos; pyCircos,22,Ideogram / karyotype plot;Manhattan plot;Miami plot;LocusZoom plot;Metagene profile plot;Copy number profile plot;Fish plot;Synteny dot plot;Multiple sequence alignment plot;Admixture / STRUCTURE bar plot;Karyotype / chromosome painting plot;Circular Manhattan plot;Linkage disequilibrium heatmap;Sashimi plot;Genome browser track plot;Read coverage / pileup plot;Peak-centred heatmap;Peak annotation
P158,Ideogram / karyotype plot,,F07 Networks & hierarchies,S23,Values along genomic coordinate,D,Data-driven,domain-signature,standard,LS;HM,genomics;genetics-clinical,karyoploteR; RIdeogram; chromoMap,22,Circos plot;Manhattan plot;Miami plot;LocusZoom plot;Metagene profile plot;Copy number profile plot;Fish plot;Synteny dot plot;Multiple sequence alignment plot;Admixture / STRUCTURE bar plot;Karyotype / chromosome painting plot;Circular Manhattan plot;Linkage disequilibrium heatmap;Sashimi plot;Genome browser track plot;Read coverage / pileup plot;Peak-centred heatmap;Peak annotation pie / bar plo
P159,Bipartite network plot,,F07 Networks & hierarchies,S13,Nodes and edges,D,Data-driven,domain-signature,standard,LS;SH,ecology;network-science,bipartite; bipartiteD3; networkx,24,Node-link network diagram;Chord diagram;Force-directed graph;Arc diagram;Adjacency matrix plot;Hive plot;Transmission tree;Pathway diagram;Gene regulatory network plot;Protein-protein interaction network;Haplotype network;Psychometric network plot;Emissions / scenario pathway plot;Connectogram;Blockmodel image matrix;Sociogram;Migration flow chord / circular plot;Correlation network (assets);Non-r
P160,Directed acyclic graph,DAG; causal diagram,F07 Networks & hierarchies,S27,Schematic (no data),C,Conceptual / schematic,domain-signature,standard,HM;SH,epidemiology;econometrics,dagitty; ggdag; DiagrammeR,25,Flow chart;Molecular orbital diagram;Jablonski diagram;Feynman diagram;Energy level diagram;Ishikawa diagram;Experimental design schematic;Mechanism / signalling pathway cartoon;Anatomical / physiological diagram;Causal loop diagram;Logic model / theory of change;Conceptual framework diagram;Engineering drawing / CAD orthographic view;Free-body diagram;Bathtub curve;Ray diagram;Geological cross-se
P161,Transmission tree,outbreak transmission network,F07 Networks & hierarchies,S13,Nodes and edges,D,Data-driven,domain-signature,standard,HM;LS,infectious-disease;epidemiology,outbreaker2; epicontacts; TransPhylo,24,Node-link network diagram;Chord diagram;Force-directed graph;Arc diagram;Adjacency matrix plot;Hive plot;Bipartite network plot;Pathway diagram;Gene regulatory network plot;Protein-protein interaction network;Haplotype network;Psychometric network plot;Emissions / scenario pathway plot;Connectogram;Blockmodel image matrix;Sociogram;Migration flow chord / circular plot;Correlation network (assets);
P162,Contact network,contact tracing graph,F07 Networks & hierarchies,S13,Nodes and edges,D,Data-driven,niche,stub,HM,epidemiology,epicontacts; igraph,24,Node-link network diagram;Chord diagram;Force-directed graph;Arc diagram;Adjacency matrix plot;Hive plot;Bipartite network plot;Transmission tree;Pathway diagram;Gene regulatory network plot;Protein-protein interaction network;Haplotype network;Psychometric network plot;Emissions / scenario pathway plot;Connectogram;Blockmodel image matrix;Sociogram;Migration flow chord / circular plot;Correlation
P163,Metabolic flux map,,F07 Networks & hierarchies,S16,Values attached to geography,D,Data-driven,domain-signature,standard,LS,systems-biology;metabolomics,Escher; COBRApy,62,Choropleth map;Proportional symbol map;LISA cluster map;Small-multiple map series;Flow map;Enrichment map;Bivariate choropleth;Cartogram;Dot density map;Isopleth map;Kernel density surface map;Hexbin map;Connection map;Origin-destination flow map;Isochrone map;Voronoi / Thiessen polygon map;Moran scatterplot;Semivariogram;Kriging interpolation surface;Spatial scan cluster map;Standardised mortalit
P164,Pathway diagram,KEGG map; Reactome diagram; SBGN map,F07 Networks & hierarchies,S13,Nodes and edges,H,"Hybrid (instrument output, software-rendered)",domain-signature,standard,LS;HM,systems-biology;bioinformatics,pathview; ggkegg; CellDesigner; Cytoscape,24,Node-link network diagram;Chord diagram;Force-directed graph;Arc diagram;Adjacency matrix plot;Hive plot;Bipartite network plot;Transmission tree;Gene regulatory network plot;Protein-protein interaction network;Haplotype network;Psychometric network plot;Emissions / scenario pathway plot;Connectogram;Blockmodel image matrix;Sociogram;Migration flow chord / circular plot;Correlation network (assets
P165,Gene regulatory network plot,,F07 Networks & hierarchies,S13,Nodes and edges,D,Data-driven,domain-signature,standard,LS,systems-biology;transcriptomics,igraph; Cytoscape; SCENIC,24,Node-link network diagram;Chord diagram;Force-directed graph;Arc diagram;Adjacency matrix plot;Hive plot;Bipartite network plot;Transmission tree;Pathway diagram;Protein-protein interaction network;Haplotype network;Psychometric network plot;Emissions / scenario pathway plot;Connectogram;Blockmodel image matrix;Sociogram;Migration flow chord / circular plot;Correlation network (assets);Non-ribbon 
P166,Protein-protein interaction network,,F07 Networks & hierarchies,S13,Nodes and edges,D,Data-driven,domain-signature,standard,LS,proteomics;systems-biology,STRING; Cytoscape; igraph,24,Node-link network diagram;Chord diagram;Force-directed graph;Arc diagram;Adjacency matrix plot;Hive plot;Bipartite network plot;Transmission tree;Pathway diagram;Gene regulatory network plot;Haplotype network;Psychometric network plot;Emissions / scenario pathway plot;Connectogram;Blockmodel image matrix;Sociogram;Migration flow chord / circular plot;Correlation network (assets);Non-ribbon chord d
P167,Enrichment map,EMAP; functional network,F07 Networks & hierarchies,S16,Values attached to geography,D,Data-driven,domain-signature,standard,LS,bioinformatics;transcriptomics,enrichplot::emapplot; Cytoscape EnrichmentMap,62,Choropleth map;Proportional symbol map;LISA cluster map;Small-multiple map series;Flow map;Metabolic flux map;Bivariate choropleth;Cartogram;Dot density map;Isopleth map;Kernel density surface map;Hexbin map;Connection map;Origin-destination flow map;Isochrone map;Voronoi / Thiessen polygon map;Moran scatterplot;Semivariogram;Kriging interpolation surface;Spatial scan cluster map;Standardised mort
P168,Gene-concept network,cnetplot,F07 Networks & hierarchies,S13,Nodes and edges,D,Data-driven,niche,stub,LS,bioinformatics,enrichplot::cnetplot,24,Node-link network diagram;Chord diagram;Force-directed graph;Arc diagram;Adjacency matrix plot;Hive plot;Bipartite network plot;Transmission tree;Pathway diagram;Gene regulatory network plot;Protein-protein interaction network;Haplotype network;Psychometric network plot;Emissions / scenario pathway plot;Connectogram;Blockmodel image matrix;Sociogram;Migration flow chord / circular plot;Correlation
P169,Choropleth map,,F08 Maps & spatial,S16,Values attached to geography,D,Data-driven,universal,deep,SH;EE;HM,human-geography;public-health,sf+ggplot2; tmap; geopandas; leaflet,62,Proportional symbol map;LISA cluster map;Small-multiple map series;Flow map;Metabolic flux map;Enrichment map;Bivariate choropleth;Cartogram;Dot density map;Isopleth map;Kernel density surface map;Hexbin map;Connection map;Origin-destination flow map;Isochrone map;Voronoi / Thiessen polygon map;Moran scatterplot;Semivariogram;Kriging interpolation surface;Spatial scan cluster map;Standardised mort
P170,Bivariate choropleth,,F08 Maps & spatial,S16,Values attached to geography,D,Data-driven,domain-signature,standard,SH;EE,human-geography;environmental-sci,biscale; bivariatechoropleths,62,Choropleth map;Proportional symbol map;LISA cluster map;Small-multiple map series;Flow map;Metabolic flux map;Enrichment map;Cartogram;Dot density map;Isopleth map;Kernel density surface map;Hexbin map;Connection map;Origin-destination flow map;Isochrone map;Voronoi / Thiessen polygon map;Moran scatterplot;Semivariogram;Kriging interpolation surface;Spatial scan cluster map;Standardised mortality/
P171,Cartogram,contiguous / non-contiguous / Dorling cartogram,F08 Maps & spatial,S16,Values attached to geography,D,Data-driven,domain-signature,standard,SH;HM,political-science;public-health,cartogram; cartogramR; ScapeToad,62,Choropleth map;Proportional symbol map;LISA cluster map;Small-multiple map series;Flow map;Metabolic flux map;Enrichment map;Bivariate choropleth;Dot density map;Isopleth map;Kernel density surface map;Hexbin map;Connection map;Origin-destination flow map;Isochrone map;Voronoi / Thiessen polygon map;Moran scatterplot;Semivariogram;Kriging interpolation surface;Spatial scan cluster map;Standardised
P172,Dot density map,,F08 Maps & spatial,S16,Values attached to geography,D,Data-driven,domain-signature,standard,SH;HM,demography;epidemiology,sf; tmap,62,Choropleth map;Proportional symbol map;LISA cluster map;Small-multiple map series;Flow map;Metabolic flux map;Enrichment map;Bivariate choropleth;Cartogram;Isopleth map;Kernel density surface map;Hexbin map;Connection map;Origin-destination flow map;Isochrone map;Voronoi / Thiessen polygon map;Moran scatterplot;Semivariogram;Kriging interpolation surface;Spatial scan cluster map;Standardised morta
P173,Proportional symbol map,bubble map; graduated symbol map,F08 Maps & spatial,S16,Values attached to geography,D,Data-driven,cross-domain,standard,SH;EE;HM,human-geography;natural-hazards,tmap; ggplot2+sf; leaflet,62,Choropleth map;LISA cluster map;Small-multiple map series;Flow map;Metabolic flux map;Enrichment map;Bivariate choropleth;Cartogram;Dot density map;Isopleth map;Kernel density surface map;Hexbin map;Connection map;Origin-destination flow map;Isochrone map;Voronoi / Thiessen polygon map;Moran scatterplot;Semivariogram;Kriging interpolation surface;Spatial scan cluster map;Standardised mortality/inc
P174,Isopleth map,isarithmic map; contour map,F08 Maps & spatial,S16,Values attached to geography,D,Data-driven,domain-signature,standard,EE,atmospheric;hydrology,metR; gstat; matplotlib.contour,62,Choropleth map;Proportional symbol map;LISA cluster map;Small-multiple map series;Flow map;Metabolic flux map;Enrichment map;Bivariate choropleth;Cartogram;Dot density map;Kernel density surface map;Hexbin map;Connection map;Origin-destination flow map;Isochrone map;Voronoi / Thiessen polygon map;Moran scatterplot;Semivariogram;Kriging interpolation surface;Spatial scan cluster map;Standardised mo
P175,Kernel density surface map,hotspot map,F08 Maps & spatial,S16,Values attached to geography,D,Data-driven,domain-signature,standard,SH;HM,criminology;epidemiology,spatstat; ggplot2::stat_density_2d,62,Choropleth map;Proportional symbol map;LISA cluster map;Small-multiple map series;Flow map;Metabolic flux map;Enrichment map;Bivariate choropleth;Cartogram;Dot density map;Isopleth map;Hexbin map;Connection map;Origin-destination flow map;Isochrone map;Voronoi / Thiessen polygon map;Moran scatterplot;Semivariogram;Kriging interpolation surface;Spatial scan cluster map;Standardised mortality/incide
P176,Hexbin map,tile grid map; tilegram,F08 Maps & spatial,S16,Values attached to geography,D,Data-driven,domain-signature,standard,SH,political-science;human-geography,geogrid; tilegramsR; d3-hexbin,62,Choropleth map;Proportional symbol map;LISA cluster map;Small-multiple map series;Flow map;Metabolic flux map;Enrichment map;Bivariate choropleth;Cartogram;Dot density map;Isopleth map;Kernel density surface map;Connection map;Origin-destination flow map;Isochrone map;Voronoi / Thiessen polygon map;Moran scatterplot;Semivariogram;Kriging interpolation surface;Spatial scan cluster map;Standardised 
P177,Connection map,great-circle map; desire line map,F08 Maps & spatial,S16,Values attached to geography,D,Data-driven,domain-signature,standard,SH;EE,human-geography;demography,stplanr; ggplot2+sf; geosphere,62,Choropleth map;Proportional symbol map;LISA cluster map;Small-multiple map series;Flow map;Metabolic flux map;Enrichment map;Bivariate choropleth;Cartogram;Dot density map;Isopleth map;Kernel density surface map;Hexbin map;Origin-destination flow map;Isochrone map;Voronoi / Thiessen polygon map;Moran scatterplot;Semivariogram;Kriging interpolation surface;Spatial scan cluster map;Standardised mort
P178,Origin-destination flow map,,F08 Maps & spatial,S16,Values attached to geography,D,Data-driven,domain-signature,standard,SH,human-geography;operations,stplanr; flowmapblue,62,Choropleth map;Proportional symbol map;LISA cluster map;Small-multiple map series;Flow map;Metabolic flux map;Enrichment map;Bivariate choropleth;Cartogram;Dot density map;Isopleth map;Kernel density surface map;Hexbin map;Connection map;Isochrone map;Voronoi / Thiessen polygon map;Moran scatterplot;Semivariogram;Kriging interpolation surface;Spatial scan cluster map;Standardised mortality/inciden
P179,Isochrone map,travel-time map,F08 Maps & spatial,S16,Values attached to geography,D,Data-driven,domain-signature,standard,SH;HM,human-geography;health-econ,osrm; r5r; OpenRouteService,62,Choropleth map;Proportional symbol map;LISA cluster map;Small-multiple map series;Flow map;Metabolic flux map;Enrichment map;Bivariate choropleth;Cartogram;Dot density map;Isopleth map;Kernel density surface map;Hexbin map;Connection map;Origin-destination flow map;Voronoi / Thiessen polygon map;Moran scatterplot;Semivariogram;Kriging interpolation surface;Spatial scan cluster map;Standardised mor
P180,Voronoi / Thiessen polygon map,,F08 Maps & spatial,S16,Values attached to geography,D,Data-driven,domain-signature,standard,EE;SH,hydrology;human-geography,deldir; sf::st_voronoi,62,Choropleth map;Proportional symbol map;LISA cluster map;Small-multiple map series;Flow map;Metabolic flux map;Enrichment map;Bivariate choropleth;Cartogram;Dot density map;Isopleth map;Kernel density surface map;Hexbin map;Connection map;Origin-destination flow map;Isochrone map;Moran scatterplot;Semivariogram;Kriging interpolation surface;Spatial scan cluster map;Standardised mortality/incidence 
P181,LISA cluster map,spatial autocorrelation map; Moran cluster map,F08 Maps & spatial,S16,Values attached to geography,D,Data-driven,cross-domain,standard,SH;HM;EE,human-geography;epidemiology,spdep; rgeoda; GeoDa; PySAL,62,Choropleth map;Proportional symbol map;Small-multiple map series;Flow map;Metabolic flux map;Enrichment map;Bivariate choropleth;Cartogram;Dot density map;Isopleth map;Kernel density surface map;Hexbin map;Connection map;Origin-destination flow map;Isochrone map;Voronoi / Thiessen polygon map;Moran scatterplot;Semivariogram;Kriging interpolation surface;Spatial scan cluster map;Standardised mortal
P182,Moran scatterplot,,F08 Maps & spatial,S16,Values attached to geography,D,Data-driven,domain-signature,standard,SH;EE,human-geography;environmental-sci,spdep::moran.plot; PySAL,62,Choropleth map;Proportional symbol map;LISA cluster map;Small-multiple map series;Flow map;Metabolic flux map;Enrichment map;Bivariate choropleth;Cartogram;Dot density map;Isopleth map;Kernel density surface map;Hexbin map;Connection map;Origin-destination flow map;Isochrone map;Voronoi / Thiessen polygon map;Semivariogram;Kriging interpolation surface;Spatial scan cluster map;Standardised mortali
P183,Semivariogram,variogram,F08 Maps & spatial,S16,Values attached to geography,D,Data-driven,domain-signature,standard,EE,soil-science;geology,gstat; geoR; scikit-gstat,62,Choropleth map;Proportional symbol map;LISA cluster map;Small-multiple map series;Flow map;Metabolic flux map;Enrichment map;Bivariate choropleth;Cartogram;Dot density map;Isopleth map;Kernel density surface map;Hexbin map;Connection map;Origin-destination flow map;Isochrone map;Voronoi / Thiessen polygon map;Moran scatterplot;Kriging interpolation surface;Spatial scan cluster map;Standardised mor
P184,Kriging interpolation surface,,F08 Maps & spatial,S16,Values attached to geography,D,Data-driven,domain-signature,standard,EE,soil-science;hydrology;geochemistry,gstat; automap; PyKrige,62,Choropleth map;Proportional symbol map;LISA cluster map;Small-multiple map series;Flow map;Metabolic flux map;Enrichment map;Bivariate choropleth;Cartogram;Dot density map;Isopleth map;Kernel density surface map;Hexbin map;Connection map;Origin-destination flow map;Isochrone map;Voronoi / Thiessen polygon map;Moran scatterplot;Semivariogram;Spatial scan cluster map;Standardised mortality/incidence
P185,Spatial scan cluster map,SaTScan cluster map,F08 Maps & spatial,S16,Values attached to geography,D,Data-driven,domain-signature,standard,HM,epidemiology;public-health,SaTScan; scanstatistics; smerc,62,Choropleth map;Proportional symbol map;LISA cluster map;Small-multiple map series;Flow map;Metabolic flux map;Enrichment map;Bivariate choropleth;Cartogram;Dot density map;Isopleth map;Kernel density surface map;Hexbin map;Connection map;Origin-destination flow map;Isochrone map;Voronoi / Thiessen polygon map;Moran scatterplot;Semivariogram;Kriging interpolation surface;Standardised mortality/inci
P186,Standardised mortality/incidence ratio map,,F08 Maps & spatial,S16,Values attached to geography,D,Data-driven,domain-signature,standard,HM,epidemiology;public-health,SpatialEpi; INLA,62,Choropleth map;Proportional symbol map;LISA cluster map;Small-multiple map series;Flow map;Metabolic flux map;Enrichment map;Bivariate choropleth;Cartogram;Dot density map;Isopleth map;Kernel density surface map;Hexbin map;Connection map;Origin-destination flow map;Isochrone map;Voronoi / Thiessen polygon map;Moran scatterplot;Semivariogram;Kriging interpolation surface;Spatial scan cluster map;La
P187,Satellite / raster imagery map,true-colour composite,F08 Maps & spatial,S16,Values attached to geography,H,"Hybrid (instrument output, software-rendered)",niche,stub,EE,remote-sensing,terra; raster; rasterio; Google Earth Engine,62,Choropleth map;Proportional symbol map;LISA cluster map;Small-multiple map series;Flow map;Metabolic flux map;Enrichment map;Bivariate choropleth;Cartogram;Dot density map;Isopleth map;Kernel density surface map;Hexbin map;Connection map;Origin-destination flow map;Isochrone map;Voronoi / Thiessen polygon map;Moran scatterplot;Semivariogram;Kriging interpolation surface;Spatial scan cluster map;St
P188,Spectral index map,NDVI / EVI / NDWI map,F08 Maps & spatial,S19,Spectrum (intensity vs ordered index),H,"Hybrid (instrument output, software-rendered)",domain-signature,standard,EE;LS,remote-sensing;plant-science,terra; Google Earth Engine; rasterio,39,Power spectral density plot;Wavelet scalogram;Waterfall plot (stacked traces);Optical absorption spectrum;Fluorescence emission/excitation spectrum;Excitation-emission matrix contour;Infrared / FTIR spectrum;Raman spectrum;Circular dichroism spectrum;1-D NMR spectrum;Mass spectrum;MS/MS annotated fragment spectrum;Mirror plot (spectral match);Total ion chromatogram;Extracted ion chromatogram;HPLC 
P189,Land cover classification map,,F08 Maps & spatial,S16,Values attached to geography,D,Data-driven,domain-signature,standard,EE,remote-sensing;environmental-sci,terra; randomForest; GEE,62,Choropleth map;Proportional symbol map;LISA cluster map;Small-multiple map series;Flow map;Metabolic flux map;Enrichment map;Bivariate choropleth;Cartogram;Dot density map;Isopleth map;Kernel density surface map;Hexbin map;Connection map;Origin-destination flow map;Isochrone map;Voronoi / Thiessen polygon map;Moran scatterplot;Semivariogram;Kriging interpolation surface;Spatial scan cluster map;St
P190,Digital elevation model / hillshade,,F08 Maps & spatial,S16,Values attached to geography,H,"Hybrid (instrument output, software-rendered)",domain-signature,standard,EE,physical-geography;geology,terra; whitebox; rayshader,62,Choropleth map;Proportional symbol map;LISA cluster map;Small-multiple map series;Flow map;Metabolic flux map;Enrichment map;Bivariate choropleth;Cartogram;Dot density map;Isopleth map;Kernel density surface map;Hexbin map;Connection map;Origin-destination flow map;Isochrone map;Voronoi / Thiessen polygon map;Moran scatterplot;Semivariogram;Kriging interpolation surface;Spatial scan cluster map;St
P191,Bathymetric map,,F08 Maps & spatial,S16,Values attached to geography,H,"Hybrid (instrument output, software-rendered)",niche,stub,EE,oceanography,marmap; GEBCO; oce,62,Choropleth map;Proportional symbol map;LISA cluster map;Small-multiple map series;Flow map;Metabolic flux map;Enrichment map;Bivariate choropleth;Cartogram;Dot density map;Isopleth map;Kernel density surface map;Hexbin map;Connection map;Origin-destination flow map;Isochrone map;Voronoi / Thiessen polygon map;Moran scatterplot;Semivariogram;Kriging interpolation surface;Spatial scan cluster map;St
P192,Space-time cube,,F08 Maps & spatial,S16,Values attached to geography,D,Data-driven,domain-signature,standard,SH;EE,human-geography;criminology,stcube (ArcGIS); cubble,62,Choropleth map;Proportional symbol map;LISA cluster map;Small-multiple map series;Flow map;Metabolic flux map;Enrichment map;Bivariate choropleth;Cartogram;Dot density map;Isopleth map;Kernel density surface map;Hexbin map;Connection map;Origin-destination flow map;Isochrone map;Voronoi / Thiessen polygon map;Moran scatterplot;Semivariogram;Kriging interpolation surface;Spatial scan cluster map;St
P193,Map projection comparison plot,,F08 Maps & spatial,S16,Values attached to geography,D,Data-driven,domain-signature,standard,EE;SH,physical-geography,sf; proj; d3-geo,62,Choropleth map;Proportional symbol map;LISA cluster map;Small-multiple map series;Flow map;Metabolic flux map;Enrichment map;Bivariate choropleth;Cartogram;Dot density map;Isopleth map;Kernel density surface map;Hexbin map;Connection map;Origin-destination flow map;Isochrone map;Voronoi / Thiessen polygon map;Moran scatterplot;Semivariogram;Kriging interpolation surface;Spatial scan cluster map;St
P194,Small-multiple map series,map matrix,F08 Maps & spatial,S16,Values attached to geography,D,Data-driven,cross-domain,standard,EE;SH;HM,remote-sensing;public-health,tmap::tm_facets; ggplot2::facet_wrap,62,Choropleth map;Proportional symbol map;LISA cluster map;Flow map;Metabolic flux map;Enrichment map;Bivariate choropleth;Cartogram;Dot density map;Isopleth map;Kernel density surface map;Hexbin map;Connection map;Origin-destination flow map;Isochrone map;Voronoi / Thiessen polygon map;Moran scatterplot;Semivariogram;Kriging interpolation surface;Spatial scan cluster map;Standardised mortality/incid
P195,Synoptic weather chart,surface pressure chart,F08 Maps & spatial,S16,Values attached to geography,H,"Hybrid (instrument output, software-rendered)",niche,stub,EE,atmospheric,MetPy; NCL; GrADS,62,Choropleth map;Proportional symbol map;LISA cluster map;Small-multiple map series;Flow map;Metabolic flux map;Enrichment map;Bivariate choropleth;Cartogram;Dot density map;Isopleth map;Kernel density surface map;Hexbin map;Connection map;Origin-destination flow map;Isochrone map;Voronoi / Thiessen polygon map;Moran scatterplot;Semivariogram;Kriging interpolation surface;Spatial scan cluster map;St
P196,Animal movement track map,telemetry track,F08 Maps & spatial,S16,Values attached to geography,D,Data-driven,domain-signature,standard,LS,zoology-behaviour;ecology,move; adehabitatLT; moveVis,62,Choropleth map;Proportional symbol map;LISA cluster map;Small-multiple map series;Flow map;Metabolic flux map;Enrichment map;Bivariate choropleth;Cartogram;Dot density map;Isopleth map;Kernel density surface map;Hexbin map;Connection map;Origin-destination flow map;Isochrone map;Voronoi / Thiessen polygon map;Moran scatterplot;Semivariogram;Kriging interpolation surface;Spatial scan cluster map;St
P197,Error bars,SD / SEM / 95% CI bars,F09 Uncertainty & Bayesian,S18,Effect estimates with uncertainty,D,Data-driven,universal,deep,LS;HM;PE;XM,biological-techniques;statistics,ggplot2::geom_errorbar; matplotlib.errorbar,25,Coefficient plot;Confidence ribbon;Forest plot;Caterpillar plot;Prediction interval plot;Tornado diagram;Gradient interval / eye plot / half-eye plot;Radial plot (Galbraith);Meta-regression bubble plot;Effect direction plot;Institutional funnel plot;Free energy landscape plot;Cost-effectiveness acceptability curve;Funnel plot (publication bias);Contour-enhanced funnel plot;L'Abbe plot;Baujat plot;
P198,Confidence ribbon,confidence band,F09 Uncertainty & Bayesian,S18,Effect estimates with uncertainty,D,Data-driven,universal,deep,ALL,statistics,ggplot2::geom_ribbon,25,Coefficient plot;Error bars;Forest plot;Caterpillar plot;Prediction interval plot;Tornado diagram;Gradient interval / eye plot / half-eye plot;Radial plot (Galbraith);Meta-regression bubble plot;Effect direction plot;Institutional funnel plot;Free energy landscape plot;Cost-effectiveness acceptability curve;Funnel plot (publication bias);Contour-enhanced funnel plot;L'Abbe plot;Baujat plot;League 
P199,Prediction interval plot,,F09 Uncertainty & Bayesian,S18,Effect estimates with uncertainty,D,Data-driven,cross-domain,standard,XM;SH;EE,statistics;econometrics,ggplot2; forecast,25,Coefficient plot;Error bars;Confidence ribbon;Forest plot;Caterpillar plot;Tornado diagram;Gradient interval / eye plot / half-eye plot;Radial plot (Galbraith);Meta-regression bubble plot;Effect direction plot;Institutional funnel plot;Free energy landscape plot;Cost-effectiveness acceptability curve;Funnel plot (publication bias);Contour-enhanced funnel plot;L'Abbe plot;Baujat plot;League table h
P200,Gradient interval / eye plot / half-eye plot,,F09 Uncertainty & Bayesian,S18,Effect estimates with uncertainty,D,Data-driven,domain-signature,standard,XM;SH,bayesian;psychology,ggdist::stat_halfeye,25,Coefficient plot;Error bars;Confidence ribbon;Forest plot;Caterpillar plot;Prediction interval plot;Tornado diagram;Radial plot (Galbraith);Meta-regression bubble plot;Effect direction plot;Institutional funnel plot;Free energy landscape plot;Cost-effectiveness acceptability curve;Funnel plot (publication bias);Contour-enhanced funnel plot;L'Abbe plot;Baujat plot;League table heatmap (NMA);Rankogr
P201,Hypothetical outcome plot,HOP; animated uncertainty,F09 Uncertainty & Bayesian,S24,Posterior or simulation draws,D,Data-driven,domain-signature,standard,XM;SH,statistics;public-policy,gganimate; ungeviz,12,Posterior density plot;Corner plot;Monte Carlo simulation fan;Quantile dotplot;Prior-posterior overlay plot;Markov trace plot;Regularisation path plot;MCMC trace plot;MCMC rank plot;Posterior predictive check plot;Expected value of information plot;Knee plot
P202,Posterior density plot,,F09 Uncertainty & Bayesian,S24,Posterior or simulation draws,D,Data-driven,cross-domain,standard,XM;HM;EE,bayesian,bayesplot; ArviZ; tidybayes,12,Corner plot;Monte Carlo simulation fan;Quantile dotplot;Hypothetical outcome plot;Prior-posterior overlay plot;Markov trace plot;Regularisation path plot;MCMC trace plot;MCMC rank plot;Posterior predictive check plot;Expected value of information plot;Knee plot
P203,MCMC trace plot,,F09 Uncertainty & Bayesian,S24,Posterior or simulation draws,D,Data-driven,niche,stub,XM,bayesian,bayesplot::mcmc_trace; ArviZ,12,Posterior density plot;Corner plot;Monte Carlo simulation fan;Quantile dotplot;Hypothetical outcome plot;Prior-posterior overlay plot;Markov trace plot;Regularisation path plot;MCMC rank plot;Posterior predictive check plot;Expected value of information plot;Knee plot
P204,MCMC rank plot,trank plot,F09 Uncertainty & Bayesian,S24,Posterior or simulation draws,D,Data-driven,niche,stub,XM,bayesian,bayesplot::mcmc_rank_hist; ArviZ,12,Posterior density plot;Corner plot;Monte Carlo simulation fan;Quantile dotplot;Hypothetical outcome plot;Prior-posterior overlay plot;Markov trace plot;Regularisation path plot;MCMC trace plot;Posterior predictive check plot;Expected value of information plot;Knee plot
P205,Corner plot,MCMC pairs plot; triangle plot,F09 Uncertainty & Bayesian,S24,Posterior or simulation draws,D,Data-driven,cross-domain,deep,EE;XM;PE,astronomy;bayesian,corner.py; bayesplot::mcmc_pairs; GetDist,12,Posterior density plot;Monte Carlo simulation fan;Quantile dotplot;Hypothetical outcome plot;Prior-posterior overlay plot;Markov trace plot;Regularisation path plot;MCMC trace plot;MCMC rank plot;Posterior predictive check plot;Expected value of information plot;Knee plot
P206,Prior-posterior overlay plot,,F09 Uncertainty & Bayesian,S24,Posterior or simulation draws,D,Data-driven,domain-signature,standard,XM;HM,bayesian;clinical-trials,bayesplot; brms,12,Posterior density plot;Corner plot;Monte Carlo simulation fan;Quantile dotplot;Hypothetical outcome plot;Markov trace plot;Regularisation path plot;MCMC trace plot;MCMC rank plot;Posterior predictive check plot;Expected value of information plot;Knee plot
P207,Posterior predictive check plot,PPC plot,F09 Uncertainty & Bayesian,S24,Posterior or simulation draws,D,Data-driven,niche,stub,XM,bayesian,bayesplot::pp_check; ArviZ,12,Posterior density plot;Corner plot;Monte Carlo simulation fan;Quantile dotplot;Hypothetical outcome plot;Prior-posterior overlay plot;Markov trace plot;Regularisation path plot;MCMC trace plot;MCMC rank plot;Expected value of information plot;Knee plot
P208,Tornado diagram,one-way sensitivity plot,F09 Uncertainty & Bayesian,S18,Effect estimates with uncertainty,D,Data-driven,cross-domain,deep,HM;SH;PE,health-econ;operations,dampack; ggplot2,25,Coefficient plot;Error bars;Confidence ribbon;Forest plot;Caterpillar plot;Prediction interval plot;Gradient interval / eye plot / half-eye plot;Radial plot (Galbraith);Meta-regression bubble plot;Effect direction plot;Institutional funnel plot;Free energy landscape plot;Cost-effectiveness acceptability curve;Funnel plot (publication bias);Contour-enhanced funnel plot;L'Abbe plot;Baujat plot;Leagu
P209,Cost-effectiveness plane,,F09 Uncertainty & Bayesian,S03,Two continuous variables,D,Data-driven,niche,deep,HM,health-econ,BCEA; dampack; heemod,56,Marginal histogram plot;Scatter plot;Bubble chart;Van Krevelen diagram;Heat scatter / density scatter;Volcano plot;Pearce discrimination diagram;Bode plot;Pole-zero plot;Reaction coordinate diagram;Arrhenius plot;Van 't Hoff plot;Well log plot;Pollen diagram;Microfossil stratigraphic diagram;Age-depth model plot;Tree-ring chronology plot;Ice core isotope depth profile;Stable isotope cross plot;Kee
P210,Cost-effectiveness acceptability curve,CEAC,F09 Uncertainty & Bayesian,S18,Effect estimates with uncertainty,D,Data-driven,niche,stub,HM,health-econ,BCEA; dampack,25,Coefficient plot;Error bars;Confidence ribbon;Forest plot;Caterpillar plot;Prediction interval plot;Tornado diagram;Gradient interval / eye plot / half-eye plot;Radial plot (Galbraith);Meta-regression bubble plot;Effect direction plot;Institutional funnel plot;Free energy landscape plot;Funnel plot (publication bias);Contour-enhanced funnel plot;L'Abbe plot;Baujat plot;League table heatmap (NMA);R
P211,Expected value of information plot,EVPI / EVPPI plot,F09 Uncertainty & Bayesian,S24,Posterior or simulation draws,D,Data-driven,niche,stub,HM,health-econ,BCEA; voi,12,Posterior density plot;Corner plot;Monte Carlo simulation fan;Quantile dotplot;Hypothetical outcome plot;Prior-posterior overlay plot;Markov trace plot;Regularisation path plot;MCMC trace plot;MCMC rank plot;Posterior predictive check plot;Knee plot
P212,Markov trace plot,state occupancy plot,F09 Uncertainty & Bayesian,S24,Posterior or simulation draws,D,Data-driven,domain-signature,standard,HM,health-econ;simulation,heemod; dampack,12,Posterior density plot;Corner plot;Monte Carlo simulation fan;Quantile dotplot;Hypothetical outcome plot;Prior-posterior overlay plot;Regularisation path plot;MCMC trace plot;MCMC rank plot;Posterior predictive check plot;Expected value of information plot;Knee plot
P213,Monte Carlo simulation fan,scenario spaghetti plot,F09 Uncertainty & Bayesian,S24,Posterior or simulation draws,D,Data-driven,cross-domain,standard,SH;EE;HM,finance;simulation,ggplot2; matplotlib,12,Posterior density plot;Corner plot;Quantile dotplot;Hypothetical outcome plot;Prior-posterior overlay plot;Markov trace plot;Regularisation path plot;MCMC trace plot;MCMC rank plot;Posterior predictive check plot;Expected value of information plot;Knee plot
P214,ROC curve,receiver operating characteristic curve,F10 ML & classifier evaluation,S22,Model output vs observed,D,Data-driven,universal,deep,HM;XM;LS,diagnostics;machine-learning,pROC; ROCR; yardstick; sklearn.RocCurveDisplay,62,Regression line with confidence band;LOESS / LOWESS smoother;Feature importance plot;Spline / GAM partial effect plot;Calibration plot;Bland-Altman plot;Residual vs fitted plot;Added-variable plot;Marginal effects plot;Interaction plot;Nomogram;Precision-recall curve;Decision curve analysis;Lift chart / cumulative gains chart;SHAP beeswarm plot;SHAP force / waterfall plot;Partial dependence plot;D
P215,Precision-recall curve,PR curve,F10 ML & classifier evaluation,S22,Model output vs observed,D,Data-driven,domain-signature,deep,XM;LS,machine-learning;bioinformatics,PRROC; yardstick; sklearn.PrecisionRecallDisplay,62,Regression line with confidence band;LOESS / LOWESS smoother;ROC curve;Feature importance plot;Spline / GAM partial effect plot;Calibration plot;Bland-Altman plot;Residual vs fitted plot;Added-variable plot;Marginal effects plot;Interaction plot;Nomogram;Decision curve analysis;Lift chart / cumulative gains chart;SHAP beeswarm plot;SHAP force / waterfall plot;Partial dependence plot;Dose-response 
P216,Confusion matrix heatmap,,F10 ML & classifier evaluation,S12,Pairwise matrix,D,Data-driven,universal,deep,XM;HM,machine-learning,caret; sklearn.ConfusionMatrixDisplay; cvms,15,Heatmap (categorical matrix);Correlogram;Calendar heatmap;Autocorrelation plot;Clustered expression heatmap;Spiral plot;Oncoprint;Mass cytometry (CyTOF) heatmap;Antibiogram heatmap;Brain connectivity matrix;Cohort retention heatmap;Bertin reorderable matrix;Sample-sample distance heatmap;Single-cell dot plot;RFM segmentation heatmap
P217,Calibration plot,reliability diagram,F10 ML & classifier evaluation,S22,Model output vs observed,D,Data-driven,cross-domain,deep,HM;XM;EE,diagnostics;machine-learning,rms::val.prob; sklearn.CalibrationDisplay; probably,62,Regression line with confidence band;LOESS / LOWESS smoother;ROC curve;Feature importance plot;Spline / GAM partial effect plot;Bland-Altman plot;Residual vs fitted plot;Added-variable plot;Marginal effects plot;Interaction plot;Nomogram;Precision-recall curve;Decision curve analysis;Lift chart / cumulative gains chart;SHAP beeswarm plot;SHAP force / waterfall plot;Partial dependence plot;Dose-res
P218,Decision curve analysis,net benefit curve,F10 ML & classifier evaluation,S22,Model output vs observed,D,Data-driven,domain-signature,deep,HM,diagnostics;clinical-medicine,dcurves; rmda; dcurves (py),62,Regression line with confidence band;LOESS / LOWESS smoother;ROC curve;Feature importance plot;Spline / GAM partial effect plot;Calibration plot;Bland-Altman plot;Residual vs fitted plot;Added-variable plot;Marginal effects plot;Interaction plot;Nomogram;Precision-recall curve;Lift chart / cumulative gains chart;SHAP beeswarm plot;SHAP force / waterfall plot;Partial dependence plot;Dose-response c
P219,Lift chart / cumulative gains chart,,F10 ML & classifier evaluation,S22,Model output vs observed,D,Data-driven,domain-signature,standard,SH;XM,marketing;machine-learning,modelplotr; scikit-plot,62,Regression line with confidence band;LOESS / LOWESS smoother;ROC curve;Feature importance plot;Spline / GAM partial effect plot;Calibration plot;Bland-Altman plot;Residual vs fitted plot;Added-variable plot;Marginal effects plot;Interaction plot;Nomogram;Precision-recall curve;Decision curve analysis;SHAP beeswarm plot;SHAP force / waterfall plot;Partial dependence plot;Dose-response curve;Benchma
P220,Learning curve,sample-size curve,F10 ML & classifier evaluation,S22,Model output vs observed,D,Data-driven,niche,stub,XM,machine-learning,sklearn.learning_curve; yardstick,62,Regression line with confidence band;LOESS / LOWESS smoother;ROC curve;Feature importance plot;Spline / GAM partial effect plot;Calibration plot;Bland-Altman plot;Residual vs fitted plot;Added-variable plot;Marginal effects plot;Interaction plot;Nomogram;Precision-recall curve;Decision curve analysis;Lift chart / cumulative gains chart;SHAP beeswarm plot;SHAP force / waterfall plot;Partial depende
P221,Training loss curve,epoch curve; convergence plot,F10 ML & classifier evaluation,S22,Model output vs observed,D,Data-driven,niche,deep,XM,deep-learning,TensorBoard; keras history; wandb,62,Regression line with confidence band;LOESS / LOWESS smoother;ROC curve;Feature importance plot;Spline / GAM partial effect plot;Calibration plot;Bland-Altman plot;Residual vs fitted plot;Added-variable plot;Marginal effects plot;Interaction plot;Nomogram;Precision-recall curve;Decision curve analysis;Lift chart / cumulative gains chart;SHAP beeswarm plot;SHAP force / waterfall plot;Partial depende
P222,Validation curve,hyperparameter sweep plot,F10 ML & classifier evaluation,S22,Model output vs observed,D,Data-driven,niche,stub,XM,machine-learning,sklearn.validation_curve; Optuna,62,Regression line with confidence band;LOESS / LOWESS smoother;ROC curve;Feature importance plot;Spline / GAM partial effect plot;Calibration plot;Bland-Altman plot;Residual vs fitted plot;Added-variable plot;Marginal effects plot;Interaction plot;Nomogram;Precision-recall curve;Decision curve analysis;Lift chart / cumulative gains chart;SHAP beeswarm plot;SHAP force / waterfall plot;Partial depende
P223,Feature importance plot,variable importance plot; VIP,F10 ML & classifier evaluation,S22,Model output vs observed,D,Data-driven,universal,deep,XM;LS;HM,machine-learning,vip; randomForest::varImpPlot; sklearn,62,Regression line with confidence band;LOESS / LOWESS smoother;ROC curve;Spline / GAM partial effect plot;Calibration plot;Bland-Altman plot;Residual vs fitted plot;Added-variable plot;Marginal effects plot;Interaction plot;Nomogram;Precision-recall curve;Decision curve analysis;Lift chart / cumulative gains chart;SHAP beeswarm plot;SHAP force / waterfall plot;Partial dependence plot;Dose-response c
P224,SHAP beeswarm plot,SHAP summary plot,F10 ML & classifier evaluation,S22,Model output vs observed,D,Data-driven,domain-signature,deep,XM;HM,machine-learning,shap; shapviz; kernelshap,62,Regression line with confidence band;LOESS / LOWESS smoother;ROC curve;Feature importance plot;Spline / GAM partial effect plot;Calibration plot;Bland-Altman plot;Residual vs fitted plot;Added-variable plot;Marginal effects plot;Interaction plot;Nomogram;Precision-recall curve;Decision curve analysis;Lift chart / cumulative gains chart;SHAP force / waterfall plot;Partial dependence plot;Dose-respo
P225,SHAP dependence plot,,F10 ML & classifier evaluation,S22,Model output vs observed,D,Data-driven,niche,stub,XM,machine-learning,shap; shapviz,62,Regression line with confidence band;LOESS / LOWESS smoother;ROC curve;Feature importance plot;Spline / GAM partial effect plot;Calibration plot;Bland-Altman plot;Residual vs fitted plot;Added-variable plot;Marginal effects plot;Interaction plot;Nomogram;Precision-recall curve;Decision curve analysis;Lift chart / cumulative gains chart;SHAP beeswarm plot;SHAP force / waterfall plot;Partial depende
P226,SHAP force / waterfall plot,,F10 ML & classifier evaluation,S22,Model output vs observed,D,Data-driven,domain-signature,standard,XM;HM,machine-learning,shap; shapviz,62,Regression line with confidence band;LOESS / LOWESS smoother;ROC curve;Feature importance plot;Spline / GAM partial effect plot;Calibration plot;Bland-Altman plot;Residual vs fitted plot;Added-variable plot;Marginal effects plot;Interaction plot;Nomogram;Precision-recall curve;Decision curve analysis;Lift chart / cumulative gains chart;SHAP beeswarm plot;Partial dependence plot;Dose-response curve
P227,Partial dependence plot,PDP,F10 ML & classifier evaluation,S22,Model output vs observed,D,Data-driven,domain-signature,deep,XM;EE,machine-learning,pdp; DALEX; sklearn.PartialDependenceDisplay,62,Regression line with confidence band;LOESS / LOWESS smoother;ROC curve;Feature importance plot;Spline / GAM partial effect plot;Calibration plot;Bland-Altman plot;Residual vs fitted plot;Added-variable plot;Marginal effects plot;Interaction plot;Nomogram;Precision-recall curve;Decision curve analysis;Lift chart / cumulative gains chart;SHAP beeswarm plot;SHAP force / waterfall plot;Dose-response c
P228,Individual conditional expectation plot,ICE plot,F10 ML & classifier evaluation,S22,Model output vs observed,D,Data-driven,niche,stub,XM,machine-learning,ICEbox; pdp; sklearn,62,Regression line with confidence band;LOESS / LOWESS smoother;ROC curve;Feature importance plot;Spline / GAM partial effect plot;Calibration plot;Bland-Altman plot;Residual vs fitted plot;Added-variable plot;Marginal effects plot;Interaction plot;Nomogram;Precision-recall curve;Decision curve analysis;Lift chart / cumulative gains chart;SHAP beeswarm plot;SHAP force / waterfall plot;Partial depende
P229,LIME explanation plot,,F10 ML & classifier evaluation,S22,Model output vs observed,D,Data-driven,niche,stub,XM,machine-learning,lime; lime (py),62,Regression line with confidence band;LOESS / LOWESS smoother;ROC curve;Feature importance plot;Spline / GAM partial effect plot;Calibration plot;Bland-Altman plot;Residual vs fitted plot;Added-variable plot;Marginal effects plot;Interaction plot;Nomogram;Precision-recall curve;Decision curve analysis;Lift chart / cumulative gains chart;SHAP beeswarm plot;SHAP force / waterfall plot;Partial depende
P230,Silhouette plot,,F10 ML & classifier evaluation,S11,Many variables per observation (wide / high-dimensional),D,Data-driven,domain-signature,standard,XM;LS,machine-learning,cluster::silhouette; factoextra; yellowbrick,39,Scatter plot matrix;Parallel coordinates plot;PCA scores plot;Scree plot;Radar chart;PCA biplot;Multidimensional scaling plot;Chernoff faces;Elbow plot;Embedding projection plot;t-SNE embedding plot;UMAP embedding plot;Cell-cell communication circle plot;Beta diversity ordination;Loadings plot;Parallel analysis plot;PLS-DA / OPLS-DA scores plot;LDA / discriminant plot;Correspondence analysis biplo
P231,Elbow plot,within-cluster SS plot,F10 ML & classifier evaluation,S11,Many variables per observation (wide / high-dimensional),D,Data-driven,domain-signature,standard,XM;LS,machine-learning,factoextra::fviz_nbclust; yellowbrick,39,Scatter plot matrix;Parallel coordinates plot;PCA scores plot;Scree plot;Radar chart;PCA biplot;Multidimensional scaling plot;Chernoff faces;Silhouette plot;Embedding projection plot;t-SNE embedding plot;UMAP embedding plot;Cell-cell communication circle plot;Beta diversity ordination;Loadings plot;Parallel analysis plot;PLS-DA / OPLS-DA scores plot;LDA / discriminant plot;Correspondence analysis 
P232,Saliency map / attention heatmap,Grad-CAM overlay,F10 ML & classifier evaluation,S16,Values attached to geography,H,"Hybrid (instrument output, software-rendered)",domain-signature,standard,XM;HM,deep-learning;radiology,pytorch-grad-cam; captum,62,Choropleth map;Proportional symbol map;LISA cluster map;Small-multiple map series;Flow map;Metabolic flux map;Enrichment map;Bivariate choropleth;Cartogram;Dot density map;Isopleth map;Kernel density surface map;Hexbin map;Connection map;Origin-destination flow map;Isochrone map;Voronoi / Thiessen polygon map;Moran scatterplot;Semivariogram;Kriging interpolation surface;Spatial scan cluster map;St
P233,Embedding projection plot,latent space scatter,F10 ML & classifier evaluation,S11,Many variables per observation (wide / high-dimensional),D,Data-driven,domain-signature,standard,XM;LS,deep-learning;single-cell,umap-learn; Rtsne; TensorBoard Projector,39,Scatter plot matrix;Parallel coordinates plot;PCA scores plot;Scree plot;Radar chart;PCA biplot;Multidimensional scaling plot;Chernoff faces;Silhouette plot;Elbow plot;t-SNE embedding plot;UMAP embedding plot;Cell-cell communication circle plot;Beta diversity ordination;Loadings plot;Parallel analysis plot;PLS-DA / OPLS-DA scores plot;LDA / discriminant plot;Correspondence analysis biplot;Multiple
P234,Kaplan-Meier curve,survival curve; product-limit plot,F11 Survival & time-to-event,S17,Time-to-event with censoring,D,Data-driven,universal,deep,HM;LS,oncology;clinical-trials,survminer::ggsurvplot; survival; lifelines,10,Number-at-risk table;Cumulative incidence function plot;Nelson-Aalen cumulative hazard plot;Swimmer plot;Weibull probability plot;Log-minus-log survival plot;Schoenfeld residual plot;Waterfall plot (best tumour response);Restricted mean survival time plot;Landmark analysis plot
P235,Number-at-risk table,,F11 Survival & time-to-event,S17,Time-to-event with censoring,D,Data-driven,domain-signature,standard,HM,clinical-trials;oncology,survminer; ggsurvfit,10,Kaplan-Meier curve;Cumulative incidence function plot;Nelson-Aalen cumulative hazard plot;Swimmer plot;Weibull probability plot;Log-minus-log survival plot;Schoenfeld residual plot;Waterfall plot (best tumour response);Restricted mean survival time plot;Landmark analysis plot
P236,Cumulative incidence function plot,competing risks CIF,F11 Survival & time-to-event,S17,Time-to-event with censoring,D,Data-driven,domain-signature,deep,HM,oncology;epidemiology,cmprsk; tidycmprsk; lifelines,10,Kaplan-Meier curve;Number-at-risk table;Nelson-Aalen cumulative hazard plot;Swimmer plot;Weibull probability plot;Log-minus-log survival plot;Schoenfeld residual plot;Waterfall plot (best tumour response);Restricted mean survival time plot;Landmark analysis plot
P237,Nelson-Aalen cumulative hazard plot,,F11 Survival & time-to-event,S17,Time-to-event with censoring,D,Data-driven,domain-signature,standard,HM;PE,clinical-trials;reliability,survival; lifelines,10,Kaplan-Meier curve;Number-at-risk table;Cumulative incidence function plot;Swimmer plot;Weibull probability plot;Log-minus-log survival plot;Schoenfeld residual plot;Waterfall plot (best tumour response);Restricted mean survival time plot;Landmark analysis plot
P238,Log-minus-log survival plot,proportional hazards check,F11 Survival & time-to-event,S17,Time-to-event with censoring,D,Data-driven,niche,stub,HM,clinical-trials,survival,10,Kaplan-Meier curve;Number-at-risk table;Cumulative incidence function plot;Nelson-Aalen cumulative hazard plot;Swimmer plot;Weibull probability plot;Schoenfeld residual plot;Waterfall plot (best tumour response);Restricted mean survival time plot;Landmark analysis plot
P239,Schoenfeld residual plot,,F11 Survival & time-to-event,S17,Time-to-event with censoring,D,Data-driven,niche,deep,HM,clinical-trials,survival::cox.zph; survminer::ggcoxzph,10,Kaplan-Meier curve;Number-at-risk table;Cumulative incidence function plot;Nelson-Aalen cumulative hazard plot;Swimmer plot;Weibull probability plot;Log-minus-log survival plot;Waterfall plot (best tumour response);Restricted mean survival time plot;Landmark analysis plot
P240,Swimmer plot,,F11 Survival & time-to-event,S17,Time-to-event with censoring,D,Data-driven,domain-signature,deep,HM,oncology;clinical-trials,swimplot; ggplot2; matplotlib,10,Kaplan-Meier curve;Number-at-risk table;Cumulative incidence function plot;Nelson-Aalen cumulative hazard plot;Weibull probability plot;Log-minus-log survival plot;Schoenfeld residual plot;Waterfall plot (best tumour response);Restricted mean survival time plot;Landmark analysis plot
P241,Spider plot (tumour response),tumour growth trajectory plot,F11 Survival & time-to-event,S08,Time series,D,Data-driven,niche,stub,HM,oncology,ggplot2; RECIST toolkits,69,Line chart;Multi-series line chart;Area chart;Stacked area chart;Step chart;Gantt chart;Timeline;Control chart;Recurrence plot;Bump chart;Stream graph;Sparkline;Horizon chart;Cycle plot;Seasonal decomposition plot;Run chart;Moving average overlay chart;Lexis diagram;Marey chart;Fan chart;Epidemic curve;Compartmental model trajectory plot;Age-period-cohort plot;Life table survival plot;Pseudotime t
P242,Waterfall plot (best tumour response),RECIST waterfall,F11 Survival & time-to-event,S17,Time-to-event with censoring,D,Data-driven,niche,deep,HM,oncology,ggplot2; matplotlib,10,Kaplan-Meier curve;Number-at-risk table;Cumulative incidence function plot;Nelson-Aalen cumulative hazard plot;Swimmer plot;Weibull probability plot;Log-minus-log survival plot;Schoenfeld residual plot;Restricted mean survival time plot;Landmark analysis plot
P243,Restricted mean survival time plot,RMST plot,F11 Survival & time-to-event,S17,Time-to-event with censoring,D,Data-driven,niche,stub,HM,clinical-trials,survRM2,10,Kaplan-Meier curve;Number-at-risk table;Cumulative incidence function plot;Nelson-Aalen cumulative hazard plot;Swimmer plot;Weibull probability plot;Log-minus-log survival plot;Schoenfeld residual plot;Waterfall plot (best tumour response);Landmark analysis plot
P244,Landmark analysis plot,,F11 Survival & time-to-event,S17,Time-to-event with censoring,D,Data-driven,niche,stub,HM,oncology,survival; ggsurvfit,10,Kaplan-Meier curve;Number-at-risk table;Cumulative incidence function plot;Nelson-Aalen cumulative hazard plot;Swimmer plot;Weibull probability plot;Log-minus-log survival plot;Schoenfeld residual plot;Waterfall plot (best tumour response);Restricted mean survival time plot
P245,Weibull probability plot,,F11 Survival & time-to-event,S17,Time-to-event with censoring,D,Data-driven,domain-signature,deep,PE;HM,reliability,WeibullR; reliability (py),10,Kaplan-Meier curve;Number-at-risk table;Cumulative incidence function plot;Nelson-Aalen cumulative hazard plot;Swimmer plot;Log-minus-log survival plot;Schoenfeld residual plot;Waterfall plot (best tumour response);Restricted mean survival time plot;Landmark analysis plot
P246,Bathtub curve,hazard function over lifetime,F11 Survival & time-to-event,S27,Schematic (no data),C,Conceptual / schematic,niche,stub,PE,reliability,conceptual/illustrative,25,Flow chart;Directed acyclic graph;Molecular orbital diagram;Jablonski diagram;Feynman diagram;Energy level diagram;Ishikawa diagram;Experimental design schematic;Mechanism / signalling pathway cartoon;Anatomical / physiological diagram;Causal loop diagram;Logic model / theory of change;Conceptual framework diagram;Engineering drawing / CAD orthographic view;Free-body diagram;Ray diagram;Geological
P247,Forest plot,,F12 Meta-analysis & evidence,S18,Effect estimates with uncertainty,D,Data-driven,universal,deep,HM;SH,clinical-trials;epidemiology,metafor::forest; meta; forestplot; PythonMeta,25,Coefficient plot;Error bars;Confidence ribbon;Caterpillar plot;Prediction interval plot;Tornado diagram;Gradient interval / eye plot / half-eye plot;Radial plot (Galbraith);Meta-regression bubble plot;Effect direction plot;Institutional funnel plot;Free energy landscape plot;Cost-effectiveness acceptability curve;Funnel plot (publication bias);Contour-enhanced funnel plot;L'Abbe plot;Baujat plot;L
P248,Funnel plot (publication bias),,F12 Meta-analysis & evidence,S18,Effect estimates with uncertainty,D,Data-driven,niche,deep,HM,clinical-trials,metafor::funnel; meta::funnel,25,Coefficient plot;Error bars;Confidence ribbon;Forest plot;Caterpillar plot;Prediction interval plot;Tornado diagram;Gradient interval / eye plot / half-eye plot;Radial plot (Galbraith);Meta-regression bubble plot;Effect direction plot;Institutional funnel plot;Free energy landscape plot;Cost-effectiveness acceptability curve;Contour-enhanced funnel plot;L'Abbe plot;Baujat plot;League table heatmap
P249,Contour-enhanced funnel plot,,F12 Meta-analysis & evidence,S18,Effect estimates with uncertainty,D,Data-driven,niche,stub,HM,clinical-trials,metafor::funnel(level=),25,Coefficient plot;Error bars;Confidence ribbon;Forest plot;Caterpillar plot;Prediction interval plot;Tornado diagram;Gradient interval / eye plot / half-eye plot;Radial plot (Galbraith);Meta-regression bubble plot;Effect direction plot;Institutional funnel plot;Free energy landscape plot;Cost-effectiveness acceptability curve;Funnel plot (publication bias);L'Abbe plot;Baujat plot;League table heatm
P250,Radial plot (Galbraith),,F12 Meta-analysis & evidence,S18,Effect estimates with uncertainty,D,Data-driven,domain-signature,standard,HM;EE,clinical-trials;geochronology,metafor::radial; IsoplotR,25,Coefficient plot;Error bars;Confidence ribbon;Forest plot;Caterpillar plot;Prediction interval plot;Tornado diagram;Gradient interval / eye plot / half-eye plot;Meta-regression bubble plot;Effect direction plot;Institutional funnel plot;Free energy landscape plot;Cost-effectiveness acceptability curve;Funnel plot (publication bias);Contour-enhanced funnel plot;L'Abbe plot;Baujat plot;League table 
P251,L'Abbe plot,,F12 Meta-analysis & evidence,S18,Effect estimates with uncertainty,D,Data-driven,niche,stub,HM,clinical-trials,meta::labbe,25,Coefficient plot;Error bars;Confidence ribbon;Forest plot;Caterpillar plot;Prediction interval plot;Tornado diagram;Gradient interval / eye plot / half-eye plot;Radial plot (Galbraith);Meta-regression bubble plot;Effect direction plot;Institutional funnel plot;Free energy landscape plot;Cost-effectiveness acceptability curve;Funnel plot (publication bias);Contour-enhanced funnel plot;Baujat plot;L
P252,Baujat plot,heterogeneity contribution plot,F12 Meta-analysis & evidence,S18,Effect estimates with uncertainty,D,Data-driven,niche,stub,HM,clinical-trials,metafor::baujat,25,Coefficient plot;Error bars;Confidence ribbon;Forest plot;Caterpillar plot;Prediction interval plot;Tornado diagram;Gradient interval / eye plot / half-eye plot;Radial plot (Galbraith);Meta-regression bubble plot;Effect direction plot;Institutional funnel plot;Free energy landscape plot;Cost-effectiveness acceptability curve;Funnel plot (publication bias);Contour-enhanced funnel plot;L'Abbe plot;L
P253,Network meta-analysis geometry plot,network graph of comparisons,F12 Meta-analysis & evidence,S13,Nodes and edges,D,Data-driven,niche,deep,HM,clinical-trials,netmeta::netgraph,24,Node-link network diagram;Chord diagram;Force-directed graph;Arc diagram;Adjacency matrix plot;Hive plot;Bipartite network plot;Transmission tree;Pathway diagram;Gene regulatory network plot;Protein-protein interaction network;Haplotype network;Psychometric network plot;Emissions / scenario pathway plot;Connectogram;Blockmodel image matrix;Sociogram;Migration flow chord / circular plot;Correlation
P254,League table heatmap (NMA),,F12 Meta-analysis & evidence,S18,Effect estimates with uncertainty,D,Data-driven,niche,stub,HM,clinical-trials,netmeta; nmadata,25,Coefficient plot;Error bars;Confidence ribbon;Forest plot;Caterpillar plot;Prediction interval plot;Tornado diagram;Gradient interval / eye plot / half-eye plot;Radial plot (Galbraith);Meta-regression bubble plot;Effect direction plot;Institutional funnel plot;Free energy landscape plot;Cost-effectiveness acceptability curve;Funnel plot (publication bias);Contour-enhanced funnel plot;L'Abbe plot;B
P255,Rankogram / SUCRA plot,,F12 Meta-analysis & evidence,S18,Effect estimates with uncertainty,D,Data-driven,niche,stub,HM,clinical-trials,netmeta::rankogram,25,Coefficient plot;Error bars;Confidence ribbon;Forest plot;Caterpillar plot;Prediction interval plot;Tornado diagram;Gradient interval / eye plot / half-eye plot;Radial plot (Galbraith);Meta-regression bubble plot;Effect direction plot;Institutional funnel plot;Free energy landscape plot;Cost-effectiveness acceptability curve;Funnel plot (publication bias);Contour-enhanced funnel plot;L'Abbe plot;B
P256,Risk-of-bias traffic light plot,,F12 Meta-analysis & evidence,S18,Effect estimates with uncertainty,D,Data-driven,niche,deep,HM,clinical-trials,robvis,25,Coefficient plot;Error bars;Confidence ribbon;Forest plot;Caterpillar plot;Prediction interval plot;Tornado diagram;Gradient interval / eye plot / half-eye plot;Radial plot (Galbraith);Meta-regression bubble plot;Effect direction plot;Institutional funnel plot;Free energy landscape plot;Cost-effectiveness acceptability curve;Funnel plot (publication bias);Contour-enhanced funnel plot;L'Abbe plot;B
P257,Risk-of-bias summary bar plot,,F12 Meta-analysis & evidence,S18,Effect estimates with uncertainty,D,Data-driven,niche,stub,HM,clinical-trials,robvis,25,Coefficient plot;Error bars;Confidence ribbon;Forest plot;Caterpillar plot;Prediction interval plot;Tornado diagram;Gradient interval / eye plot / half-eye plot;Radial plot (Galbraith);Meta-regression bubble plot;Effect direction plot;Institutional funnel plot;Free energy landscape plot;Cost-effectiveness acceptability curve;Funnel plot (publication bias);Contour-enhanced funnel plot;L'Abbe plot;B
P258,Meta-regression bubble plot,,F12 Meta-analysis & evidence,S18,Effect estimates with uncertainty,D,Data-driven,domain-signature,standard,HM;SH,clinical-trials,metafor::regplot,25,Coefficient plot;Error bars;Confidence ribbon;Forest plot;Caterpillar plot;Prediction interval plot;Tornado diagram;Gradient interval / eye plot / half-eye plot;Radial plot (Galbraith);Effect direction plot;Institutional funnel plot;Free energy landscape plot;Cost-effectiveness acceptability curve;Funnel plot (publication bias);Contour-enhanced funnel plot;L'Abbe plot;Baujat plot;League table heat
P259,Cumulative meta-analysis plot,,F12 Meta-analysis & evidence,S18,Effect estimates with uncertainty,D,Data-driven,niche,stub,HM,clinical-trials,metafor::cumul,25,Coefficient plot;Error bars;Confidence ribbon;Forest plot;Caterpillar plot;Prediction interval plot;Tornado diagram;Gradient interval / eye plot / half-eye plot;Radial plot (Galbraith);Meta-regression bubble plot;Effect direction plot;Institutional funnel plot;Free energy landscape plot;Cost-effectiveness acceptability curve;Funnel plot (publication bias);Contour-enhanced funnel plot;L'Abbe plot;B
P260,Leave-one-out sensitivity plot,,F12 Meta-analysis & evidence,S18,Effect estimates with uncertainty,D,Data-driven,niche,stub,HM,clinical-trials,metafor::leave1out; meta::metainf,25,Coefficient plot;Error bars;Confidence ribbon;Forest plot;Caterpillar plot;Prediction interval plot;Tornado diagram;Gradient interval / eye plot / half-eye plot;Radial plot (Galbraith);Meta-regression bubble plot;Effect direction plot;Institutional funnel plot;Free energy landscape plot;Cost-effectiveness acceptability curve;Funnel plot (publication bias);Contour-enhanced funnel plot;L'Abbe plot;B
P261,Albatross plot,,F12 Meta-analysis & evidence,S18,Effect estimates with uncertainty,D,Data-driven,niche,stub,HM,epidemiology,albatross (Stata); ggplot2,25,Coefficient plot;Error bars;Confidence ribbon;Forest plot;Caterpillar plot;Prediction interval plot;Tornado diagram;Gradient interval / eye plot / half-eye plot;Radial plot (Galbraith);Meta-regression bubble plot;Effect direction plot;Institutional funnel plot;Free energy landscape plot;Cost-effectiveness acceptability curve;Funnel plot (publication bias);Contour-enhanced funnel plot;L'Abbe plot;B
P262,Doi plot / LFK index,,F12 Meta-analysis & evidence,S18,Effect estimates with uncertainty,D,Data-driven,niche,stub,HM,clinical-trials,MetaXL; metasens,25,Coefficient plot;Error bars;Confidence ribbon;Forest plot;Caterpillar plot;Prediction interval plot;Tornado diagram;Gradient interval / eye plot / half-eye plot;Radial plot (Galbraith);Meta-regression bubble plot;Effect direction plot;Institutional funnel plot;Free energy landscape plot;Cost-effectiveness acceptability curve;Funnel plot (publication bias);Contour-enhanced funnel plot;L'Abbe plot;B
P263,Effect direction plot,,F12 Meta-analysis & evidence,S18,Effect estimates with uncertainty,D,Data-driven,domain-signature,standard,HM;SH,public-health,ggplot2,25,Coefficient plot;Error bars;Confidence ribbon;Forest plot;Caterpillar plot;Prediction interval plot;Tornado diagram;Gradient interval / eye plot / half-eye plot;Radial plot (Galbraith);Meta-regression bubble plot;Institutional funnel plot;Free energy landscape plot;Cost-effectiveness acceptability curve;Funnel plot (publication bias);Contour-enhanced funnel plot;L'Abbe plot;Baujat plot;League tabl
P264,PRISMA flow diagram,,F12 Meta-analysis & evidence,S15,Flows between states,D,Data-driven,domain-signature,deep,HM;SH,clinical-trials;public-health,PRISMA2020; PRISMAstatement; DiagrammeR,9,Sankey diagram;Alluvial diagram;Parallel sets;Care cascade plot;Land use change Sankey;Funnel chart;Cumulative flow diagram;CONSORT flow diagram;Three-fields Sankey (bibliometrix)
P265,CONSORT flow diagram,,F12 Meta-analysis & evidence,S15,Flows between states,D,Data-driven,niche,deep,HM,clinical-trials,consort; DiagrammeR,9,Sankey diagram;Alluvial diagram;Parallel sets;PRISMA flow diagram;Care cascade plot;Land use change Sankey;Funnel chart;Cumulative flow diagram;Three-fields Sankey (bibliometrix)
P266,Evidence gap map,,F12 Meta-analysis & evidence,S16,Values attached to geography,D,Data-driven,domain-signature,standard,HM;SH,public-health;public-policy,EPPI-Mapper; ggplot2,62,Choropleth map;Proportional symbol map;LISA cluster map;Small-multiple map series;Flow map;Metabolic flux map;Enrichment map;Bivariate choropleth;Cartogram;Dot density map;Isopleth map;Kernel density surface map;Hexbin map;Connection map;Origin-destination flow map;Isochrone map;Voronoi / Thiessen polygon map;Moran scatterplot;Semivariogram;Kriging interpolation surface;Spatial scan cluster map;St
P267,Epidemic curve,epi curve,F13 Epidemiology & public health,S08,Time series,D,Data-driven,domain-signature,deep,HM,epidemiology;infectious-disease,incidence2; EpiCurve; ggplot2,69,Line chart;Multi-series line chart;Area chart;Stacked area chart;Step chart;Gantt chart;Timeline;Control chart;Recurrence plot;Bump chart;Stream graph;Sparkline;Horizon chart;Cycle plot;Seasonal decomposition plot;Run chart;Moving average overlay chart;Lexis diagram;Marey chart;Fan chart;Compartmental model trajectory plot;Age-period-cohort plot;Life table survival plot;Pseudotime trajectory plot;
P268,Compartmental model trajectory plot,SIR/SEIR curve,F13 Epidemiology & public health,S08,Time series,D,Data-driven,domain-signature,standard,HM;XM,epidemiology;simulation,deSolve; EpiModel; scipy.integrate,69,Line chart;Multi-series line chart;Area chart;Stacked area chart;Step chart;Gantt chart;Timeline;Control chart;Recurrence plot;Bump chart;Stream graph;Sparkline;Horizon chart;Cycle plot;Seasonal decomposition plot;Run chart;Moving average overlay chart;Lexis diagram;Marey chart;Fan chart;Epidemic curve;Age-period-cohort plot;Life table survival plot;Pseudotime trajectory plot;RNA velocity stream p
P269,Effective reproduction number plot,Rt plot,F13 Epidemiology & public health,S08,Time series,D,Data-driven,niche,deep,HM,epidemiology,EpiEstim; EpiNow2,69,Line chart;Multi-series line chart;Area chart;Stacked area chart;Step chart;Gantt chart;Timeline;Control chart;Recurrence plot;Bump chart;Stream graph;Sparkline;Horizon chart;Cycle plot;Seasonal decomposition plot;Run chart;Moving average overlay chart;Lexis diagram;Marey chart;Fan chart;Epidemic curve;Compartmental model trajectory plot;Age-period-cohort plot;Life table survival plot;Pseudotime t
P270,Age-period-cohort plot,,F13 Epidemiology & public health,S08,Time series,D,Data-driven,domain-signature,standard,HM;SH,epidemiology;demography,Epi; apc,69,Line chart;Multi-series line chart;Area chart;Stacked area chart;Step chart;Gantt chart;Timeline;Control chart;Recurrence plot;Bump chart;Stream graph;Sparkline;Horizon chart;Cycle plot;Seasonal decomposition plot;Run chart;Moving average overlay chart;Lexis diagram;Marey chart;Fan chart;Epidemic curve;Compartmental model trajectory plot;Life table survival plot;Pseudotime trajectory plot;RNA velo
P271,Institutional funnel plot,caterpillar/funnel for provider comparison,F13 Epidemiology & public health,S18,Effect estimates with uncertainty,D,Data-driven,domain-signature,standard,HM,health-econ;public-health,FunnelPlotR,25,Coefficient plot;Error bars;Confidence ribbon;Forest plot;Caterpillar plot;Prediction interval plot;Tornado diagram;Gradient interval / eye plot / half-eye plot;Radial plot (Galbraith);Meta-regression bubble plot;Effect direction plot;Free energy landscape plot;Cost-effectiveness acceptability curve;Funnel plot (publication bias);Contour-enhanced funnel plot;L'Abbe plot;Baujat plot;League table he
P272,Care cascade plot,treatment cascade,F13 Epidemiology & public health,S15,Flows between states,D,Data-driven,domain-signature,standard,HM,public-health;infectious-disease,ggplot2,9,Sankey diagram;Alluvial diagram;Parallel sets;PRISMA flow diagram;Land use change Sankey;Funnel chart;Cumulative flow diagram;CONSORT flow diagram;Three-fields Sankey (bibliometrix)
P273,Dose-response curve,concentration-response curve; IC50/EC50 curve,F13 Epidemiology & public health,S22,Model output vs observed,D,Data-driven,domain-signature,deep,LS;HM,pharmacology;toxicology,drc; nplr; GraphPad Prism; scipy,62,Regression line with confidence band;LOESS / LOWESS smoother;ROC curve;Feature importance plot;Spline / GAM partial effect plot;Calibration plot;Bland-Altman plot;Residual vs fitted plot;Added-variable plot;Marginal effects plot;Interaction plot;Nomogram;Precision-recall curve;Decision curve analysis;Lift chart / cumulative gains chart;SHAP beeswarm plot;SHAP force / waterfall plot;Partial depende
P274,Benchmark dose (BMD) plot,,F13 Epidemiology & public health,S22,Model output vs observed,D,Data-driven,domain-signature,standard,LS;HM,toxicology,bmd; BMDS (EPA); PROAST,62,Regression line with confidence band;LOESS / LOWESS smoother;ROC curve;Feature importance plot;Spline / GAM partial effect plot;Calibration plot;Bland-Altman plot;Residual vs fitted plot;Added-variable plot;Marginal effects plot;Interaction plot;Nomogram;Precision-recall curve;Decision curve analysis;Lift chart / cumulative gains chart;SHAP beeswarm plot;SHAP force / waterfall plot;Partial depende
P275,Life table survival plot,,F13 Epidemiology & public health,S08,Time series,D,Data-driven,domain-signature,standard,SH;HM,demography,demography; lifecontingencies,69,Line chart;Multi-series line chart;Area chart;Stacked area chart;Step chart;Gantt chart;Timeline;Control chart;Recurrence plot;Bump chart;Stream graph;Sparkline;Horizon chart;Cycle plot;Seasonal decomposition plot;Run chart;Moving average overlay chart;Lexis diagram;Marey chart;Fan chart;Epidemic curve;Compartmental model trajectory plot;Age-period-cohort plot;Pseudotime trajectory plot;RNA veloci
P276,Cohort component projection plot,,F13 Epidemiology & public health,S08,Time series,D,Data-driven,niche,stub,SH,demography,popprojection; ggplot2,69,Line chart;Multi-series line chart;Area chart;Stacked area chart;Step chart;Gantt chart;Timeline;Control chart;Recurrence plot;Bump chart;Stream graph;Sparkline;Horizon chart;Cycle plot;Seasonal decomposition plot;Run chart;Moving average overlay chart;Lexis diagram;Marey chart;Fan chart;Epidemic curve;Compartmental model trajectory plot;Age-period-cohort plot;Life table survival plot;Pseudotime t
P277,Attributable fraction plot,,F13 Epidemiology & public health,S08,Time series,D,Data-driven,niche,stub,HM,epidemiology,AF; ggplot2,69,Line chart;Multi-series line chart;Area chart;Stacked area chart;Step chart;Gantt chart;Timeline;Control chart;Recurrence plot;Bump chart;Stream graph;Sparkline;Horizon chart;Cycle plot;Seasonal decomposition plot;Run chart;Moving average overlay chart;Lexis diagram;Marey chart;Fan chart;Epidemic curve;Compartmental model trajectory plot;Age-period-cohort plot;Life table survival plot;Pseudotime t
P278,Exposure-lag-response surface,DLNM 3-D surface,F13 Epidemiology & public health,S25,Surface over a two-dimensional domain,D,Data-driven,domain-signature,standard,HM;EE,epidemiology;climate,dlnm,12,Hexbin plot;2-D density plot;Contour plot;3-D surface plot;Wireframe plot;Vector field plot;Streamline plot;Hovmoller diagram;2-D NMR contour plot;Fence diagram
P279,Volcano plot,,F14 Genomics & transcriptomics,S03,Two continuous variables,D,Data-driven,domain-signature,deep,LS;HM,transcriptomics;proteomics,EnhancedVolcano; ggplot2; ggVolcano,56,Marginal histogram plot;Scatter plot;Bubble chart;Van Krevelen diagram;Heat scatter / density scatter;Pearce discrimination diagram;Bode plot;Pole-zero plot;Reaction coordinate diagram;Arrhenius plot;Van 't Hoff plot;Well log plot;Pollen diagram;Microfossil stratigraphic diagram;Age-depth model plot;Tree-ring chronology plot;Ice core isotope depth profile;Stable isotope cross plot;Keeling plot;Cli
P280,MA plot (expression),mean-difference plot,F14 Genomics & transcriptomics,S03,Two continuous variables,D,Data-driven,niche,deep,LS,transcriptomics,DESeq2::plotMA; limma::plotMA,56,Marginal histogram plot;Scatter plot;Bubble chart;Van Krevelen diagram;Heat scatter / density scatter;Volcano plot;Pearce discrimination diagram;Bode plot;Pole-zero plot;Reaction coordinate diagram;Arrhenius plot;Van 't Hoff plot;Well log plot;Pollen diagram;Microfossil stratigraphic diagram;Age-depth model plot;Tree-ring chronology plot;Ice core isotope depth profile;Stable isotope cross plot;Kee
P281,Manhattan plot,,F14 Genomics & transcriptomics,S23,Values along genomic coordinate,D,Data-driven,domain-signature,deep,LS;HM,genomics;genetics-clinical,qqman; CMplot; ggmanh; manhattanly,22,Circos plot;Ideogram / karyotype plot;Miami plot;LocusZoom plot;Metagene profile plot;Copy number profile plot;Fish plot;Synteny dot plot;Multiple sequence alignment plot;Admixture / STRUCTURE bar plot;Karyotype / chromosome painting plot;Circular Manhattan plot;Linkage disequilibrium heatmap;Sashimi plot;Genome browser track plot;Read coverage / pileup plot;Peak-centred heatmap;Peak annotation pi
P282,GWAS Q-Q plot,lambda inflation plot,F14 Genomics & transcriptomics,S01,One continuous variable,D,Data-driven,domain-signature,standard,LS;HM,genomics,qqman::qq; CMplot,44,Histogram;Density plot;Empirical CDF plot;Q-Q plot;Stem-and-leaf plot;Rug plot;Frequency polygon;Normal probability plot;Pareto chart;Spike histogram;Histogram with fitted distribution overlay;Cumulative frequency curve;Mutational signature plot;Sequence logo;Alpha diversity plot;Rarefaction curve;Species accumulation curve;Rank-abundance curve;Stratigraphic column;Gutenberg-Richter plot;Detrital 
P283,Miami plot,two-trait mirrored Manhattan,F14 Genomics & transcriptomics,S23,Values along genomic coordinate,D,Data-driven,domain-signature,standard,LS;HM,genomics,hudson; ggplot2,22,Circos plot;Ideogram / karyotype plot;Manhattan plot;LocusZoom plot;Metagene profile plot;Copy number profile plot;Fish plot;Synteny dot plot;Multiple sequence alignment plot;Admixture / STRUCTURE bar plot;Karyotype / chromosome painting plot;Circular Manhattan plot;Linkage disequilibrium heatmap;Sashimi plot;Genome browser track plot;Read coverage / pileup plot;Peak-centred heatmap;Peak annotatio
P284,Circular Manhattan plot,,F14 Genomics & transcriptomics,S23,Values along genomic coordinate,D,Data-driven,niche,stub,LS,genomics,CMplot,22,Circos plot;Ideogram / karyotype plot;Manhattan plot;Miami plot;LocusZoom plot;Metagene profile plot;Copy number profile plot;Fish plot;Synteny dot plot;Multiple sequence alignment plot;Admixture / STRUCTURE bar plot;Karyotype / chromosome painting plot;Linkage disequilibrium heatmap;Sashimi plot;Genome browser track plot;Read coverage / pileup plot;Peak-centred heatmap;Peak annotation pie / bar p
P285,LocusZoom plot,regional association plot,F14 Genomics & transcriptomics,S23,Values along genomic coordinate,D,Data-driven,domain-signature,standard,LS;HM,genomics;genetics-clinical,locuszoomr; LocusZoom; gassocplot,22,Circos plot;Ideogram / karyotype plot;Manhattan plot;Miami plot;Metagene profile plot;Copy number profile plot;Fish plot;Synteny dot plot;Multiple sequence alignment plot;Admixture / STRUCTURE bar plot;Karyotype / chromosome painting plot;Circular Manhattan plot;Linkage disequilibrium heatmap;Sashimi plot;Genome browser track plot;Read coverage / pileup plot;Peak-centred heatmap;Peak annotation pi
P286,Linkage disequilibrium heatmap,LD plot,F14 Genomics & transcriptomics,S23,Values along genomic coordinate,D,Data-driven,niche,stub,LS,genomics,LDheatmap; Haploview; LDlinkR,22,Circos plot;Ideogram / karyotype plot;Manhattan plot;Miami plot;LocusZoom plot;Metagene profile plot;Copy number profile plot;Fish plot;Synteny dot plot;Multiple sequence alignment plot;Admixture / STRUCTURE bar plot;Karyotype / chromosome painting plot;Circular Manhattan plot;Sashimi plot;Genome browser track plot;Read coverage / pileup plot;Peak-centred heatmap;Peak annotation pie / bar plot;Mot
P287,Clustered expression heatmap,z-scored gene heatmap,F14 Genomics & transcriptomics,S12,Pairwise matrix,D,Data-driven,universal,deep,LS;HM,transcriptomics;cancer-biology,pheatmap; ComplexHeatmap; scanpy.pl.heatmap,15,Heatmap (categorical matrix);Correlogram;Calendar heatmap;Autocorrelation plot;Confusion matrix heatmap;Spiral plot;Oncoprint;Mass cytometry (CyTOF) heatmap;Antibiogram heatmap;Brain connectivity matrix;Cohort retention heatmap;Bertin reorderable matrix;Sample-sample distance heatmap;Single-cell dot plot;RFM segmentation heatmap
P288,GSEA enrichment plot,running enrichment score plot,F14 Genomics & transcriptomics,S05,One summary value per category,D,Data-driven,domain-signature,deep,LS,transcriptomics;bioinformatics,fgsea; clusterProfiler; GSEA desktop,28,Bar chart;Grouped bar chart;Lollipop chart;Cleveland dot plot;Mosaic plot;Small multiples;Diverging bar chart;Nightingale rose chart;Waterfall chart;Pictogram chart;Population pyramid;Equiplot;Gauge chart;Lollipop mutation plot;Ecological niche overlap plot;Mark-recapture survival plot;KPI card / big number tile;Bullet graph;Radial bar chart;Spine plot;Tally chart;Wrapped bar chart;Piled bar chart
P289,GO/pathway dot plot,,F14 Genomics & transcriptomics,S13,Nodes and edges,D,Data-driven,niche,stub,LS,bioinformatics,clusterProfiler::dotplot; enrichplot,24,Node-link network diagram;Chord diagram;Force-directed graph;Arc diagram;Adjacency matrix plot;Hive plot;Bipartite network plot;Transmission tree;Pathway diagram;Gene regulatory network plot;Protein-protein interaction network;Haplotype network;Psychometric network plot;Emissions / scenario pathway plot;Connectogram;Blockmodel image matrix;Sociogram;Migration flow chord / circular plot;Correlation
P290,Ridgeline enrichment plot,,F14 Genomics & transcriptomics,S26,Physical lab output (no input table),D,Data-driven,niche,stub,LS,bioinformatics,enrichplot::ridgeplot,64,Ridgeline plot;Scanning electron micrograph;Western blot;Southern blot;Northern blot;Far-western blot;Dot blot / slot blot;Agarose gel electrophoresis image;SDS-PAGE stained gel;Native PAGE / Blue-native PAGE;Zymogram;EMSA;Pulsed-field gel electrophoresis;Comet assay image;Autoradiograph;Brightfield micrograph;Phase contrast micrograph;DIC micrograph;Immunofluorescence micrograph;Confocal microgra
P291,PCA plot of samples (RNA-seq QC),,F14 Genomics & transcriptomics,S11,Many variables per observation (wide / high-dimensional),D,Data-driven,niche,stub,LS,transcriptomics,DESeq2::plotPCA; PCAtools,39,Scatter plot matrix;Parallel coordinates plot;PCA scores plot;Scree plot;Radar chart;PCA biplot;Multidimensional scaling plot;Chernoff faces;Silhouette plot;Elbow plot;Embedding projection plot;t-SNE embedding plot;UMAP embedding plot;Cell-cell communication circle plot;Beta diversity ordination;Loadings plot;Parallel analysis plot;PLS-DA / OPLS-DA scores plot;LDA / discriminant plot;Correspondenc
P292,Sample-sample distance heatmap,,F14 Genomics & transcriptomics,S12,Pairwise matrix,D,Data-driven,niche,stub,LS,transcriptomics,DESeq2; pheatmap,15,Heatmap (categorical matrix);Correlogram;Calendar heatmap;Autocorrelation plot;Confusion matrix heatmap;Clustered expression heatmap;Spiral plot;Oncoprint;Mass cytometry (CyTOF) heatmap;Antibiogram heatmap;Brain connectivity matrix;Cohort retention heatmap;Bertin reorderable matrix;Single-cell dot plot;RFM segmentation heatmap
P293,Sashimi plot,splice junction plot,F14 Genomics & transcriptomics,S23,Values along genomic coordinate,D,Data-driven,niche,deep,LS,transcriptomics,ggsashimi; IGV; rmats2sashimiplot,22,Circos plot;Ideogram / karyotype plot;Manhattan plot;Miami plot;LocusZoom plot;Metagene profile plot;Copy number profile plot;Fish plot;Synteny dot plot;Multiple sequence alignment plot;Admixture / STRUCTURE bar plot;Karyotype / chromosome painting plot;Circular Manhattan plot;Linkage disequilibrium heatmap;Genome browser track plot;Read coverage / pileup plot;Peak-centred heatmap;Peak annotation 
P294,Genome browser track plot,,F14 Genomics & transcriptomics,S23,Values along genomic coordinate,H,"Hybrid (instrument output, software-rendered)",niche,stub,LS,genomics,Gviz; IGV; pyGenomeTracks; UCSC Genome Browser,22,Circos plot;Ideogram / karyotype plot;Manhattan plot;Miami plot;LocusZoom plot;Metagene profile plot;Copy number profile plot;Fish plot;Synteny dot plot;Multiple sequence alignment plot;Admixture / STRUCTURE bar plot;Karyotype / chromosome painting plot;Circular Manhattan plot;Linkage disequilibrium heatmap;Sashimi plot;Read coverage / pileup plot;Peak-centred heatmap;Peak annotation pie / bar plo
P295,Read coverage / pileup plot,,F14 Genomics & transcriptomics,S23,Values along genomic coordinate,D,Data-driven,niche,stub,LS,genomics,Gviz; deepTools; IGV,22,Circos plot;Ideogram / karyotype plot;Manhattan plot;Miami plot;LocusZoom plot;Metagene profile plot;Copy number profile plot;Fish plot;Synteny dot plot;Multiple sequence alignment plot;Admixture / STRUCTURE bar plot;Karyotype / chromosome painting plot;Circular Manhattan plot;Linkage disequilibrium heatmap;Sashimi plot;Genome browser track plot;Peak-centred heatmap;Peak annotation pie / bar plot;
P296,Metagene profile plot,TSS/TES profile plot,F14 Genomics & transcriptomics,S23,Values along genomic coordinate,D,Data-driven,domain-signature,standard,LS,genomics;transcriptomics,deepTools plotProfile; ngs.plot,22,Circos plot;Ideogram / karyotype plot;Manhattan plot;Miami plot;LocusZoom plot;Copy number profile plot;Fish plot;Synteny dot plot;Multiple sequence alignment plot;Admixture / STRUCTURE bar plot;Karyotype / chromosome painting plot;Circular Manhattan plot;Linkage disequilibrium heatmap;Sashimi plot;Genome browser track plot;Read coverage / pileup plot;Peak-centred heatmap;Peak annotation pie / bar
P297,Peak-centred heatmap,ChIP/ATAC signal heatmap,F14 Genomics & transcriptomics,S23,Values along genomic coordinate,D,Data-driven,niche,stub,LS,genomics,deepTools plotHeatmap; EnrichedHeatmap,22,Circos plot;Ideogram / karyotype plot;Manhattan plot;Miami plot;LocusZoom plot;Metagene profile plot;Copy number profile plot;Fish plot;Synteny dot plot;Multiple sequence alignment plot;Admixture / STRUCTURE bar plot;Karyotype / chromosome painting plot;Circular Manhattan plot;Linkage disequilibrium heatmap;Sashimi plot;Genome browser track plot;Read coverage / pileup plot;Peak annotation pie / ba
P298,Peak annotation pie / bar plot,,F14 Genomics & transcriptomics,S23,Values along genomic coordinate,D,Data-driven,niche,stub,LS,genomics,ChIPseeker,22,Circos plot;Ideogram / karyotype plot;Manhattan plot;Miami plot;LocusZoom plot;Metagene profile plot;Copy number profile plot;Fish plot;Synteny dot plot;Multiple sequence alignment plot;Admixture / STRUCTURE bar plot;Karyotype / chromosome painting plot;Circular Manhattan plot;Linkage disequilibrium heatmap;Sashimi plot;Genome browser track plot;Read coverage / pileup plot;Peak-centred heatmap;Mot
P299,Motif enrichment logo plot,,F14 Genomics & transcriptomics,S23,Values along genomic coordinate,D,Data-driven,niche,stub,LS,genomics,HOMER; MEME; ggseqlogo,22,Circos plot;Ideogram / karyotype plot;Manhattan plot;Miami plot;LocusZoom plot;Metagene profile plot;Copy number profile plot;Fish plot;Synteny dot plot;Multiple sequence alignment plot;Admixture / STRUCTURE bar plot;Karyotype / chromosome painting plot;Circular Manhattan plot;Linkage disequilibrium heatmap;Sashimi plot;Genome browser track plot;Read coverage / pileup plot;Peak-centred heatmap;Pea
P300,Hi-C contact matrix heatmap,,F14 Genomics & transcriptomics,S23,Values along genomic coordinate,D,Data-driven,niche,stub,LS,genomics,HiCExplorer; Juicebox; cooltools,22,Circos plot;Ideogram / karyotype plot;Manhattan plot;Miami plot;LocusZoom plot;Metagene profile plot;Copy number profile plot;Fish plot;Synteny dot plot;Multiple sequence alignment plot;Admixture / STRUCTURE bar plot;Karyotype / chromosome painting plot;Circular Manhattan plot;Linkage disequilibrium heatmap;Sashimi plot;Genome browser track plot;Read coverage / pileup plot;Peak-centred heatmap;Pea
P301,Hi-C arc / loop plot,,F14 Genomics & transcriptomics,S23,Values along genomic coordinate,D,Data-driven,niche,stub,LS,genomics,pyGenomeTracks; Sushi,22,Circos plot;Ideogram / karyotype plot;Manhattan plot;Miami plot;LocusZoom plot;Metagene profile plot;Copy number profile plot;Fish plot;Synteny dot plot;Multiple sequence alignment plot;Admixture / STRUCTURE bar plot;Karyotype / chromosome painting plot;Circular Manhattan plot;Linkage disequilibrium heatmap;Sashimi plot;Genome browser track plot;Read coverage / pileup plot;Peak-centred heatmap;Pea
P302,Oncoprint,mutation waterfall matrix,F14 Genomics & transcriptomics,S12,Pairwise matrix,D,Data-driven,domain-signature,deep,HM;LS,oncology;cancer-biology,ComplexHeatmap::oncoPrint; maftools; cBioPortal,15,Heatmap (categorical matrix);Correlogram;Calendar heatmap;Autocorrelation plot;Confusion matrix heatmap;Clustered expression heatmap;Spiral plot;Mass cytometry (CyTOF) heatmap;Antibiogram heatmap;Brain connectivity matrix;Cohort retention heatmap;Bertin reorderable matrix;Sample-sample distance heatmap;Single-cell dot plot;RFM segmentation heatmap
P303,Lollipop mutation plot,protein domain mutation plot,F14 Genomics & transcriptomics,S05,One summary value per category,D,Data-driven,domain-signature,standard,HM;LS,oncology;genetics-clinical,maftools::lollipopPlot; g3viz; MutationMapper,28,Bar chart;Grouped bar chart;Lollipop chart;Cleveland dot plot;Mosaic plot;Small multiples;Diverging bar chart;Nightingale rose chart;Waterfall chart;Pictogram chart;Population pyramid;Equiplot;Gauge chart;GSEA enrichment plot;Ecological niche overlap plot;Mark-recapture survival plot;KPI card / big number tile;Bullet graph;Radial bar chart;Spine plot;Tally chart;Wrapped bar chart;Piled bar chart;D
P304,Mutational signature plot,96-trinucleotide context bar plot,F14 Genomics & transcriptomics,S01,One continuous variable,D,Data-driven,domain-signature,deep,LS;HM,cancer-biology;genomics,MutationalPatterns; SigProfiler; sigminer,44,Histogram;Density plot;Empirical CDF plot;Q-Q plot;Stem-and-leaf plot;Rug plot;Frequency polygon;Normal probability plot;Pareto chart;Spike histogram;Histogram with fitted distribution overlay;Cumulative frequency curve;GWAS Q-Q plot;Sequence logo;Alpha diversity plot;Rarefaction curve;Species accumulation curve;Rank-abundance curve;Stratigraphic column;Gutenberg-Richter plot;Detrital zircon KDE p
P305,Copy number profile plot,,F14 Genomics & transcriptomics,S23,Values along genomic coordinate,D,Data-driven,domain-signature,standard,LS;HM,cancer-biology;genomics,CNVkit; GenVisR; copynumber,22,Circos plot;Ideogram / karyotype plot;Manhattan plot;Miami plot;LocusZoom plot;Metagene profile plot;Fish plot;Synteny dot plot;Multiple sequence alignment plot;Admixture / STRUCTURE bar plot;Karyotype / chromosome painting plot;Circular Manhattan plot;Linkage disequilibrium heatmap;Sashimi plot;Genome browser track plot;Read coverage / pileup plot;Peak-centred heatmap;Peak annotation pie / bar pl
P306,Rainfall plot,mutation density along genome,F14 Genomics & transcriptomics,S23,Values along genomic coordinate,D,Data-driven,niche,stub,LS,cancer-biology,maftools::rainfallPlot,22,Circos plot;Ideogram / karyotype plot;Manhattan plot;Miami plot;LocusZoom plot;Metagene profile plot;Copy number profile plot;Fish plot;Synteny dot plot;Multiple sequence alignment plot;Admixture / STRUCTURE bar plot;Karyotype / chromosome painting plot;Circular Manhattan plot;Linkage disequilibrium heatmap;Sashimi plot;Genome browser track plot;Read coverage / pileup plot;Peak-centred heatmap;Pea
P307,Fish plot,clonal evolution plot; muller plot,F14 Genomics & transcriptomics,S23,Values along genomic coordinate,D,Data-driven,domain-signature,standard,LS;HM,cancer-biology;evolution,fishplot; timescape; ggmuller,22,Circos plot;Ideogram / karyotype plot;Manhattan plot;Miami plot;LocusZoom plot;Metagene profile plot;Copy number profile plot;Synteny dot plot;Multiple sequence alignment plot;Admixture / STRUCTURE bar plot;Karyotype / chromosome painting plot;Circular Manhattan plot;Linkage disequilibrium heatmap;Sashimi plot;Genome browser track plot;Read coverage / pileup plot;Peak-centred heatmap;Peak annotati
P308,Tumour mutational burden plot,,F14 Genomics & transcriptomics,S01,One continuous variable,D,Data-driven,niche,stub,HM,oncology,maftools::tcgaCompare,44,Histogram;Density plot;Empirical CDF plot;Q-Q plot;Stem-and-leaf plot;Rug plot;Frequency polygon;Normal probability plot;Pareto chart;Spike histogram;Histogram with fitted distribution overlay;Cumulative frequency curve;GWAS Q-Q plot;Mutational signature plot;Sequence logo;Alpha diversity plot;Rarefaction curve;Species accumulation curve;Rank-abundance curve;Stratigraphic column;Gutenberg-Richter 
P309,Synteny dot plot,genome alignment dot plot,F14 Genomics & transcriptomics,S23,Values along genomic coordinate,D,Data-driven,domain-signature,standard,LS,genomics;evolution,D-GENIES; MUMmer mummerplot; syntenyPlotteR,22,Circos plot;Ideogram / karyotype plot;Manhattan plot;Miami plot;LocusZoom plot;Metagene profile plot;Copy number profile plot;Fish plot;Multiple sequence alignment plot;Admixture / STRUCTURE bar plot;Karyotype / chromosome painting plot;Circular Manhattan plot;Linkage disequilibrium heatmap;Sashimi plot;Genome browser track plot;Read coverage / pileup plot;Peak-centred heatmap;Peak annotation pie 
P310,Sequence logo,,F14 Genomics & transcriptomics,S01,One continuous variable,D,Data-driven,domain-signature,deep,LS,genomics;structural-biology,ggseqlogo; WebLogo; seqLogo; logomaker,44,Histogram;Density plot;Empirical CDF plot;Q-Q plot;Stem-and-leaf plot;Rug plot;Frequency polygon;Normal probability plot;Pareto chart;Spike histogram;Histogram with fitted distribution overlay;Cumulative frequency curve;GWAS Q-Q plot;Mutational signature plot;Alpha diversity plot;Rarefaction curve;Species accumulation curve;Rank-abundance curve;Stratigraphic column;Gutenberg-Richter plot;Detrital 
P311,Multiple sequence alignment plot,,F14 Genomics & transcriptomics,S23,Values along genomic coordinate,D,Data-driven,domain-signature,standard,LS,evolution;structural-biology,ggmsa; Jalview; msa,22,Circos plot;Ideogram / karyotype plot;Manhattan plot;Miami plot;LocusZoom plot;Metagene profile plot;Copy number profile plot;Fish plot;Synteny dot plot;Admixture / STRUCTURE bar plot;Karyotype / chromosome painting plot;Circular Manhattan plot;Linkage disequilibrium heatmap;Sashimi plot;Genome browser track plot;Read coverage / pileup plot;Peak-centred heatmap;Peak annotation pie / bar plot;Motif
P312,Haplotype network,,F14 Genomics & transcriptomics,S13,Nodes and edges,D,Data-driven,domain-signature,standard,LS,evolution;microbiology,pegas::haploNet; PopART,24,Node-link network diagram;Chord diagram;Force-directed graph;Arc diagram;Adjacency matrix plot;Hive plot;Bipartite network plot;Transmission tree;Pathway diagram;Gene regulatory network plot;Protein-protein interaction network;Psychometric network plot;Emissions / scenario pathway plot;Connectogram;Blockmodel image matrix;Sociogram;Migration flow chord / circular plot;Correlation network (assets);
P313,Admixture / STRUCTURE bar plot,ancestry proportion plot,F14 Genomics & transcriptomics,S23,Values along genomic coordinate,D,Data-driven,domain-signature,standard,LS;SH,genomics;anthropology,pophelper; ADMIXTURE; STRUCTURE,22,Circos plot;Ideogram / karyotype plot;Manhattan plot;Miami plot;LocusZoom plot;Metagene profile plot;Copy number profile plot;Fish plot;Synteny dot plot;Multiple sequence alignment plot;Karyotype / chromosome painting plot;Circular Manhattan plot;Linkage disequilibrium heatmap;Sashimi plot;Genome browser track plot;Read coverage / pileup plot;Peak-centred heatmap;Peak annotation pie / bar plot;Mot
P314,Principal component ancestry plot,,F14 Genomics & transcriptomics,S11,Many variables per observation (wide / high-dimensional),D,Data-driven,niche,stub,LS,genomics,SNPRelate; PLINK; ggplot2,39,Scatter plot matrix;Parallel coordinates plot;PCA scores plot;Scree plot;Radar chart;PCA biplot;Multidimensional scaling plot;Chernoff faces;Silhouette plot;Elbow plot;Embedding projection plot;t-SNE embedding plot;UMAP embedding plot;Cell-cell communication circle plot;Beta diversity ordination;Loadings plot;Parallel analysis plot;PLS-DA / OPLS-DA scores plot;LDA / discriminant plot;Correspondenc
P315,Karyotype / chromosome painting plot,,F14 Genomics & transcriptomics,S23,Values along genomic coordinate,D,Data-driven,domain-signature,standard,LS,genomics;genetics-clinical,karyoploteR; RIdeogram,22,Circos plot;Ideogram / karyotype plot;Manhattan plot;Miami plot;LocusZoom plot;Metagene profile plot;Copy number profile plot;Fish plot;Synteny dot plot;Multiple sequence alignment plot;Admixture / STRUCTURE bar plot;Circular Manhattan plot;Linkage disequilibrium heatmap;Sashimi plot;Genome browser track plot;Read coverage / pileup plot;Peak-centred heatmap;Peak annotation pie / bar plot;Motif enr
P316,Pedigree chart,kinship diagram; family tree,F14 Genomics & transcriptomics,S14,Hierarchy,D,Data-driven,domain-signature,standard,HM;SH,genetics-clinical;anthropology,kinship2; pedigreemm; Progeny,14,Treemap;Dendrogram;Decision tree diagram;Sunburst diagram;Circle packing;Icicle plot;Phylogenetic tree;Time-scaled phylogeny;Tree diagram;Krona chart;Gating strategy figure;LEfSe cladogram;Organisational chart;Retrosynthesis tree
P317,t-SNE embedding plot,,F15 Single-cell & spatial omics,S11,Many variables per observation (wide / high-dimensional),D,Data-driven,domain-signature,deep,LS,single-cell;bioinformatics,Rtsne; Seurat::DimPlot; scanpy.pl.tsne,39,Scatter plot matrix;Parallel coordinates plot;PCA scores plot;Scree plot;Radar chart;PCA biplot;Multidimensional scaling plot;Chernoff faces;Silhouette plot;Elbow plot;Embedding projection plot;UMAP embedding plot;Cell-cell communication circle plot;Beta diversity ordination;Loadings plot;Parallel analysis plot;PLS-DA / OPLS-DA scores plot;LDA / discriminant plot;Correspondence analysis biplot;Mul
P318,UMAP embedding plot,,F15 Single-cell & spatial omics,S11,Many variables per observation (wide / high-dimensional),D,Data-driven,domain-signature,deep,LS,single-cell;bioinformatics,umap; Seurat::DimPlot; scanpy.pl.umap,39,Scatter plot matrix;Parallel coordinates plot;PCA scores plot;Scree plot;Radar chart;PCA biplot;Multidimensional scaling plot;Chernoff faces;Silhouette plot;Elbow plot;Embedding projection plot;t-SNE embedding plot;Cell-cell communication circle plot;Beta diversity ordination;Loadings plot;Parallel analysis plot;PLS-DA / OPLS-DA scores plot;LDA / discriminant plot;Correspondence analysis biplot;Mu
P319,Feature plot,expression-on-embedding plot,F15 Single-cell & spatial omics,S11,Many variables per observation (wide / high-dimensional),D,Data-driven,niche,stub,LS,single-cell,Seurat::FeaturePlot; scanpy.pl.umap(color=),39,Scatter plot matrix;Parallel coordinates plot;PCA scores plot;Scree plot;Radar chart;PCA biplot;Multidimensional scaling plot;Chernoff faces;Silhouette plot;Elbow plot;Embedding projection plot;t-SNE embedding plot;UMAP embedding plot;Cell-cell communication circle plot;Beta diversity ordination;Loadings plot;Parallel analysis plot;PLS-DA / OPLS-DA scores plot;LDA / discriminant plot;Correspondenc
P320,Single-cell dot plot,marker gene dot plot,F15 Single-cell & spatial omics,S12,Pairwise matrix,D,Data-driven,niche,stub,LS,single-cell,Seurat::DotPlot; scanpy.pl.dotplot,15,Heatmap (categorical matrix);Correlogram;Calendar heatmap;Autocorrelation plot;Confusion matrix heatmap;Clustered expression heatmap;Spiral plot;Oncoprint;Mass cytometry (CyTOF) heatmap;Antibiogram heatmap;Brain connectivity matrix;Cohort retention heatmap;Bertin reorderable matrix;Sample-sample distance heatmap;RFM segmentation heatmap
P321,Stacked violin plot,,F15 Single-cell & spatial omics,S02,"One continuous variable, split by group",D,Data-driven,niche,stub,LS,single-cell,scanpy.pl.stacked_violin; Seurat::VlnPlot,11,Box-and-whisker plot;Violin plot;Raincloud plot;Strip plot;Wilkinson dot plot;Beeswarm plot;Notched box plot;Bean plot;Sina plot;Letter-value plot;QC violin panel
P322,QC violin panel,nFeature / nCount / percent.mt plot,F15 Single-cell & spatial omics,S02,"One continuous variable, split by group",D,Data-driven,niche,stub,LS,single-cell,Seurat::VlnPlot; scanpy.pl.violin,11,Box-and-whisker plot;Violin plot;Raincloud plot;Strip plot;Wilkinson dot plot;Beeswarm plot;Notched box plot;Bean plot;Sina plot;Letter-value plot;Stacked violin plot
P323,Knee plot,barcode rank plot,F15 Single-cell & spatial omics,S24,Posterior or simulation draws,D,Data-driven,niche,stub,LS,single-cell,DropletUtils::barcodeRanks; CellRanger,12,Posterior density plot;Corner plot;Monte Carlo simulation fan;Quantile dotplot;Hypothetical outcome plot;Prior-posterior overlay plot;Markov trace plot;Regularisation path plot;MCMC trace plot;MCMC rank plot;Posterior predictive check plot;Expected value of information plot
P324,Pseudotime trajectory plot,,F15 Single-cell & spatial omics,S08,Time series,D,Data-driven,domain-signature,deep,LS,single-cell;dev-biology,monocle3; slingshot; scanpy PAGA,69,Line chart;Multi-series line chart;Area chart;Stacked area chart;Step chart;Gantt chart;Timeline;Control chart;Recurrence plot;Bump chart;Stream graph;Sparkline;Horizon chart;Cycle plot;Seasonal decomposition plot;Run chart;Moving average overlay chart;Lexis diagram;Marey chart;Fan chart;Epidemic curve;Compartmental model trajectory plot;Age-period-cohort plot;Life table survival plot;RNA velocity
P325,RNA velocity stream plot,,F15 Single-cell & spatial omics,S08,Time series,D,Data-driven,domain-signature,standard,LS,single-cell;dev-biology,scVelo; velocyto,69,Line chart;Multi-series line chart;Area chart;Stacked area chart;Step chart;Gantt chart;Timeline;Control chart;Recurrence plot;Bump chart;Stream graph;Sparkline;Horizon chart;Cycle plot;Seasonal decomposition plot;Run chart;Moving average overlay chart;Lexis diagram;Marey chart;Fan chart;Epidemic curve;Compartmental model trajectory plot;Age-period-cohort plot;Life table survival plot;Pseudotime t
P326,PAGA graph,,F15 Single-cell & spatial omics,S11,Many variables per observation (wide / high-dimensional),D,Data-driven,niche,stub,LS,single-cell,scanpy.pl.paga,39,Scatter plot matrix;Parallel coordinates plot;PCA scores plot;Scree plot;Radar chart;PCA biplot;Multidimensional scaling plot;Chernoff faces;Silhouette plot;Elbow plot;Embedding projection plot;t-SNE embedding plot;UMAP embedding plot;Cell-cell communication circle plot;Beta diversity ordination;Loadings plot;Parallel analysis plot;PLS-DA / OPLS-DA scores plot;LDA / discriminant plot;Correspondenc
P327,Cell-cell communication circle plot,,F15 Single-cell & spatial omics,S11,Many variables per observation (wide / high-dimensional),D,Data-driven,domain-signature,standard,LS,single-cell;immunology,CellChat; CellPhoneDB; LIANA,39,Scatter plot matrix;Parallel coordinates plot;PCA scores plot;Scree plot;Radar chart;PCA biplot;Multidimensional scaling plot;Chernoff faces;Silhouette plot;Elbow plot;Embedding projection plot;t-SNE embedding plot;UMAP embedding plot;Beta diversity ordination;Loadings plot;Parallel analysis plot;PLS-DA / OPLS-DA scores plot;LDA / discriminant plot;Correspondence analysis biplot;Multiple correspon
P328,Cell type proportion stacked bar,,F15 Single-cell & spatial omics,S06,Parts of a whole,D,Data-driven,niche,stub,LS,single-cell,ggplot2; scanpy,10,Stacked bar chart;100% stacked bar chart;Pie chart;Donut chart;Marimekko chart;Waffle chart;Likert plot;Taxonomic relative abundance bar plot;Nested pie chart;Proportional area chart
P329,Spatial feature plot,spot-level expression overlay,F15 Single-cell & spatial omics,S21,Image or raster grid,H,"Hybrid (instrument output, software-rendered)",niche,stub,LS,single-cell,Seurat::SpatialFeaturePlot; squidpy; Giotto,17,Spectrogram;Thermal / infrared camera image;fMRI statistical parametric map;Interferogram;Kymograph;Multiplexed tissue imaging figure;PIV vector field;Industrial CT slice / 3-D render;MRI image;PET / SPECT uptake image;OCT retinal scan;Micro-CT reconstruction;Small-animal MRI / preclinical MRI;Behavioural tracking heatmap;Glass brain plot;Cortical thickness / morphometry map;CT slice / MPR / 3-D v
P330,Spatial domain / niche map,,F15 Single-cell & spatial omics,S16,Values attached to geography,D,Data-driven,niche,stub,LS,single-cell,squidpy; BayesSpace; SpaGCN,62,Choropleth map;Proportional symbol map;LISA cluster map;Small-multiple map series;Flow map;Metabolic flux map;Enrichment map;Bivariate choropleth;Cartogram;Dot density map;Isopleth map;Kernel density surface map;Hexbin map;Connection map;Origin-destination flow map;Isochrone map;Voronoi / Thiessen polygon map;Moran scatterplot;Semivariogram;Kriging interpolation surface;Spatial scan cluster map;St
P331,Deconvolution proportion pie map,,F15 Single-cell & spatial omics,S16,Values attached to geography,D,Data-driven,niche,stub,LS,single-cell,SPOTlight; CARD; cell2location,62,Choropleth map;Proportional symbol map;LISA cluster map;Small-multiple map series;Flow map;Metabolic flux map;Enrichment map;Bivariate choropleth;Cartogram;Dot density map;Isopleth map;Kernel density surface map;Hexbin map;Connection map;Origin-destination flow map;Isochrone map;Voronoi / Thiessen polygon map;Moran scatterplot;Semivariogram;Kriging interpolation surface;Spatial scan cluster map;St
P332,Mass cytometry (CyTOF) heatmap,,F15 Single-cell & spatial omics,S12,Pairwise matrix,D,Data-driven,domain-signature,standard,LS,immunology;single-cell,CATALYST; diffcyt,15,Heatmap (categorical matrix);Correlogram;Calendar heatmap;Autocorrelation plot;Confusion matrix heatmap;Clustered expression heatmap;Spiral plot;Oncoprint;Antibiogram heatmap;Brain connectivity matrix;Cohort retention heatmap;Bertin reorderable matrix;Sample-sample distance heatmap;Single-cell dot plot;RFM segmentation heatmap
P333,FlowSOM minimum spanning tree,,F15 Single-cell & spatial omics,S11,Many variables per observation (wide / high-dimensional),D,Data-driven,niche,stub,LS,immunology,FlowSOM; CATALYST,39,Scatter plot matrix;Parallel coordinates plot;PCA scores plot;Scree plot;Radar chart;PCA biplot;Multidimensional scaling plot;Chernoff faces;Silhouette plot;Elbow plot;Embedding projection plot;t-SNE embedding plot;UMAP embedding plot;Cell-cell communication circle plot;Beta diversity ordination;Loadings plot;Parallel analysis plot;PLS-DA / OPLS-DA scores plot;LDA / discriminant plot;Correspondenc
P334,viSNE / opt-SNE plot,,F15 Single-cell & spatial omics,S11,Many variables per observation (wide / high-dimensional),D,Data-driven,niche,stub,LS,immunology,Cytobank; CATALYST,39,Scatter plot matrix;Parallel coordinates plot;PCA scores plot;Scree plot;Radar chart;PCA biplot;Multidimensional scaling plot;Chernoff faces;Silhouette plot;Elbow plot;Embedding projection plot;t-SNE embedding plot;UMAP embedding plot;Cell-cell communication circle plot;Beta diversity ordination;Loadings plot;Parallel analysis plot;PLS-DA / OPLS-DA scores plot;LDA / discriminant plot;Correspondenc
P335,Ramachandran plot,,F16 Structural & molecular,S29,Three-dimensional structure or spatial coordinates,D,Data-driven,domain-signature,deep,LS,structural-biology;biophysics,bio3d; MolProbity; PyMOL; Biopython,16,Molecular docking pose figure;Predicted aligned error plot;RMSD / RMSF trajectory plot;Protein domain architecture diagram;ORTEP thermal ellipsoid plot;Electron density difference map;Electronic band structure plot;Brillouin zone diagram;Gait analysis / motion capture stick figure;Cortical surface render;DTI tractography render;Protein structure cartoon;2-D ligand interaction diagram;pLDDT-coloure
P336,Protein structure cartoon,ribbon diagram,F16 Structural & molecular,S29,Three-dimensional structure or spatial coordinates,D,Data-driven,niche,stub,LS,structural-biology,PyMOL; ChimeraX; VMD; NGLview; Mol*,16,Ramachandran plot;Molecular docking pose figure;Predicted aligned error plot;RMSD / RMSF trajectory plot;Protein domain architecture diagram;ORTEP thermal ellipsoid plot;Electron density difference map;Electronic band structure plot;Brillouin zone diagram;Gait analysis / motion capture stick figure;Cortical surface render;DTI tractography render;2-D ligand interaction diagram;pLDDT-coloured struct
P337,Surface / electrostatic potential map,,F16 Structural & molecular,S16,Values attached to geography,D,Data-driven,domain-signature,standard,LS,structural-biology;biophysics,APBS; PyMOL; ChimeraX,62,Choropleth map;Proportional symbol map;LISA cluster map;Small-multiple map series;Flow map;Metabolic flux map;Enrichment map;Bivariate choropleth;Cartogram;Dot density map;Isopleth map;Kernel density surface map;Hexbin map;Connection map;Origin-destination flow map;Isochrone map;Voronoi / Thiessen polygon map;Moran scatterplot;Semivariogram;Kriging interpolation surface;Spatial scan cluster map;St
P338,Molecular docking pose figure,,F16 Structural & molecular,S29,Three-dimensional structure or spatial coordinates,D,Data-driven,domain-signature,standard,LS,pharmacology;structural-biology,AutoDock Vina; PyMOL; Maestro,16,Ramachandran plot;Predicted aligned error plot;RMSD / RMSF trajectory plot;Protein domain architecture diagram;ORTEP thermal ellipsoid plot;Electron density difference map;Electronic band structure plot;Brillouin zone diagram;Gait analysis / motion capture stick figure;Cortical surface render;DTI tractography render;Protein structure cartoon;2-D ligand interaction diagram;pLDDT-coloured structure;
P339,2-D ligand interaction diagram,,F16 Structural & molecular,S29,Three-dimensional structure or spatial coordinates,D,Data-driven,niche,stub,LS,pharmacology,LigPlot+; PoseView; Maestro; ProLIF,16,Ramachandran plot;Molecular docking pose figure;Predicted aligned error plot;RMSD / RMSF trajectory plot;Protein domain architecture diagram;ORTEP thermal ellipsoid plot;Electron density difference map;Electronic band structure plot;Brillouin zone diagram;Gait analysis / motion capture stick figure;Cortical surface render;DTI tractography render;Protein structure cartoon;pLDDT-coloured structure;U
P340,Cryo-EM density map figure,,F16 Structural & molecular,S16,Values attached to geography,H,"Hybrid (instrument output, software-rendered)",niche,stub,LS,structural-biology,ChimeraX; RELION; cryoSPARC,62,Choropleth map;Proportional symbol map;LISA cluster map;Small-multiple map series;Flow map;Metabolic flux map;Enrichment map;Bivariate choropleth;Cartogram;Dot density map;Isopleth map;Kernel density surface map;Hexbin map;Connection map;Origin-destination flow map;Isochrone map;Voronoi / Thiessen polygon map;Moran scatterplot;Semivariogram;Kriging interpolation surface;Spatial scan cluster map;St
P341,Predicted aligned error plot,PAE plot,F16 Structural & molecular,S29,Three-dimensional structure or spatial coordinates,D,Data-driven,domain-signature,deep,LS,structural-biology;bioinformatics,AlphaFold; ColabFold,16,Ramachandran plot;Molecular docking pose figure;RMSD / RMSF trajectory plot;Protein domain architecture diagram;ORTEP thermal ellipsoid plot;Electron density difference map;Electronic band structure plot;Brillouin zone diagram;Gait analysis / motion capture stick figure;Cortical surface render;DTI tractography render;Protein structure cartoon;2-D ligand interaction diagram;pLDDT-coloured structure
P342,pLDDT-coloured structure,,F16 Structural & molecular,S29,Three-dimensional structure or spatial coordinates,D,Data-driven,niche,stub,LS,structural-biology,AlphaFold; PyMOL,16,Ramachandran plot;Molecular docking pose figure;Predicted aligned error plot;RMSD / RMSF trajectory plot;Protein domain architecture diagram;ORTEP thermal ellipsoid plot;Electron density difference map;Electronic band structure plot;Brillouin zone diagram;Gait analysis / motion capture stick figure;Cortical surface render;DTI tractography render;Protein structure cartoon;2-D ligand interaction dia
P343,Residue contact map,,F16 Structural & molecular,S16,Values attached to geography,D,Data-driven,niche,stub,LS,structural-biology,bio3d; MDAnalysis,62,Choropleth map;Proportional symbol map;LISA cluster map;Small-multiple map series;Flow map;Metabolic flux map;Enrichment map;Bivariate choropleth;Cartogram;Dot density map;Isopleth map;Kernel density surface map;Hexbin map;Connection map;Origin-destination flow map;Isochrone map;Voronoi / Thiessen polygon map;Moran scatterplot;Semivariogram;Kriging interpolation surface;Spatial scan cluster map;St
P344,RMSD / RMSF trajectory plot,,F16 Structural & molecular,S29,Three-dimensional structure or spatial coordinates,D,Data-driven,domain-signature,standard,LS,biophysics;structural-biology,MDAnalysis; GROMACS; bio3d,16,Ramachandran plot;Molecular docking pose figure;Predicted aligned error plot;Protein domain architecture diagram;ORTEP thermal ellipsoid plot;Electron density difference map;Electronic band structure plot;Brillouin zone diagram;Gait analysis / motion capture stick figure;Cortical surface render;DTI tractography render;Protein structure cartoon;2-D ligand interaction diagram;pLDDT-coloured structur
P345,Free energy landscape plot,FEL; funnel plot (folding),F16 Structural & molecular,S18,Effect estimates with uncertainty,D,Data-driven,domain-signature,standard,LS;PE,biophysics,MDAnalysis; PLUMED; matplotlib,25,Coefficient plot;Error bars;Confidence ribbon;Forest plot;Caterpillar plot;Prediction interval plot;Tornado diagram;Gradient interval / eye plot / half-eye plot;Radial plot (Galbraith);Meta-regression bubble plot;Effect direction plot;Institutional funnel plot;Cost-effectiveness acceptability curve;Funnel plot (publication bias);Contour-enhanced funnel plot;L'Abbe plot;Baujat plot;League table hea
P346,Protein domain architecture diagram,,F16 Structural & molecular,S29,Three-dimensional structure or spatial coordinates,D,Data-driven,domain-signature,standard,LS,proteomics;bioinformatics,drawProteins; Pfam; InterPro; gggenes,16,Ramachandran plot;Molecular docking pose figure;Predicted aligned error plot;RMSD / RMSF trajectory plot;ORTEP thermal ellipsoid plot;Electron density difference map;Electronic band structure plot;Brillouin zone diagram;Gait analysis / motion capture stick figure;Cortical surface render;DTI tractography render;Protein structure cartoon;2-D ligand interaction diagram;pLDDT-coloured structure;Unit c
P347,ORTEP thermal ellipsoid plot,,F16 Structural & molecular,S29,Three-dimensional structure or spatial coordinates,D,Data-driven,domain-signature,standard,PE,crystallography;chem-inorganic,ORTEP-3; Mercury; Olex2,16,Ramachandran plot;Molecular docking pose figure;Predicted aligned error plot;RMSD / RMSF trajectory plot;Protein domain architecture diagram;Electron density difference map;Electronic band structure plot;Brillouin zone diagram;Gait analysis / motion capture stick figure;Cortical surface render;DTI tractography render;Protein structure cartoon;2-D ligand interaction diagram;pLDDT-coloured structure
P348,Unit cell packing diagram,,F16 Structural & molecular,S29,Three-dimensional structure or spatial coordinates,D,Data-driven,niche,stub,PE,crystallography,Mercury; VESTA; Diamond,16,Ramachandran plot;Molecular docking pose figure;Predicted aligned error plot;RMSD / RMSF trajectory plot;Protein domain architecture diagram;ORTEP thermal ellipsoid plot;Electron density difference map;Electronic band structure plot;Brillouin zone diagram;Gait analysis / motion capture stick figure;Cortical surface render;DTI tractography render;Protein structure cartoon;2-D ligand interaction dia
P349,Electron density difference map,,F16 Structural & molecular,S29,Three-dimensional structure or spatial coordinates,D,Data-driven,domain-signature,standard,PE;LS,crystallography,VESTA; Coot; PyMOL,16,Ramachandran plot;Molecular docking pose figure;Predicted aligned error plot;RMSD / RMSF trajectory plot;Protein domain architecture diagram;ORTEP thermal ellipsoid plot;Electronic band structure plot;Brillouin zone diagram;Gait analysis / motion capture stick figure;Cortical surface render;DTI tractography render;Protein structure cartoon;2-D ligand interaction diagram;pLDDT-coloured structure;Un
P350,Michaelis-Menten plot,,F16 Structural & molecular,S22,Model output vs observed,D,Data-driven,domain-signature,deep,LS,biochemistry;pharmacology,drc; GraphPad Prism; scipy,62,Regression line with confidence band;LOESS / LOWESS smoother;ROC curve;Feature importance plot;Spline / GAM partial effect plot;Calibration plot;Bland-Altman plot;Residual vs fitted plot;Added-variable plot;Marginal effects plot;Interaction plot;Nomogram;Precision-recall curve;Decision curve analysis;Lift chart / cumulative gains chart;SHAP beeswarm plot;SHAP force / waterfall plot;Partial depende
P351,Lineweaver-Burk plot,double reciprocal plot,F16 Structural & molecular,S22,Model output vs observed,D,Data-driven,niche,stub,LS,biochemistry,ggplot2; GraphPad Prism,62,Regression line with confidence band;LOESS / LOWESS smoother;ROC curve;Feature importance plot;Spline / GAM partial effect plot;Calibration plot;Bland-Altman plot;Residual vs fitted plot;Added-variable plot;Marginal effects plot;Interaction plot;Nomogram;Precision-recall curve;Decision curve analysis;Lift chart / cumulative gains chart;SHAP beeswarm plot;SHAP force / waterfall plot;Partial depende
P352,Eadie-Hofstee plot,,F16 Structural & molecular,S22,Model output vs observed,D,Data-driven,niche,stub,LS,biochemistry,ggplot2,62,Regression line with confidence band;LOESS / LOWESS smoother;ROC curve;Feature importance plot;Spline / GAM partial effect plot;Calibration plot;Bland-Altman plot;Residual vs fitted plot;Added-variable plot;Marginal effects plot;Interaction plot;Nomogram;Precision-recall curve;Decision curve analysis;Lift chart / cumulative gains chart;SHAP beeswarm plot;SHAP force / waterfall plot;Partial depende
P353,Hanes-Woolf plot,,F16 Structural & molecular,S22,Model output vs observed,D,Data-driven,niche,stub,LS,biochemistry,ggplot2,62,Regression line with confidence band;LOESS / LOWESS smoother;ROC curve;Feature importance plot;Spline / GAM partial effect plot;Calibration plot;Bland-Altman plot;Residual vs fitted plot;Added-variable plot;Marginal effects plot;Interaction plot;Nomogram;Precision-recall curve;Decision curve analysis;Lift chart / cumulative gains chart;SHAP beeswarm plot;SHAP force / waterfall plot;Partial depende
P354,Scatchard plot,,F16 Structural & molecular,S22,Model output vs observed,D,Data-driven,domain-signature,standard,LS,biochemistry;pharmacology,ggplot2; GraphPad Prism,62,Regression line with confidence band;LOESS / LOWESS smoother;ROC curve;Feature importance plot;Spline / GAM partial effect plot;Calibration plot;Bland-Altman plot;Residual vs fitted plot;Added-variable plot;Marginal effects plot;Interaction plot;Nomogram;Precision-recall curve;Decision curve analysis;Lift chart / cumulative gains chart;SHAP beeswarm plot;SHAP force / waterfall plot;Partial depende
P355,Hill plot,,F16 Structural & molecular,S22,Model output vs observed,D,Data-driven,domain-signature,standard,LS,pharmacology;biochemistry,drc; GraphPad Prism,62,Regression line with confidence band;LOESS / LOWESS smoother;ROC curve;Feature importance plot;Spline / GAM partial effect plot;Calibration plot;Bland-Altman plot;Residual vs fitted plot;Added-variable plot;Marginal effects plot;Interaction plot;Nomogram;Precision-recall curve;Decision curve analysis;Lift chart / cumulative gains chart;SHAP beeswarm plot;SHAP force / waterfall plot;Partial depende
P356,Binding isotherm / saturation curve,,F16 Structural & molecular,S22,Model output vs observed,D,Data-driven,domain-signature,standard,LS,biochemistry;biophysics,drc; GraphPad Prism,62,Regression line with confidence band;LOESS / LOWESS smoother;ROC curve;Feature importance plot;Spline / GAM partial effect plot;Calibration plot;Bland-Altman plot;Residual vs fitted plot;Added-variable plot;Marginal effects plot;Interaction plot;Nomogram;Precision-recall curve;Decision curve analysis;Lift chart / cumulative gains chart;SHAP beeswarm plot;SHAP force / waterfall plot;Partial depende
P357,Van Krevelen diagram,,F16 Structural & molecular,S03,Two continuous variables,D,Data-driven,cross-domain,standard,EE;LS;PE,geochemistry;metabolomics,MetaboAnalyst; ggplot2; iFOAM,56,Marginal histogram plot;Scatter plot;Bubble chart;Heat scatter / density scatter;Volcano plot;Pearce discrimination diagram;Bode plot;Pole-zero plot;Reaction coordinate diagram;Arrhenius plot;Van 't Hoff plot;Well log plot;Pollen diagram;Microfossil stratigraphic diagram;Age-depth model plot;Tree-ring chronology plot;Ice core isotope depth profile;Stable isotope cross plot;Keeling plot;Climograph;
P358,Taxonomic relative abundance bar plot,microbiome composition bar plot,F17 Ecology & biodiversity,S06,Parts of a whole,D,Data-driven,domain-signature,standard,LS;EE,microbiology;ecology,phyloseq; microbiome; microViz; QIIME2,10,Stacked bar chart;100% stacked bar chart;Pie chart;Donut chart;Marimekko chart;Waffle chart;Likert plot;Nested pie chart;Proportional area chart;Cell type proportion stacked bar
P359,Krona chart,hierarchical taxonomy sunburst,F17 Ecology & biodiversity,S14,Hierarchy,D,Data-driven,domain-signature,standard,LS,microbiology;bioinformatics,Krona; KronaTools,14,Treemap;Dendrogram;Decision tree diagram;Sunburst diagram;Circle packing;Icicle plot;Phylogenetic tree;Time-scaled phylogeny;Tree diagram;Pedigree chart;Gating strategy figure;LEfSe cladogram;Organisational chart;Retrosynthesis tree
P360,Alpha diversity plot,Shannon/Simpson box plot,F17 Ecology & biodiversity,S01,One continuous variable,D,Data-driven,domain-signature,standard,LS;EE,microbiology;ecology,phyloseq::plot_richness; vegan,44,Histogram;Density plot;Empirical CDF plot;Q-Q plot;Stem-and-leaf plot;Rug plot;Frequency polygon;Normal probability plot;Pareto chart;Spike histogram;Histogram with fitted distribution overlay;Cumulative frequency curve;GWAS Q-Q plot;Mutational signature plot;Sequence logo;Rarefaction curve;Species accumulation curve;Rank-abundance curve;Stratigraphic column;Gutenberg-Richter plot;Detrital zircon 
P361,Beta diversity ordination,PCoA/NMDS of Bray-Curtis,F17 Ecology & biodiversity,S11,Many variables per observation (wide / high-dimensional),D,Data-driven,domain-signature,standard,LS;EE,microbiology;ecology,vegan; phyloseq::ordinate,39,Scatter plot matrix;Parallel coordinates plot;PCA scores plot;Scree plot;Radar chart;PCA biplot;Multidimensional scaling plot;Chernoff faces;Silhouette plot;Elbow plot;Embedding projection plot;t-SNE embedding plot;UMAP embedding plot;Cell-cell communication circle plot;Loadings plot;Parallel analysis plot;PLS-DA / OPLS-DA scores plot;LDA / discriminant plot;Correspondence analysis biplot;Multiple
P362,Rarefaction curve,,F17 Ecology & biodiversity,S01,One continuous variable,D,Data-driven,domain-signature,deep,LS;EE,ecology;biodiversity,vegan::rarecurve; iNEXT,44,Histogram;Density plot;Empirical CDF plot;Q-Q plot;Stem-and-leaf plot;Rug plot;Frequency polygon;Normal probability plot;Pareto chart;Spike histogram;Histogram with fitted distribution overlay;Cumulative frequency curve;GWAS Q-Q plot;Mutational signature plot;Sequence logo;Alpha diversity plot;Species accumulation curve;Rank-abundance curve;Stratigraphic column;Gutenberg-Richter plot;Detrital zirc
P363,Species accumulation curve,,F17 Ecology & biodiversity,S01,One continuous variable,D,Data-driven,domain-signature,standard,LS;EE,ecology;biodiversity,vegan::specaccum; iNEXT,44,Histogram;Density plot;Empirical CDF plot;Q-Q plot;Stem-and-leaf plot;Rug plot;Frequency polygon;Normal probability plot;Pareto chart;Spike histogram;Histogram with fitted distribution overlay;Cumulative frequency curve;GWAS Q-Q plot;Mutational signature plot;Sequence logo;Alpha diversity plot;Rarefaction curve;Rank-abundance curve;Stratigraphic column;Gutenberg-Richter plot;Detrital zircon KDE pl
P364,Rank-abundance curve,Whittaker plot; dominance-diversity curve,F17 Ecology & biodiversity,S01,One continuous variable,D,Data-driven,domain-signature,standard,LS;EE,ecology;biodiversity,BiodiversityR; vegan::radfit,44,Histogram;Density plot;Empirical CDF plot;Q-Q plot;Stem-and-leaf plot;Rug plot;Frequency polygon;Normal probability plot;Pareto chart;Spike histogram;Histogram with fitted distribution overlay;Cumulative frequency curve;GWAS Q-Q plot;Mutational signature plot;Sequence logo;Alpha diversity plot;Rarefaction curve;Species accumulation curve;Stratigraphic column;Gutenberg-Richter plot;Detrital zircon 
P365,LEfSe cladogram,linear discriminant analysis effect size plot,F17 Ecology & biodiversity,S14,Hierarchy,D,Data-driven,niche,stub,LS,microbiology,LEfSe; microbiomeMarker,14,Treemap;Dendrogram;Decision tree diagram;Sunburst diagram;Circle packing;Icicle plot;Phylogenetic tree;Time-scaled phylogeny;Tree diagram;Pedigree chart;Krona chart;Gating strategy figure;Organisational chart;Retrosynthesis tree
P366,Differential abundance bubble plot,,F17 Ecology & biodiversity,S05,One summary value per category,D,Data-driven,niche,stub,LS,microbiology,ggplot2; ANCOM-BC,28,Bar chart;Grouped bar chart;Lollipop chart;Cleveland dot plot;Mosaic plot;Small multiples;Diverging bar chart;Nightingale rose chart;Waterfall chart;Pictogram chart;Population pyramid;Equiplot;Gauge chart;GSEA enrichment plot;Lollipop mutation plot;Ecological niche overlap plot;Mark-recapture survival plot;KPI card / big number tile;Bullet graph;Radial bar chart;Spine plot;Tally chart;Wrapped bar 
P367,Species distribution model suitability map,,F17 Ecology & biodiversity,S16,Values attached to geography,D,Data-driven,domain-signature,standard,LS;EE,ecology;biodiversity,dismo; MaxEnt; ENMeval; terra,62,Choropleth map;Proportional symbol map;LISA cluster map;Small-multiple map series;Flow map;Metabolic flux map;Enrichment map;Bivariate choropleth;Cartogram;Dot density map;Isopleth map;Kernel density surface map;Hexbin map;Connection map;Origin-destination flow map;Isochrone map;Voronoi / Thiessen polygon map;Moran scatterplot;Semivariogram;Kriging interpolation surface;Spatial scan cluster map;St
P368,Species richness map,,F17 Ecology & biodiversity,S16,Values attached to geography,D,Data-driven,domain-signature,standard,LS;EE,biodiversity;ecology,terra; letsR,62,Choropleth map;Proportional symbol map;LISA cluster map;Small-multiple map series;Flow map;Metabolic flux map;Enrichment map;Bivariate choropleth;Cartogram;Dot density map;Isopleth map;Kernel density surface map;Hexbin map;Connection map;Origin-destination flow map;Isochrone map;Voronoi / Thiessen polygon map;Moran scatterplot;Semivariogram;Kriging interpolation surface;Spatial scan cluster map;St
P369,Food web / trophic network diagram,,F17 Ecology & biodiversity,S13,Nodes and edges,D,Data-driven,niche,stub,LS,ecology,igraph; cheddar; Foodweb,24,Node-link network diagram;Chord diagram;Force-directed graph;Arc diagram;Adjacency matrix plot;Hive plot;Bipartite network plot;Transmission tree;Pathway diagram;Gene regulatory network plot;Protein-protein interaction network;Haplotype network;Psychometric network plot;Emissions / scenario pathway plot;Connectogram;Blockmodel image matrix;Sociogram;Migration flow chord / circular plot;Correlation
P370,Ecological niche overlap plot,,F17 Ecology & biodiversity,S05,One summary value per category,D,Data-driven,domain-signature,standard,LS,ecology;evolution,ecospat; hypervolume,28,Bar chart;Grouped bar chart;Lollipop chart;Cleveland dot plot;Mosaic plot;Small multiples;Diverging bar chart;Nightingale rose chart;Waterfall chart;Pictogram chart;Population pyramid;Equiplot;Gauge chart;GSEA enrichment plot;Lollipop mutation plot;Mark-recapture survival plot;KPI card / big number tile;Bullet graph;Radial bar chart;Spine plot;Tally chart;Wrapped bar chart;Piled bar chart;Differen
P371,Population dynamics / abundance time series,,F17 Ecology & biodiversity,S08,Time series,D,Data-driven,domain-signature,standard,LS;EE,ecology,ggplot2; popbio,69,Line chart;Multi-series line chart;Area chart;Stacked area chart;Step chart;Gantt chart;Timeline;Control chart;Recurrence plot;Bump chart;Stream graph;Sparkline;Horizon chart;Cycle plot;Seasonal decomposition plot;Run chart;Moving average overlay chart;Lexis diagram;Marey chart;Fan chart;Epidemic curve;Compartmental model trajectory plot;Age-period-cohort plot;Life table survival plot;Pseudotime t
P372,Leslie matrix / life-cycle graph,,F17 Ecology & biodiversity,S05,One summary value per category,D,Data-driven,niche,stub,LS,ecology,popbio; DiagrammeR,28,Bar chart;Grouped bar chart;Lollipop chart;Cleveland dot plot;Mosaic plot;Small multiples;Diverging bar chart;Nightingale rose chart;Waterfall chart;Pictogram chart;Population pyramid;Equiplot;Gauge chart;GSEA enrichment plot;Lollipop mutation plot;Ecological niche overlap plot;Mark-recapture survival plot;KPI card / big number tile;Bullet graph;Radial bar chart;Spine plot;Tally chart;Wrapped bar 
P373,Mark-recapture survival plot,,F17 Ecology & biodiversity,S05,One summary value per category,D,Data-driven,domain-signature,standard,LS,ecology;zoology-behaviour,RMark; marked,28,Bar chart;Grouped bar chart;Lollipop chart;Cleveland dot plot;Mosaic plot;Small multiples;Diverging bar chart;Nightingale rose chart;Waterfall chart;Pictogram chart;Population pyramid;Equiplot;Gauge chart;GSEA enrichment plot;Lollipop mutation plot;Ecological niche overlap plot;KPI card / big number tile;Bullet graph;Radial bar chart;Spine plot;Tally chart;Wrapped bar chart;Piled bar chart;Differe
P374,Home range / utilisation distribution map,kernel UD; MCP,F17 Ecology & biodiversity,S16,Values attached to geography,D,Data-driven,domain-signature,standard,LS,zoology-behaviour;ecology,adehabitatHR; amt; move,62,Choropleth map;Proportional symbol map;LISA cluster map;Small-multiple map series;Flow map;Metabolic flux map;Enrichment map;Bivariate choropleth;Cartogram;Dot density map;Isopleth map;Kernel density surface map;Hexbin map;Connection map;Origin-destination flow map;Isochrone map;Voronoi / Thiessen polygon map;Moran scatterplot;Semivariogram;Kriging interpolation surface;Spatial scan cluster map;St
P375,Ethogram,behaviour time budget plot,F17 Ecology & biodiversity,S05,One summary value per category,D,Data-driven,niche,stub,LS,zoology-behaviour,BORIS; ggplot2,28,Bar chart;Grouped bar chart;Lollipop chart;Cleveland dot plot;Mosaic plot;Small multiples;Diverging bar chart;Nightingale rose chart;Waterfall chart;Pictogram chart;Population pyramid;Equiplot;Gauge chart;GSEA enrichment plot;Lollipop mutation plot;Ecological niche overlap plot;Mark-recapture survival plot;KPI card / big number tile;Bullet graph;Radial bar chart;Spine plot;Tally chart;Wrapped bar 
P376,Phenology / growing season plot,,F17 Ecology & biodiversity,S08,Time series,D,Data-driven,domain-signature,standard,LS;EE,plant-science;climate,phenopix; ggplot2,69,Line chart;Multi-series line chart;Area chart;Stacked area chart;Step chart;Gantt chart;Timeline;Control chart;Recurrence plot;Bump chart;Stream graph;Sparkline;Horizon chart;Cycle plot;Seasonal decomposition plot;Run chart;Moving average overlay chart;Lexis diagram;Marey chart;Fan chart;Epidemic curve;Compartmental model trajectory plot;Age-period-cohort plot;Life table survival plot;Pseudotime t
P377,Growth curve (organismal / OD600),,F17 Ecology & biodiversity,S22,Model output vs observed,D,Data-driven,domain-signature,standard,LS,microbiology;biological-techniques,growthcurver; growthrates; ggplot2,62,Regression line with confidence band;LOESS / LOWESS smoother;ROC curve;Feature importance plot;Spline / GAM partial effect plot;Calibration plot;Bland-Altman plot;Residual vs fitted plot;Added-variable plot;Marginal effects plot;Interaction plot;Nomogram;Precision-recall curve;Decision curve analysis;Lift chart / cumulative gains chart;SHAP beeswarm plot;SHAP force / waterfall plot;Partial depende
P378,Bacterial growth-phase plot,lag/log/stationary curve,F17 Ecology & biodiversity,S22,Model output vs observed,D,Data-driven,niche,stub,LS,microbiology,growthcurver; ggplot2,62,Regression line with confidence band;LOESS / LOWESS smoother;ROC curve;Feature importance plot;Spline / GAM partial effect plot;Calibration plot;Bland-Altman plot;Residual vs fitted plot;Added-variable plot;Marginal effects plot;Interaction plot;Nomogram;Precision-recall curve;Decision curve analysis;Lift chart / cumulative gains chart;SHAP beeswarm plot;SHAP force / waterfall plot;Partial depende
P379,PCA scores plot,,F18 Ordination & dim reduction,S11,Many variables per observation (wide / high-dimensional),D,Data-driven,universal,deep,ALL,statistics;metabolomics,prcomp; factoextra; sklearn.PCA; PCAtools,39,Scatter plot matrix;Parallel coordinates plot;Scree plot;Radar chart;PCA biplot;Multidimensional scaling plot;Chernoff faces;Silhouette plot;Elbow plot;Embedding projection plot;t-SNE embedding plot;UMAP embedding plot;Cell-cell communication circle plot;Beta diversity ordination;Loadings plot;Parallel analysis plot;PLS-DA / OPLS-DA scores plot;LDA / discriminant plot;Correspondence analysis biplo
P380,PCA biplot,,F18 Ordination & dim reduction,S11,Many variables per observation (wide / high-dimensional),D,Data-driven,cross-domain,standard,LS;EE;SH,metabolomics;geochemistry,ggbiplot; factoextra::fviz_pca_biplot,39,Scatter plot matrix;Parallel coordinates plot;PCA scores plot;Scree plot;Radar chart;Multidimensional scaling plot;Chernoff faces;Silhouette plot;Elbow plot;Embedding projection plot;t-SNE embedding plot;UMAP embedding plot;Cell-cell communication circle plot;Beta diversity ordination;Loadings plot;Parallel analysis plot;PLS-DA / OPLS-DA scores plot;LDA / discriminant plot;Correspondence analysis 
P381,Scree plot,eigenvalue plot,F18 Ordination & dim reduction,S11,Many variables per observation (wide / high-dimensional),D,Data-driven,universal,deep,XM;SH;LS,statistics;psychology,factoextra::fviz_eig; psych,39,Scatter plot matrix;Parallel coordinates plot;PCA scores plot;Radar chart;PCA biplot;Multidimensional scaling plot;Chernoff faces;Silhouette plot;Elbow plot;Embedding projection plot;t-SNE embedding plot;UMAP embedding plot;Cell-cell communication circle plot;Beta diversity ordination;Loadings plot;Parallel analysis plot;PLS-DA / OPLS-DA scores plot;LDA / discriminant plot;Correspondence analysis 
P382,Loadings plot,,F18 Ordination & dim reduction,S11,Many variables per observation (wide / high-dimensional),D,Data-driven,domain-signature,standard,LS;PE,metabolomics;chem-analytical,factoextra; pca3d,39,Scatter plot matrix;Parallel coordinates plot;PCA scores plot;Scree plot;Radar chart;PCA biplot;Multidimensional scaling plot;Chernoff faces;Silhouette plot;Elbow plot;Embedding projection plot;t-SNE embedding plot;UMAP embedding plot;Cell-cell communication circle plot;Beta diversity ordination;Parallel analysis plot;PLS-DA / OPLS-DA scores plot;LDA / discriminant plot;Correspondence analysis bip
P383,Parallel analysis plot,,F18 Ordination & dim reduction,S11,Many variables per observation (wide / high-dimensional),D,Data-driven,domain-signature,standard,SH,psychology;education,psych::fa.parallel,39,Scatter plot matrix;Parallel coordinates plot;PCA scores plot;Scree plot;Radar chart;PCA biplot;Multidimensional scaling plot;Chernoff faces;Silhouette plot;Elbow plot;Embedding projection plot;t-SNE embedding plot;UMAP embedding plot;Cell-cell communication circle plot;Beta diversity ordination;Loadings plot;PLS-DA / OPLS-DA scores plot;LDA / discriminant plot;Correspondence analysis biplot;Multi
P384,PLS-DA / OPLS-DA scores plot,,F18 Ordination & dim reduction,S11,Many variables per observation (wide / high-dimensional),D,Data-driven,domain-signature,standard,LS;PE,metabolomics;chem-analytical,ropls; mixOmics; MetaboAnalyst,39,Scatter plot matrix;Parallel coordinates plot;PCA scores plot;Scree plot;Radar chart;PCA biplot;Multidimensional scaling plot;Chernoff faces;Silhouette plot;Elbow plot;Embedding projection plot;t-SNE embedding plot;UMAP embedding plot;Cell-cell communication circle plot;Beta diversity ordination;Loadings plot;Parallel analysis plot;LDA / discriminant plot;Correspondence analysis biplot;Multiple co
P385,VIP score plot,,F18 Ordination & dim reduction,S11,Many variables per observation (wide / high-dimensional),D,Data-driven,niche,stub,LS,metabolomics,mixOmics; ropls,39,Scatter plot matrix;Parallel coordinates plot;PCA scores plot;Scree plot;Radar chart;PCA biplot;Multidimensional scaling plot;Chernoff faces;Silhouette plot;Elbow plot;Embedding projection plot;t-SNE embedding plot;UMAP embedding plot;Cell-cell communication circle plot;Beta diversity ordination;Loadings plot;Parallel analysis plot;PLS-DA / OPLS-DA scores plot;LDA / discriminant plot;Correspondenc
P386,LDA / discriminant plot,,F18 Ordination & dim reduction,S11,Many variables per observation (wide / high-dimensional),D,Data-driven,domain-signature,standard,XM;LS,statistics;machine-learning,MASS::lda; sklearn.LDA,39,Scatter plot matrix;Parallel coordinates plot;PCA scores plot;Scree plot;Radar chart;PCA biplot;Multidimensional scaling plot;Chernoff faces;Silhouette plot;Elbow plot;Embedding projection plot;t-SNE embedding plot;UMAP embedding plot;Cell-cell communication circle plot;Beta diversity ordination;Loadings plot;Parallel analysis plot;PLS-DA / OPLS-DA scores plot;Correspondence analysis biplot;Multip
P387,Correspondence analysis biplot,,F18 Ordination & dim reduction,S11,Many variables per observation (wide / high-dimensional),D,Data-driven,domain-signature,standard,SH;LS,sociology;ecology,ca; FactoMineR::CA,39,Scatter plot matrix;Parallel coordinates plot;PCA scores plot;Scree plot;Radar chart;PCA biplot;Multidimensional scaling plot;Chernoff faces;Silhouette plot;Elbow plot;Embedding projection plot;t-SNE embedding plot;UMAP embedding plot;Cell-cell communication circle plot;Beta diversity ordination;Loadings plot;Parallel analysis plot;PLS-DA / OPLS-DA scores plot;LDA / discriminant plot;Multiple corr
P388,Multiple correspondence analysis plot,MCA,F18 Ordination & dim reduction,S11,Many variables per observation (wide / high-dimensional),D,Data-driven,domain-signature,standard,SH,sociology;marketing,FactoMineR::MCA; factoextra,39,Scatter plot matrix;Parallel coordinates plot;PCA scores plot;Scree plot;Radar chart;PCA biplot;Multidimensional scaling plot;Chernoff faces;Silhouette plot;Elbow plot;Embedding projection plot;t-SNE embedding plot;UMAP embedding plot;Cell-cell communication circle plot;Beta diversity ordination;Loadings plot;Parallel analysis plot;PLS-DA / OPLS-DA scores plot;LDA / discriminant plot;Correspondenc
P389,Multidimensional scaling plot,MDS; PCoA; classical scaling,F18 Ordination & dim reduction,S11,Many variables per observation (wide / high-dimensional),D,Data-driven,cross-domain,standard,LS;SH;XM,ecology;psychology,cmdscale; vegan; sklearn.MDS,39,Scatter plot matrix;Parallel coordinates plot;PCA scores plot;Scree plot;Radar chart;PCA biplot;Chernoff faces;Silhouette plot;Elbow plot;Embedding projection plot;t-SNE embedding plot;UMAP embedding plot;Cell-cell communication circle plot;Beta diversity ordination;Loadings plot;Parallel analysis plot;PLS-DA / OPLS-DA scores plot;LDA / discriminant plot;Correspondence analysis biplot;Multiple cor
P390,NMDS ordination plot,non-metric MDS,F18 Ordination & dim reduction,S11,Many variables per observation (wide / high-dimensional),D,Data-driven,domain-signature,deep,LS;EE,ecology;microbiology,vegan::metaMDS,39,Scatter plot matrix;Parallel coordinates plot;PCA scores plot;Scree plot;Radar chart;PCA biplot;Multidimensional scaling plot;Chernoff faces;Silhouette plot;Elbow plot;Embedding projection plot;t-SNE embedding plot;UMAP embedding plot;Cell-cell communication circle plot;Beta diversity ordination;Loadings plot;Parallel analysis plot;PLS-DA / OPLS-DA scores plot;LDA / discriminant plot;Correspondenc
P391,Shepard / stress plot,,F18 Ordination & dim reduction,S11,Many variables per observation (wide / high-dimensional),D,Data-driven,domain-signature,standard,LS;XM,ecology;statistics,vegan::stressplot,39,Scatter plot matrix;Parallel coordinates plot;PCA scores plot;Scree plot;Radar chart;PCA biplot;Multidimensional scaling plot;Chernoff faces;Silhouette plot;Elbow plot;Embedding projection plot;t-SNE embedding plot;UMAP embedding plot;Cell-cell communication circle plot;Beta diversity ordination;Loadings plot;Parallel analysis plot;PLS-DA / OPLS-DA scores plot;LDA / discriminant plot;Correspondenc
P392,Canonical correspondence analysis triplot,CCA triplot,F18 Ordination & dim reduction,S11,Many variables per observation (wide / high-dimensional),D,Data-driven,domain-signature,standard,LS;EE,ecology;environmental-sci,vegan::cca,39,Scatter plot matrix;Parallel coordinates plot;PCA scores plot;Scree plot;Radar chart;PCA biplot;Multidimensional scaling plot;Chernoff faces;Silhouette plot;Elbow plot;Embedding projection plot;t-SNE embedding plot;UMAP embedding plot;Cell-cell communication circle plot;Beta diversity ordination;Loadings plot;Parallel analysis plot;PLS-DA / OPLS-DA scores plot;LDA / discriminant plot;Correspondenc
P393,Redundancy analysis plot,RDA,F18 Ordination & dim reduction,S11,Many variables per observation (wide / high-dimensional),D,Data-driven,domain-signature,standard,LS;EE,ecology,vegan::rda,39,Scatter plot matrix;Parallel coordinates plot;PCA scores plot;Scree plot;Radar chart;PCA biplot;Multidimensional scaling plot;Chernoff faces;Silhouette plot;Elbow plot;Embedding projection plot;t-SNE embedding plot;UMAP embedding plot;Cell-cell communication circle plot;Beta diversity ordination;Loadings plot;Parallel analysis plot;PLS-DA / OPLS-DA scores plot;LDA / discriminant plot;Correspondenc
P394,Procrustes plot,,F18 Ordination & dim reduction,S11,Many variables per observation (wide / high-dimensional),D,Data-driven,domain-signature,standard,LS,ecology;evolution,vegan::procrustes; geomorph,39,Scatter plot matrix;Parallel coordinates plot;PCA scores plot;Scree plot;Radar chart;PCA biplot;Multidimensional scaling plot;Chernoff faces;Silhouette plot;Elbow plot;Embedding projection plot;t-SNE embedding plot;UMAP embedding plot;Cell-cell communication circle plot;Beta diversity ordination;Loadings plot;Parallel analysis plot;PLS-DA / OPLS-DA scores plot;LDA / discriminant plot;Correspondenc
P395,Self-organising map plot,Kohonen map,F18 Ordination & dim reduction,S16,Values attached to geography,D,Data-driven,domain-signature,standard,XM;EE,machine-learning;geochemistry,kohonen; minisom,62,Choropleth map;Proportional symbol map;LISA cluster map;Small-multiple map series;Flow map;Metabolic flux map;Enrichment map;Bivariate choropleth;Cartogram;Dot density map;Isopleth map;Kernel density surface map;Hexbin map;Connection map;Origin-destination flow map;Isochrone map;Voronoi / Thiessen polygon map;Moran scatterplot;Semivariogram;Kriging interpolation surface;Spatial scan cluster map;St
P396,SEM path diagram,structural equation model diagram,F18 Ordination & dim reduction,S11,Many variables per observation (wide / high-dimensional),D,Data-driven,domain-signature,standard,SH;LS,psychology;ecology,semPlot; lavaanPlot; DiagrammeR,39,Scatter plot matrix;Parallel coordinates plot;PCA scores plot;Scree plot;Radar chart;PCA biplot;Multidimensional scaling plot;Chernoff faces;Silhouette plot;Elbow plot;Embedding projection plot;t-SNE embedding plot;UMAP embedding plot;Cell-cell communication circle plot;Beta diversity ordination;Loadings plot;Parallel analysis plot;PLS-DA / OPLS-DA scores plot;LDA / discriminant plot;Correspondenc
P397,Psychometric network plot,Gaussian graphical model plot,F18 Ordination & dim reduction,S13,Nodes and edges,D,Data-driven,domain-signature,standard,SH;HM,psychology;psychiatry,qgraph; bootnet,24,Node-link network diagram;Chord diagram;Force-directed graph;Arc diagram;Adjacency matrix plot;Hive plot;Bipartite network plot;Transmission tree;Pathway diagram;Gene regulatory network plot;Protein-protein interaction network;Haplotype network;Emissions / scenario pathway plot;Connectogram;Blockmodel image matrix;Sociogram;Migration flow chord / circular plot;Correlation network (assets);Non-ribb
P398,Geometric morphometrics shape plot,Procrustes/PCA shape space; wireframe deformation,F18 Ordination & dim reduction,S11,Many variables per observation (wide / high-dimensional),D,Data-driven,domain-signature,standard,LS;SH,evolution;archaeology,geomorph; Morpho; MorphoJ,39,Scatter plot matrix;Parallel coordinates plot;PCA scores plot;Scree plot;Radar chart;PCA biplot;Multidimensional scaling plot;Chernoff faces;Silhouette plot;Elbow plot;Embedding projection plot;t-SNE embedding plot;UMAP embedding plot;Cell-cell communication circle plot;Beta diversity ordination;Loadings plot;Parallel analysis plot;PLS-DA / OPLS-DA scores plot;LDA / discriminant plot;Correspondenc
P399,Thin-plate spline deformation grid,,F18 Ordination & dim reduction,S11,Many variables per observation (wide / high-dimensional),D,Data-driven,domain-signature,standard,LS;SH,evolution;anthropology,geomorph; Morpho,39,Scatter plot matrix;Parallel coordinates plot;PCA scores plot;Scree plot;Radar chart;PCA biplot;Multidimensional scaling plot;Chernoff faces;Silhouette plot;Elbow plot;Embedding projection plot;t-SNE embedding plot;UMAP embedding plot;Cell-cell communication circle plot;Beta diversity ordination;Loadings plot;Parallel analysis plot;PLS-DA / OPLS-DA scores plot;LDA / discriminant plot;Correspondenc
P400,Ternary plot,triangle plot; simplex plot; de Finetti diagram,F19 Compositional & simplex,S09,Compositional (parts constrained to sum to a whole),D,Data-driven,cross-domain,deep,EE;PE;LS;SH,geochemistry;mineralogy-petrology;soil-science;ecology,Ternary (CRAN); ggtern; plotly; python-ternary; mpltern,13,Compositional log-ratio biplot;Ternary contour / heatmap plot;Quaternary plot;Soil texture triangle;AFM diagram;Piper diagram;Gibbs diagram (water chemistry);De Finetti diagram (genotype frequencies);QAPF diagram;TAS diagram;Stiff diagram;Schoeller diagram;Durov diagram
P401,Ternary contour / heatmap plot,,F19 Compositional & simplex,S09,Compositional (parts constrained to sum to a whole),D,Data-driven,domain-signature,standard,EE;PE,geochemistry;materials,Ternary; ggtern; mpltern,13,Ternary plot;Compositional log-ratio biplot;Quaternary plot;Soil texture triangle;AFM diagram;Piper diagram;Gibbs diagram (water chemistry);De Finetti diagram (genotype frequencies);QAPF diagram;TAS diagram;Stiff diagram;Schoeller diagram;Durov diagram
P402,Quaternary plot,tetrahedral / 3-simplex plot,F19 Compositional & simplex,S09,Compositional (parts constrained to sum to a whole),D,Data-driven,domain-signature,standard,PE;EE,materials;geochemistry,Ternary; plotly 3D,13,Ternary plot;Compositional log-ratio biplot;Ternary contour / heatmap plot;Soil texture triangle;AFM diagram;Piper diagram;Gibbs diagram (water chemistry);De Finetti diagram (genotype frequencies);QAPF diagram;TAS diagram;Stiff diagram;Schoeller diagram;Durov diagram
P403,Soil texture triangle,USDA texture triangle,F19 Compositional & simplex,S09,Compositional (parts constrained to sum to a whole),D,Data-driven,domain-signature,deep,EE,soil-science;plant-science,soiltexture (CRAN); ggtern; soil_texture (py),13,Ternary plot;Compositional log-ratio biplot;Ternary contour / heatmap plot;Quaternary plot;AFM diagram;Piper diagram;Gibbs diagram (water chemistry);De Finetti diagram (genotype frequencies);QAPF diagram;TAS diagram;Stiff diagram;Schoeller diagram;Durov diagram
P404,QAPF diagram,Streckeisen diagram,F19 Compositional & simplex,S09,Compositional (parts constrained to sum to a whole),D,Data-driven,niche,stub,EE,mineralogy-petrology,GCDkit; ggtern; Ternary,13,Ternary plot;Compositional log-ratio biplot;Ternary contour / heatmap plot;Quaternary plot;Soil texture triangle;AFM diagram;Piper diagram;Gibbs diagram (water chemistry);De Finetti diagram (genotype frequencies);TAS diagram;Stiff diagram;Schoeller diagram;Durov diagram
P405,AFM diagram,alkali-FeO-MgO diagram,F19 Compositional & simplex,S09,Compositional (parts constrained to sum to a whole),D,Data-driven,domain-signature,standard,EE,mineralogy-petrology;geochemistry,GCDkit; ggtern,13,Ternary plot;Compositional log-ratio biplot;Ternary contour / heatmap plot;Quaternary plot;Soil texture triangle;Piper diagram;Gibbs diagram (water chemistry);De Finetti diagram (genotype frequencies);QAPF diagram;TAS diagram;Stiff diagram;Schoeller diagram;Durov diagram
P406,TAS diagram,total alkali-silica diagram,F19 Compositional & simplex,S09,Compositional (parts constrained to sum to a whole),D,Data-driven,niche,deep,EE,mineralogy-petrology,GCDkit; tas (R); ggplot2,13,Ternary plot;Compositional log-ratio biplot;Ternary contour / heatmap plot;Quaternary plot;Soil texture triangle;AFM diagram;Piper diagram;Gibbs diagram (water chemistry);De Finetti diagram (genotype frequencies);QAPF diagram;Stiff diagram;Schoeller diagram;Durov diagram
P407,Harker diagram,oxide vs SiO2 variation diagram,F19 Compositional & simplex,S03,Two continuous variables,D,Data-driven,niche,stub,EE,geochemistry,GCDkit; ggplot2,56,Marginal histogram plot;Scatter plot;Bubble chart;Van Krevelen diagram;Heat scatter / density scatter;Volcano plot;Pearce discrimination diagram;Bode plot;Pole-zero plot;Reaction coordinate diagram;Arrhenius plot;Van 't Hoff plot;Well log plot;Pollen diagram;Microfossil stratigraphic diagram;Age-depth model plot;Tree-ring chronology plot;Ice core isotope depth profile;Stable isotope cross plot;Kee
P408,Spider diagram,normalised multi-element plot,F19 Compositional & simplex,S03,Two continuous variables,D,Data-driven,niche,stub,EE,geochemistry,GCDkit; ggplot2,56,Marginal histogram plot;Scatter plot;Bubble chart;Van Krevelen diagram;Heat scatter / density scatter;Volcano plot;Pearce discrimination diagram;Bode plot;Pole-zero plot;Reaction coordinate diagram;Arrhenius plot;Van 't Hoff plot;Well log plot;Pollen diagram;Microfossil stratigraphic diagram;Age-depth model plot;Tree-ring chronology plot;Ice core isotope depth profile;Stable isotope cross plot;Kee
P409,REE chondrite-normalised plot,rare earth element pattern,F19 Compositional & simplex,S03,Two continuous variables,D,Data-driven,niche,stub,EE,geochemistry,GCDkit; ggplot2,56,Marginal histogram plot;Scatter plot;Bubble chart;Van Krevelen diagram;Heat scatter / density scatter;Volcano plot;Pearce discrimination diagram;Bode plot;Pole-zero plot;Reaction coordinate diagram;Arrhenius plot;Van 't Hoff plot;Well log plot;Pollen diagram;Microfossil stratigraphic diagram;Age-depth model plot;Tree-ring chronology plot;Ice core isotope depth profile;Stable isotope cross plot;Kee
P410,Pearce discrimination diagram,tectonic discrimination diagram,F19 Compositional & simplex,S03,Two continuous variables,D,Data-driven,domain-signature,standard,EE,geochemistry;geology,GCDkit; ggtern,56,Marginal histogram plot;Scatter plot;Bubble chart;Van Krevelen diagram;Heat scatter / density scatter;Volcano plot;Bode plot;Pole-zero plot;Reaction coordinate diagram;Arrhenius plot;Van 't Hoff plot;Well log plot;Pollen diagram;Microfossil stratigraphic diagram;Age-depth model plot;Tree-ring chronology plot;Ice core isotope depth profile;Stable isotope cross plot;Keeling plot;Climograph;Flow cyto
P411,Piper diagram,Piper trilinear diagram,F19 Compositional & simplex,S09,Compositional (parts constrained to sum to a whole),D,Data-driven,domain-signature,deep,EE,hydrology;geochemistry,hydrogeo; smwrGraphs; WQChartPy,13,Ternary plot;Compositional log-ratio biplot;Ternary contour / heatmap plot;Quaternary plot;Soil texture triangle;AFM diagram;Gibbs diagram (water chemistry);De Finetti diagram (genotype frequencies);QAPF diagram;TAS diagram;Stiff diagram;Schoeller diagram;Durov diagram
P412,Stiff diagram,,F19 Compositional & simplex,S09,Compositional (parts constrained to sum to a whole),D,Data-driven,niche,stub,EE,hydrology,hydrogeo; WQChartPy,13,Ternary plot;Compositional log-ratio biplot;Ternary contour / heatmap plot;Quaternary plot;Soil texture triangle;AFM diagram;Piper diagram;Gibbs diagram (water chemistry);De Finetti diagram (genotype frequencies);QAPF diagram;TAS diagram;Schoeller diagram;Durov diagram
P413,Schoeller diagram,,F19 Compositional & simplex,S09,Compositional (parts constrained to sum to a whole),D,Data-driven,niche,stub,EE,hydrology,WQChartPy; smwrGraphs,13,Ternary plot;Compositional log-ratio biplot;Ternary contour / heatmap plot;Quaternary plot;Soil texture triangle;AFM diagram;Piper diagram;Gibbs diagram (water chemistry);De Finetti diagram (genotype frequencies);QAPF diagram;TAS diagram;Stiff diagram;Durov diagram
P414,Durov diagram,,F19 Compositional & simplex,S09,Compositional (parts constrained to sum to a whole),D,Data-driven,niche,stub,EE,hydrology,WQChartPy,13,Ternary plot;Compositional log-ratio biplot;Ternary contour / heatmap plot;Quaternary plot;Soil texture triangle;AFM diagram;Piper diagram;Gibbs diagram (water chemistry);De Finetti diagram (genotype frequencies);QAPF diagram;TAS diagram;Stiff diagram;Schoeller diagram
P415,Gibbs diagram (water chemistry),,F19 Compositional & simplex,S09,Compositional (parts constrained to sum to a whole),D,Data-driven,domain-signature,standard,EE,hydrology;geochemistry,WQChartPy; ggplot2,13,Ternary plot;Compositional log-ratio biplot;Ternary contour / heatmap plot;Quaternary plot;Soil texture triangle;AFM diagram;Piper diagram;De Finetti diagram (genotype frequencies);QAPF diagram;TAS diagram;Stiff diagram;Schoeller diagram;Durov diagram
P416,Compositional log-ratio biplot,CLR/ILR biplot,F19 Compositional & simplex,S09,Compositional (parts constrained to sum to a whole),D,Data-driven,cross-domain,deep,XM;LS;EE,statistics;microbiology,compositions; robCompositions; scikit-bio,13,Ternary plot;Ternary contour / heatmap plot;Quaternary plot;Soil texture triangle;AFM diagram;Piper diagram;Gibbs diagram (water chemistry);De Finetti diagram (genotype frequencies);QAPF diagram;TAS diagram;Stiff diagram;Schoeller diagram;Durov diagram
P417,De Finetti diagram (genotype frequencies),Hardy-Weinberg ternary plot,F19 Compositional & simplex,S09,Compositional (parts constrained to sum to a whole),D,Data-driven,domain-signature,standard,LS,genetics;genomics,HardyWeinberg; ggtern,13,Ternary plot;Compositional log-ratio biplot;Ternary contour / heatmap plot;Quaternary plot;Soil texture triangle;AFM diagram;Piper diagram;Gibbs diagram (water chemistry);QAPF diagram;TAS diagram;Stiff diagram;Schoeller diagram;Durov diagram
P418,Rose diagram,circular histogram; polar rose,F20 Directional & circular,S10,Directional or circular,D,Data-driven,domain-signature,deep,EE;LS,geology;zoology-behaviour,circular; Directional; openair; matplotlib polar,16,Phase portrait;Wind rose;Pollution rose;Polar plot;Stereonet;Pole figure;Inverse pole figure;Orientation distribution function plot;Circular density plot;Circadian phase / acrophase plot;Poincare plot (HRV);Circular dendrogram;Compass / orientation vector plot;X-ray diffraction pattern;Wave / current rose;Focal mechanism beachball plot
P419,Wind rose,,F20 Directional & circular,S10,Directional or circular,D,Data-driven,domain-signature,deep,EE;PE,atmospheric;energy,openair::windRose; plotly barpolar; windrose (py),16,Phase portrait;Rose diagram;Pollution rose;Polar plot;Stereonet;Pole figure;Inverse pole figure;Orientation distribution function plot;Circular density plot;Circadian phase / acrophase plot;Poincare plot (HRV);Circular dendrogram;Compass / orientation vector plot;X-ray diffraction pattern;Wave / current rose;Focal mechanism beachball plot
P420,Wave / current rose,,F20 Directional & circular,S10,Directional or circular,D,Data-driven,niche,stub,EE,oceanography,openair; oce,16,Phase portrait;Rose diagram;Wind rose;Pollution rose;Polar plot;Stereonet;Pole figure;Inverse pole figure;Orientation distribution function plot;Circular density plot;Circadian phase / acrophase plot;Poincare plot (HRV);Circular dendrogram;Compass / orientation vector plot;X-ray diffraction pattern;Focal mechanism beachball plot
P421,Pollution rose,,F20 Directional & circular,S10,Directional or circular,D,Data-driven,domain-signature,standard,EE,environmental-sci;atmospheric,openair::pollutionRose,16,Phase portrait;Rose diagram;Wind rose;Polar plot;Stereonet;Pole figure;Inverse pole figure;Orientation distribution function plot;Circular density plot;Circadian phase / acrophase plot;Poincare plot (HRV);Circular dendrogram;Compass / orientation vector plot;X-ray diffraction pattern;Wave / current rose;Focal mechanism beachball plot
P422,Polar plot,polar coordinate scatter/line,F20 Directional & circular,S10,Directional or circular,D,Data-driven,domain-signature,standard,EE;PE,atmospheric;physics-general,openair::polarPlot; matplotlib polar,16,Phase portrait;Rose diagram;Wind rose;Pollution rose;Stereonet;Pole figure;Inverse pole figure;Orientation distribution function plot;Circular density plot;Circadian phase / acrophase plot;Poincare plot (HRV);Circular dendrogram;Compass / orientation vector plot;X-ray diffraction pattern;Wave / current rose;Focal mechanism beachball plot
P423,Stereonet,equal-area (Schmidt) net; Wulff net; lower-hemisphere projection,F20 Directional & circular,S10,Directional or circular,D,Data-driven,domain-signature,deep,EE,geology;geophysics,mplstereonet; RFOC; Stereonet (Allmendinger); OpenStereo,16,Phase portrait;Rose diagram;Wind rose;Pollution rose;Polar plot;Pole figure;Inverse pole figure;Orientation distribution function plot;Circular density plot;Circadian phase / acrophase plot;Poincare plot (HRV);Circular dendrogram;Compass / orientation vector plot;X-ray diffraction pattern;Wave / current rose;Focal mechanism beachball plot
P424,Pole figure,crystallographic texture plot,F20 Directional & circular,S10,Directional or circular,D,Data-driven,domain-signature,deep,PE,crystallography;materials,MTEX; pymatgen; orix,16,Phase portrait;Rose diagram;Wind rose;Pollution rose;Polar plot;Stereonet;Inverse pole figure;Orientation distribution function plot;Circular density plot;Circadian phase / acrophase plot;Poincare plot (HRV);Circular dendrogram;Compass / orientation vector plot;X-ray diffraction pattern;Wave / current rose;Focal mechanism beachball plot
P425,Inverse pole figure,IPF map,F20 Directional & circular,S10,Directional or circular,D,Data-driven,domain-signature,standard,PE,materials;crystallography,MTEX; orix,16,Phase portrait;Rose diagram;Wind rose;Pollution rose;Polar plot;Stereonet;Pole figure;Orientation distribution function plot;Circular density plot;Circadian phase / acrophase plot;Poincare plot (HRV);Circular dendrogram;Compass / orientation vector plot;X-ray diffraction pattern;Wave / current rose;Focal mechanism beachball plot
P426,Orientation distribution function plot,ODF section plot,F20 Directional & circular,S10,Directional or circular,D,Data-driven,domain-signature,standard,PE,materials;crystallography,MTEX,16,Phase portrait;Rose diagram;Wind rose;Pollution rose;Polar plot;Stereonet;Pole figure;Inverse pole figure;Circular density plot;Circadian phase / acrophase plot;Poincare plot (HRV);Circular dendrogram;Compass / orientation vector plot;X-ray diffraction pattern;Wave / current rose;Focal mechanism beachball plot
P427,Focal mechanism beachball plot,fault plane solution,F20 Directional & circular,S10,Directional or circular,D,Data-driven,niche,deep,EE,geophysics,obspy.imaging.beachball; RFOC; pyrocko,16,Phase portrait;Rose diagram;Wind rose;Pollution rose;Polar plot;Stereonet;Pole figure;Inverse pole figure;Orientation distribution function plot;Circular density plot;Circadian phase / acrophase plot;Poincare plot (HRV);Circular dendrogram;Compass / orientation vector plot;X-ray diffraction pattern;Wave / current rose
P428,Circular density plot,,F20 Directional & circular,S10,Directional or circular,D,Data-driven,domain-signature,standard,LS;EE,zoology-behaviour;geology,circular; bpnreg,16,Phase portrait;Rose diagram;Wind rose;Pollution rose;Polar plot;Stereonet;Pole figure;Inverse pole figure;Orientation distribution function plot;Circadian phase / acrophase plot;Poincare plot (HRV);Circular dendrogram;Compass / orientation vector plot;X-ray diffraction pattern;Wave / current rose;Focal mechanism beachball plot
P429,Actogram,double-plotted actogram,F20 Directional & circular,S20,Instrument trace (signal vs time),H,"Hybrid (instrument output, software-rendered)",domain-signature,standard,LS;HM,neuroscience;psychiatry,ActogramJ; ClockLab; GGIR; actogram (py),27,Eye diagram;Sanger sequencing chromatogram;Bioanalyzer / TapeStation trace;Capillary electrophoresis electropherogram;FRAP recovery curve;qPCR amplification curve;SPR sensorgram;Thermal shift melt curve;Seahorse OCR/ECAR trace;xCELLigence impedance trace;Patch-clamp trace;EEG multichannel trace;EEG topographic scalp map;ERP waveform plot;Time-frequency / ERSP plot;EMG trace;Actigraphy / accelerome
P430,Circadian phase / acrophase plot,cosinor plot,F20 Directional & circular,S10,Directional or circular,D,Data-driven,domain-signature,standard,LS;HM,neuroscience;physiology,cosinor; cosinor2; CircaCompare,16,Phase portrait;Rose diagram;Wind rose;Pollution rose;Polar plot;Stereonet;Pole figure;Inverse pole figure;Orientation distribution function plot;Circular density plot;Poincare plot (HRV);Circular dendrogram;Compass / orientation vector plot;X-ray diffraction pattern;Wave / current rose;Focal mechanism beachball plot
P431,Phase portrait,phase plane plot,F20 Directional & circular,S10,Directional or circular,D,Data-driven,cross-domain,standard,PE;XM;LS,mathematics;simulation,phaseR; matplotlib,16,Rose diagram;Wind rose;Pollution rose;Polar plot;Stereonet;Pole figure;Inverse pole figure;Orientation distribution function plot;Circular density plot;Circadian phase / acrophase plot;Poincare plot (HRV);Circular dendrogram;Compass / orientation vector plot;X-ray diffraction pattern;Wave / current rose;Focal mechanism beachball plot
P432,Poincare plot (HRV),return map,F20 Directional & circular,S10,Directional or circular,D,Data-driven,domain-signature,standard,HM,cardiology;sports-exercise,RHRV; neurokit2,16,Phase portrait;Rose diagram;Wind rose;Pollution rose;Polar plot;Stereonet;Pole figure;Inverse pole figure;Orientation distribution function plot;Circular density plot;Circadian phase / acrophase plot;Circular dendrogram;Compass / orientation vector plot;X-ray diffraction pattern;Wave / current rose;Focal mechanism beachball plot
P433,Circular dendrogram,fan tree,F20 Directional & circular,S10,Directional or circular,D,Data-driven,domain-signature,standard,LS,evolution;microbiology,ggtree(layout=circular); dendextend; iTOL,16,Phase portrait;Rose diagram;Wind rose;Pollution rose;Polar plot;Stereonet;Pole figure;Inverse pole figure;Orientation distribution function plot;Circular density plot;Circadian phase / acrophase plot;Poincare plot (HRV);Compass / orientation vector plot;X-ray diffraction pattern;Wave / current rose;Focal mechanism beachball plot
P434,Compass / orientation vector plot,,F20 Directional & circular,S10,Directional or circular,D,Data-driven,domain-signature,standard,EE;LS,geology;zoology-behaviour,circular; oce,16,Phase portrait;Rose diagram;Wind rose;Pollution rose;Polar plot;Stereonet;Pole figure;Inverse pole figure;Orientation distribution function plot;Circular density plot;Circadian phase / acrophase plot;Poincare plot (HRV);Circular dendrogram;X-ray diffraction pattern;Wave / current rose;Focal mechanism beachball plot
P435,Optical absorption spectrum,UV-Vis spectrum,F21 Spectra & signals,S19,Spectrum (intensity vs ordered index),H,"Hybrid (instrument output, software-rendered)",domain-signature,standard,PE;LS,chem-analytical;chem-physical,hyperSpec; ChemoSpec; Origin,39,Power spectral density plot;Wavelet scalogram;Waterfall plot (stacked traces);Spectral index map;Fluorescence emission/excitation spectrum;Excitation-emission matrix contour;Infrared / FTIR spectrum;Raman spectrum;Circular dichroism spectrum;1-D NMR spectrum;Mass spectrum;MS/MS annotated fragment spectrum;Mirror plot (spectral match);Total ion chromatogram;Extracted ion chromatogram;HPLC / GC chro
P436,Fluorescence emission/excitation spectrum,,F21 Spectra & signals,S19,Spectrum (intensity vs ordered index),H,"Hybrid (instrument output, software-rendered)",domain-signature,standard,PE;LS,chem-analytical;biophysics,hyperSpec; Origin,39,Power spectral density plot;Wavelet scalogram;Waterfall plot (stacked traces);Spectral index map;Optical absorption spectrum;Excitation-emission matrix contour;Infrared / FTIR spectrum;Raman spectrum;Circular dichroism spectrum;1-D NMR spectrum;Mass spectrum;MS/MS annotated fragment spectrum;Mirror plot (spectral match);Total ion chromatogram;Extracted ion chromatogram;HPLC / GC chromatogram;Rietv
P437,Excitation-emission matrix contour,EEM plot,F21 Spectra & signals,S19,Spectrum (intensity vs ordered index),H,"Hybrid (instrument output, software-rendered)",domain-signature,standard,EE;PE,environmental-sci;chem-analytical,eemR; staRdom; drEEM,39,Power spectral density plot;Wavelet scalogram;Waterfall plot (stacked traces);Spectral index map;Optical absorption spectrum;Fluorescence emission/excitation spectrum;Infrared / FTIR spectrum;Raman spectrum;Circular dichroism spectrum;1-D NMR spectrum;Mass spectrum;MS/MS annotated fragment spectrum;Mirror plot (spectral match);Total ion chromatogram;Extracted ion chromatogram;HPLC / GC chromatogra
P438,Infrared / FTIR spectrum,,F21 Spectra & signals,S19,Spectrum (intensity vs ordered index),H,"Hybrid (instrument output, software-rendered)",domain-signature,standard,PE;LS,chem-analytical;materials,hyperSpec; ChemoSpec; OPUS,39,Power spectral density plot;Wavelet scalogram;Waterfall plot (stacked traces);Spectral index map;Optical absorption spectrum;Fluorescence emission/excitation spectrum;Excitation-emission matrix contour;Raman spectrum;Circular dichroism spectrum;1-D NMR spectrum;Mass spectrum;MS/MS annotated fragment spectrum;Mirror plot (spectral match);Total ion chromatogram;Extracted ion chromatogram;HPLC / GC c
P439,Raman spectrum,,F21 Spectra & signals,S19,Spectrum (intensity vs ordered index),H,"Hybrid (instrument output, software-rendered)",domain-signature,standard,PE;LS,chem-analytical;materials,hyperSpec; ramanspy; LabSpec,39,Power spectral density plot;Wavelet scalogram;Waterfall plot (stacked traces);Spectral index map;Optical absorption spectrum;Fluorescence emission/excitation spectrum;Excitation-emission matrix contour;Infrared / FTIR spectrum;Circular dichroism spectrum;1-D NMR spectrum;Mass spectrum;MS/MS annotated fragment spectrum;Mirror plot (spectral match);Total ion chromatogram;Extracted ion chromatogram;H
P440,Circular dichroism spectrum,,F21 Spectra & signals,S19,Spectrum (intensity vs ordered index),H,"Hybrid (instrument output, software-rendered)",domain-signature,standard,LS,structural-biology;biophysics,CDPro; DichroWeb; Origin,39,Power spectral density plot;Wavelet scalogram;Waterfall plot (stacked traces);Spectral index map;Optical absorption spectrum;Fluorescence emission/excitation spectrum;Excitation-emission matrix contour;Infrared / FTIR spectrum;Raman spectrum;1-D NMR spectrum;Mass spectrum;MS/MS annotated fragment spectrum;Mirror plot (spectral match);Total ion chromatogram;Extracted ion chromatogram;HPLC / GC chro
P441,1-D NMR spectrum,,F21 Spectra & signals,S19,Spectrum (intensity vs ordered index),H,"Hybrid (instrument output, software-rendered)",domain-signature,standard,PE;LS,chem-organic;metabolomics,TopSpin; MestReNova; nmrglue; rDolphin,39,Power spectral density plot;Wavelet scalogram;Waterfall plot (stacked traces);Spectral index map;Optical absorption spectrum;Fluorescence emission/excitation spectrum;Excitation-emission matrix contour;Infrared / FTIR spectrum;Raman spectrum;Circular dichroism spectrum;Mass spectrum;MS/MS annotated fragment spectrum;Mirror plot (spectral match);Total ion chromatogram;Extracted ion chromatogram;HPL
P442,2-D NMR contour plot,COSY; HSQC; HMBC; NOESY,F21 Spectra & signals,S25,Surface over a two-dimensional domain,H,"Hybrid (instrument output, software-rendered)",domain-signature,standard,PE;LS,chem-organic;structural-biology,NMRPipe; nmrglue; CcpNmr; MestReNova,12,Hexbin plot;2-D density plot;Contour plot;3-D surface plot;Wireframe plot;Vector field plot;Streamline plot;Hovmoller diagram;Exposure-lag-response surface;Fence diagram
P443,Mass spectrum,m/z vs intensity plot,F21 Spectra & signals,S19,Spectrum (intensity vs ordered index),H,"Hybrid (instrument output, software-rendered)",domain-signature,deep,PE;LS,chem-analytical;proteomics,MSnbase; pyOpenMS; Xcalibur; mzR,39,Power spectral density plot;Wavelet scalogram;Waterfall plot (stacked traces);Spectral index map;Optical absorption spectrum;Fluorescence emission/excitation spectrum;Excitation-emission matrix contour;Infrared / FTIR spectrum;Raman spectrum;Circular dichroism spectrum;1-D NMR spectrum;MS/MS annotated fragment spectrum;Mirror plot (spectral match);Total ion chromatogram;Extracted ion chromatogram;
P444,MS/MS annotated fragment spectrum,,F21 Spectra & signals,S19,Spectrum (intensity vs ordered index),H,"Hybrid (instrument output, software-rendered)",domain-signature,standard,LS;PE,proteomics;metabolomics,MSnbase; Skyline; pyOpenMS,39,Power spectral density plot;Wavelet scalogram;Waterfall plot (stacked traces);Spectral index map;Optical absorption spectrum;Fluorescence emission/excitation spectrum;Excitation-emission matrix contour;Infrared / FTIR spectrum;Raman spectrum;Circular dichroism spectrum;1-D NMR spectrum;Mass spectrum;Mirror plot (spectral match);Total ion chromatogram;Extracted ion chromatogram;HPLC / GC chromatogr
P445,Mirror plot (spectral match),butterfly spectrum plot,F21 Spectra & signals,S19,Spectrum (intensity vs ordered index),D,Data-driven,domain-signature,standard,LS,metabolomics;proteomics,MSnbase; matchms; Spectra,39,Power spectral density plot;Wavelet scalogram;Waterfall plot (stacked traces);Spectral index map;Optical absorption spectrum;Fluorescence emission/excitation spectrum;Excitation-emission matrix contour;Infrared / FTIR spectrum;Raman spectrum;Circular dichroism spectrum;1-D NMR spectrum;Mass spectrum;MS/MS annotated fragment spectrum;Total ion chromatogram;Extracted ion chromatogram;HPLC / GC chrom
P446,Total ion chromatogram,TIC,F21 Spectra & signals,S19,Spectrum (intensity vs ordered index),H,"Hybrid (instrument output, software-rendered)",domain-signature,standard,PE;LS,chem-analytical;metabolomics,xcms; MSnbase; Xcalibur,39,Power spectral density plot;Wavelet scalogram;Waterfall plot (stacked traces);Spectral index map;Optical absorption spectrum;Fluorescence emission/excitation spectrum;Excitation-emission matrix contour;Infrared / FTIR spectrum;Raman spectrum;Circular dichroism spectrum;1-D NMR spectrum;Mass spectrum;MS/MS annotated fragment spectrum;Mirror plot (spectral match);Extracted ion chromatogram;HPLC / GC
P447,Extracted ion chromatogram,EIC / XIC,F21 Spectra & signals,S19,Spectrum (intensity vs ordered index),H,"Hybrid (instrument output, software-rendered)",domain-signature,standard,LS;PE,metabolomics;chem-analytical,xcms; Skyline,39,Power spectral density plot;Wavelet scalogram;Waterfall plot (stacked traces);Spectral index map;Optical absorption spectrum;Fluorescence emission/excitation spectrum;Excitation-emission matrix contour;Infrared / FTIR spectrum;Raman spectrum;Circular dichroism spectrum;1-D NMR spectrum;Mass spectrum;MS/MS annotated fragment spectrum;Mirror plot (spectral match);Total ion chromatogram;HPLC / GC chr
P448,HPLC / GC chromatogram,,F21 Spectra & signals,S19,Spectrum (intensity vs ordered index),H,"Hybrid (instrument output, software-rendered)",domain-signature,standard,PE;LS,chem-analytical;pharmacology,chromatographR; Chromeleon; Empower,39,Power spectral density plot;Wavelet scalogram;Waterfall plot (stacked traces);Spectral index map;Optical absorption spectrum;Fluorescence emission/excitation spectrum;Excitation-emission matrix contour;Infrared / FTIR spectrum;Raman spectrum;Circular dichroism spectrum;1-D NMR spectrum;Mass spectrum;MS/MS annotated fragment spectrum;Mirror plot (spectral match);Total ion chromatogram;Extracted ion
P449,X-ray diffraction pattern,powder XRD diffractogram,F21 Spectra & signals,S10,Directional or circular,H,"Hybrid (instrument output, software-rendered)",domain-signature,deep,PE;EE,crystallography;materials,powdR; GSAS-II; xrayutilities; HighScore,16,Phase portrait;Rose diagram;Wind rose;Pollution rose;Polar plot;Stereonet;Pole figure;Inverse pole figure;Orientation distribution function plot;Circular density plot;Circadian phase / acrophase plot;Poincare plot (HRV);Circular dendrogram;Compass / orientation vector plot;Wave / current rose;Focal mechanism beachball plot
P450,Rietveld refinement plot,observed-calculated-difference plot,F21 Spectra & signals,S19,Spectrum (intensity vs ordered index),H,"Hybrid (instrument output, software-rendered)",domain-signature,standard,PE,crystallography;materials,GSAS-II; FullProf; TOPAS,39,Power spectral density plot;Wavelet scalogram;Waterfall plot (stacked traces);Spectral index map;Optical absorption spectrum;Fluorescence emission/excitation spectrum;Excitation-emission matrix contour;Infrared / FTIR spectrum;Raman spectrum;Circular dichroism spectrum;1-D NMR spectrum;Mass spectrum;MS/MS annotated fragment spectrum;Mirror plot (spectral match);Total ion chromatogram;Extracted ion
P451,Small-angle scattering curve,SAXS/SANS I(q) plot,F21 Spectra & signals,S19,Spectrum (intensity vs ordered index),H,"Hybrid (instrument output, software-rendered)",domain-signature,standard,PE;LS,biophysics;polymers,ATSAS; SasView; BioXTAS RAW,39,Power spectral density plot;Wavelet scalogram;Waterfall plot (stacked traces);Spectral index map;Optical absorption spectrum;Fluorescence emission/excitation spectrum;Excitation-emission matrix contour;Infrared / FTIR spectrum;Raman spectrum;Circular dichroism spectrum;1-D NMR spectrum;Mass spectrum;MS/MS annotated fragment spectrum;Mirror plot (spectral match);Total ion chromatogram;Extracted ion
P452,Kratky plot,,F21 Spectra & signals,S19,Spectrum (intensity vs ordered index),D,Data-driven,domain-signature,standard,LS;PE,biophysics;structural-biology,ATSAS; BioXTAS RAW,39,Power spectral density plot;Wavelet scalogram;Waterfall plot (stacked traces);Spectral index map;Optical absorption spectrum;Fluorescence emission/excitation spectrum;Excitation-emission matrix contour;Infrared / FTIR spectrum;Raman spectrum;Circular dichroism spectrum;1-D NMR spectrum;Mass spectrum;MS/MS annotated fragment spectrum;Mirror plot (spectral match);Total ion chromatogram;Extracted ion
P453,Guinier plot,,F21 Spectra & signals,S19,Spectrum (intensity vs ordered index),D,Data-driven,domain-signature,standard,PE;LS,biophysics;polymers,ATSAS; SasView,39,Power spectral density plot;Wavelet scalogram;Waterfall plot (stacked traces);Spectral index map;Optical absorption spectrum;Fluorescence emission/excitation spectrum;Excitation-emission matrix contour;Infrared / FTIR spectrum;Raman spectrum;Circular dichroism spectrum;1-D NMR spectrum;Mass spectrum;MS/MS annotated fragment spectrum;Mirror plot (spectral match);Total ion chromatogram;Extracted ion
P454,Pair distance distribution function,P(r) plot,F21 Spectra & signals,S19,Spectrum (intensity vs ordered index),D,Data-driven,domain-signature,standard,LS;PE,structural-biology;biophysics,ATSAS GNOM,39,Power spectral density plot;Wavelet scalogram;Waterfall plot (stacked traces);Spectral index map;Optical absorption spectrum;Fluorescence emission/excitation spectrum;Excitation-emission matrix contour;Infrared / FTIR spectrum;Raman spectrum;Circular dichroism spectrum;1-D NMR spectrum;Mass spectrum;MS/MS annotated fragment spectrum;Mirror plot (spectral match);Total ion chromatogram;Extracted ion
P455,XPS spectrum with peak deconvolution,,F21 Spectra & signals,S19,Spectrum (intensity vs ordered index),H,"Hybrid (instrument output, software-rendered)",domain-signature,standard,PE,materials;chem-analytical,CasaXPS; XPSPEAK; lmfit,39,Power spectral density plot;Wavelet scalogram;Waterfall plot (stacked traces);Spectral index map;Optical absorption spectrum;Fluorescence emission/excitation spectrum;Excitation-emission matrix contour;Infrared / FTIR spectrum;Raman spectrum;Circular dichroism spectrum;1-D NMR spectrum;Mass spectrum;MS/MS annotated fragment spectrum;Mirror plot (spectral match);Total ion chromatogram;Extracted ion
P456,EDS / EDX spectrum,,F21 Spectra & signals,S19,Spectrum (intensity vs ordered index),H,"Hybrid (instrument output, software-rendered)",domain-signature,standard,PE;EE,materials;mineralogy-petrology,HyperSpy; Aztec; Esprit,39,Power spectral density plot;Wavelet scalogram;Waterfall plot (stacked traces);Spectral index map;Optical absorption spectrum;Fluorescence emission/excitation spectrum;Excitation-emission matrix contour;Infrared / FTIR spectrum;Raman spectrum;Circular dichroism spectrum;1-D NMR spectrum;Mass spectrum;MS/MS annotated fragment spectrum;Mirror plot (spectral match);Total ion chromatogram;Extracted ion
P457,EELS spectrum,,F21 Spectra & signals,S19,Spectrum (intensity vs ordered index),H,"Hybrid (instrument output, software-rendered)",domain-signature,standard,PE,materials;nanoscience,HyperSpy; DigitalMicrograph,39,Power spectral density plot;Wavelet scalogram;Waterfall plot (stacked traces);Spectral index map;Optical absorption spectrum;Fluorescence emission/excitation spectrum;Excitation-emission matrix contour;Infrared / FTIR spectrum;Raman spectrum;Circular dichroism spectrum;1-D NMR spectrum;Mass spectrum;MS/MS annotated fragment spectrum;Mirror plot (spectral match);Total ion chromatogram;Extracted ion
P458,XAS / EXAFS / XANES spectrum,,F21 Spectra & signals,S19,Spectrum (intensity vs ordered index),H,"Hybrid (instrument output, software-rendered)",domain-signature,standard,PE,materials;catalysis,Athena/Artemis (Demeter); Larch,39,Power spectral density plot;Wavelet scalogram;Waterfall plot (stacked traces);Spectral index map;Optical absorption spectrum;Fluorescence emission/excitation spectrum;Excitation-emission matrix contour;Infrared / FTIR spectrum;Raman spectrum;Circular dichroism spectrum;1-D NMR spectrum;Mass spectrum;MS/MS annotated fragment spectrum;Mirror plot (spectral match);Total ion chromatogram;Extracted ion
P459,Mossbauer spectrum,,F21 Spectra & signals,S19,Spectrum (intensity vs ordered index),H,"Hybrid (instrument output, software-rendered)",domain-signature,standard,PE;EE,materials;mineralogy-petrology,Recoil; MossA,39,Power spectral density plot;Wavelet scalogram;Waterfall plot (stacked traces);Spectral index map;Optical absorption spectrum;Fluorescence emission/excitation spectrum;Excitation-emission matrix contour;Infrared / FTIR spectrum;Raman spectrum;Circular dichroism spectrum;1-D NMR spectrum;Mass spectrum;MS/MS annotated fragment spectrum;Mirror plot (spectral match);Total ion chromatogram;Extracted ion
P460,EPR / ESR spectrum,,F21 Spectra & signals,S19,Spectrum (intensity vs ordered index),H,"Hybrid (instrument output, software-rendered)",domain-signature,standard,PE;LS,chem-physical;biophysics,EasySpin; SpinFit,39,Power spectral density plot;Wavelet scalogram;Waterfall plot (stacked traces);Spectral index map;Optical absorption spectrum;Fluorescence emission/excitation spectrum;Excitation-emission matrix contour;Infrared / FTIR spectrum;Raman spectrum;Circular dichroism spectrum;1-D NMR spectrum;Mass spectrum;MS/MS annotated fragment spectrum;Mirror plot (spectral match);Total ion chromatogram;Extracted ion
P461,Spectrogram,time-frequency plot; sonogram,F21 Spectra & signals,S21,Image or raster grid,D,Data-driven,cross-domain,deep,PE;LS;SH,signal-processing;linguistics,signal; librosa; seewave; scipy.signal,17,Thermal / infrared camera image;fMRI statistical parametric map;Interferogram;Kymograph;Multiplexed tissue imaging figure;PIV vector field;Industrial CT slice / 3-D render;MRI image;PET / SPECT uptake image;OCT retinal scan;Micro-CT reconstruction;Small-animal MRI / preclinical MRI;Behavioural tracking heatmap;Glass brain plot;Cortical thickness / morphometry map;Spatial feature plot;CT slice / MP
P462,Power spectral density plot,PSD; periodogram,F21 Spectra & signals,S19,Spectrum (intensity vs ordered index),D,Data-driven,cross-domain,standard,PE;EE;XM,signal-processing;climate,signal; scipy.signal.welch; stats::spec.pgram,39,Wavelet scalogram;Waterfall plot (stacked traces);Spectral index map;Optical absorption spectrum;Fluorescence emission/excitation spectrum;Excitation-emission matrix contour;Infrared / FTIR spectrum;Raman spectrum;Circular dichroism spectrum;1-D NMR spectrum;Mass spectrum;MS/MS annotated fragment spectrum;Mirror plot (spectral match);Total ion chromatogram;Extracted ion chromatogram;HPLC / GC chro
P463,Lomb-Scargle periodogram,,F21 Spectra & signals,S19,Spectrum (intensity vs ordered index),D,Data-driven,domain-signature,standard,EE;LS,astronomy;neuroscience,astropy.timeseries; lomb,39,Power spectral density plot;Wavelet scalogram;Waterfall plot (stacked traces);Spectral index map;Optical absorption spectrum;Fluorescence emission/excitation spectrum;Excitation-emission matrix contour;Infrared / FTIR spectrum;Raman spectrum;Circular dichroism spectrum;1-D NMR spectrum;Mass spectrum;MS/MS annotated fragment spectrum;Mirror plot (spectral match);Total ion chromatogram;Extracted ion
P464,Wavelet scalogram,wavelet power spectrum,F21 Spectra & signals,S19,Spectrum (intensity vs ordered index),D,Data-driven,cross-domain,deep,EE;LS;PE,climate;neuroscience,WaveletComp; biwavelet; PyWavelets,39,Power spectral density plot;Waterfall plot (stacked traces);Spectral index map;Optical absorption spectrum;Fluorescence emission/excitation spectrum;Excitation-emission matrix contour;Infrared / FTIR spectrum;Raman spectrum;Circular dichroism spectrum;1-D NMR spectrum;Mass spectrum;MS/MS annotated fragment spectrum;Mirror plot (spectral match);Total ion chromatogram;Extracted ion chromatogram;HPLC
P465,Coherence plot,magnitude-squared coherence,F21 Spectra & signals,S19,Spectrum (intensity vs ordered index),D,Data-driven,domain-signature,standard,PE;LS,signal-processing;neuroscience,signal; scipy.signal.coherence; MNE,39,Power spectral density plot;Wavelet scalogram;Waterfall plot (stacked traces);Spectral index map;Optical absorption spectrum;Fluorescence emission/excitation spectrum;Excitation-emission matrix contour;Infrared / FTIR spectrum;Raman spectrum;Circular dichroism spectrum;1-D NMR spectrum;Mass spectrum;MS/MS annotated fragment spectrum;Mirror plot (spectral match);Total ion chromatogram;Extracted ion
P466,Bode plot,magnitude and phase vs frequency,F21 Spectra & signals,S03,Two continuous variables,D,Data-driven,domain-signature,deep,PE,control-systems;elec-engineering,control (R/py); MATLAB; scipy.signal.bode,56,Marginal histogram plot;Scatter plot;Bubble chart;Van Krevelen diagram;Heat scatter / density scatter;Volcano plot;Pearce discrimination diagram;Pole-zero plot;Reaction coordinate diagram;Arrhenius plot;Van 't Hoff plot;Well log plot;Pollen diagram;Microfossil stratigraphic diagram;Age-depth model plot;Tree-ring chronology plot;Ice core isotope depth profile;Stable isotope cross plot;Keeling plot;
P467,Nyquist plot (control),,F21 Spectra & signals,S03,Two continuous variables,D,Data-driven,niche,stub,PE,control-systems,python-control; MATLAB,56,Marginal histogram plot;Scatter plot;Bubble chart;Van Krevelen diagram;Heat scatter / density scatter;Volcano plot;Pearce discrimination diagram;Bode plot;Pole-zero plot;Reaction coordinate diagram;Arrhenius plot;Van 't Hoff plot;Well log plot;Pollen diagram;Microfossil stratigraphic diagram;Age-depth model plot;Tree-ring chronology plot;Ice core isotope depth profile;Stable isotope cross plot;Kee
P468,Nichols chart,,F21 Spectra & signals,S03,Two continuous variables,D,Data-driven,niche,stub,PE,control-systems,python-control; MATLAB,56,Marginal histogram plot;Scatter plot;Bubble chart;Van Krevelen diagram;Heat scatter / density scatter;Volcano plot;Pearce discrimination diagram;Bode plot;Pole-zero plot;Reaction coordinate diagram;Arrhenius plot;Van 't Hoff plot;Well log plot;Pollen diagram;Microfossil stratigraphic diagram;Age-depth model plot;Tree-ring chronology plot;Ice core isotope depth profile;Stable isotope cross plot;Kee
P469,Root locus plot,,F21 Spectra & signals,S03,Two continuous variables,D,Data-driven,niche,stub,PE,control-systems,python-control; MATLAB,56,Marginal histogram plot;Scatter plot;Bubble chart;Van Krevelen diagram;Heat scatter / density scatter;Volcano plot;Pearce discrimination diagram;Bode plot;Pole-zero plot;Reaction coordinate diagram;Arrhenius plot;Van 't Hoff plot;Well log plot;Pollen diagram;Microfossil stratigraphic diagram;Age-depth model plot;Tree-ring chronology plot;Ice core isotope depth profile;Stable isotope cross plot;Kee
P470,Pole-zero plot,,F21 Spectra & signals,S03,Two continuous variables,D,Data-driven,domain-signature,standard,PE,signal-processing;control-systems,python-control; scipy.signal,56,Marginal histogram plot;Scatter plot;Bubble chart;Van Krevelen diagram;Heat scatter / density scatter;Volcano plot;Pearce discrimination diagram;Bode plot;Reaction coordinate diagram;Arrhenius plot;Van 't Hoff plot;Well log plot;Pollen diagram;Microfossil stratigraphic diagram;Age-depth model plot;Tree-ring chronology plot;Ice core isotope depth profile;Stable isotope cross plot;Keeling plot;Climo
P471,Smith chart,,F21 Spectra & signals,S31,Reference chart or state-space diagram,D,Data-driven,domain-signature,standard,PE,elec-engineering;signal-processing,scikit-rf; MATLAB RF Toolbox,11,Phase diagram (thermodynamic);Pourbaix diagram;Ellingham diagram;Psychrometric chart;Mollier diagram;Moody chart;Ashby chart;Koppen climate classification map;T-s and P-v diagrams;Chart of nuclides;Hjulstrom / Shields diagram
P472,Constellation diagram,,F21 Spectra & signals,S03,Two continuous variables,D,Data-driven,niche,stub,PE,signal-processing,scikit-dsp-comm; GNU Radio,56,Marginal histogram plot;Scatter plot;Bubble chart;Van Krevelen diagram;Heat scatter / density scatter;Volcano plot;Pearce discrimination diagram;Bode plot;Pole-zero plot;Reaction coordinate diagram;Arrhenius plot;Van 't Hoff plot;Well log plot;Pollen diagram;Microfossil stratigraphic diagram;Age-depth model plot;Tree-ring chronology plot;Ice core isotope depth profile;Stable isotope cross plot;Kee
P473,Eye diagram,,F21 Spectra & signals,S20,Instrument trace (signal vs time),H,"Hybrid (instrument output, software-rendered)",domain-signature,standard,PE,signal-processing;elec-engineering,GNU Radio; oscilloscope,27,Actogram;Sanger sequencing chromatogram;Bioanalyzer / TapeStation trace;Capillary electrophoresis electropherogram;FRAP recovery curve;qPCR amplification curve;SPR sensorgram;Thermal shift melt curve;Seahorse OCR/ECAR trace;xCELLigence impedance trace;Patch-clamp trace;EEG multichannel trace;EEG topographic scalp map;ERP waveform plot;Time-frequency / ERSP plot;EMG trace;Actigraphy / accelerometer
P474,Campbell diagram,,F21 Spectra & signals,S03,Two continuous variables,D,Data-driven,niche,stub,PE,mech-engineering,MATLAB; ANSYS,56,Marginal histogram plot;Scatter plot;Bubble chart;Van Krevelen diagram;Heat scatter / density scatter;Volcano plot;Pearce discrimination diagram;Bode plot;Pole-zero plot;Reaction coordinate diagram;Arrhenius plot;Van 't Hoff plot;Well log plot;Pollen diagram;Microfossil stratigraphic diagram;Age-depth model plot;Tree-ring chronology plot;Ice core isotope depth profile;Stable isotope cross plot;Kee
P475,Phase diagram (thermodynamic),P-T; binary/ternary phase diagram,"F22 Physics, chem & materials",S31,Reference chart or state-space diagram,D,Data-driven,domain-signature,deep,PE;EE,thermodynamics;materials,pycalphad; Thermo-Calc; pymatgen; FactSage,11,Smith chart;Pourbaix diagram;Ellingham diagram;Psychrometric chart;Mollier diagram;Moody chart;Ashby chart;Koppen climate classification map;T-s and P-v diagrams;Chart of nuclides;Hjulstrom / Shields diagram
P476,Pourbaix diagram,E-pH diagram,"F22 Physics, chem & materials",S31,Reference chart or state-space diagram,D,Data-driven,domain-signature,deep,PE,electrochemistry;materials,pymatgen; HSC Chemistry,11,Smith chart;Phase diagram (thermodynamic);Ellingham diagram;Psychrometric chart;Mollier diagram;Moody chart;Ashby chart;Koppen climate classification map;T-s and P-v diagrams;Chart of nuclides;Hjulstrom / Shields diagram
P477,Ellingham diagram,,"F22 Physics, chem & materials",S31,Reference chart or state-space diagram,D,Data-driven,domain-signature,standard,PE,materials;thermodynamics,HSC Chemistry; ggplot2,11,Smith chart;Phase diagram (thermodynamic);Pourbaix diagram;Psychrometric chart;Mollier diagram;Moody chart;Ashby chart;Koppen climate classification map;T-s and P-v diagrams;Chart of nuclides;Hjulstrom / Shields diagram
P478,Electronic band structure plot,,"F22 Physics, chem & materials",S29,Three-dimensional structure or spatial coordinates,D,Data-driven,domain-signature,deep,PE,condensed-matter;materials,pymatgen; sumo; VASPKIT; ASE,16,Ramachandran plot;Molecular docking pose figure;Predicted aligned error plot;RMSD / RMSF trajectory plot;Protein domain architecture diagram;ORTEP thermal ellipsoid plot;Electron density difference map;Brillouin zone diagram;Gait analysis / motion capture stick figure;Cortical surface render;DTI tractography render;Protein structure cartoon;2-D ligand interaction diagram;pLDDT-coloured structure;U
P479,Density of states plot,DOS / PDOS,"F22 Physics, chem & materials",S19,Spectrum (intensity vs ordered index),D,Data-driven,domain-signature,standard,PE,condensed-matter;materials,pymatgen; sumo; VASPKIT,39,Power spectral density plot;Wavelet scalogram;Waterfall plot (stacked traces);Spectral index map;Optical absorption spectrum;Fluorescence emission/excitation spectrum;Excitation-emission matrix contour;Infrared / FTIR spectrum;Raman spectrum;Circular dichroism spectrum;1-D NMR spectrum;Mass spectrum;MS/MS annotated fragment spectrum;Mirror plot (spectral match);Total ion chromatogram;Extracted ion
P480,Fermi surface plot,,"F22 Physics, chem & materials",S29,Three-dimensional structure or spatial coordinates,D,Data-driven,niche,stub,PE,condensed-matter,IFermi; XCrySDen; FermiSurfer,16,Ramachandran plot;Molecular docking pose figure;Predicted aligned error plot;RMSD / RMSF trajectory plot;Protein domain architecture diagram;ORTEP thermal ellipsoid plot;Electron density difference map;Electronic band structure plot;Brillouin zone diagram;Gait analysis / motion capture stick figure;Cortical surface render;DTI tractography render;Protein structure cartoon;2-D ligand interaction dia
P481,Brillouin zone diagram,,"F22 Physics, chem & materials",S29,Three-dimensional structure or spatial coordinates,D,Data-driven,domain-signature,standard,PE,condensed-matter;crystallography,seekpath; XCrySDen,16,Ramachandran plot;Molecular docking pose figure;Predicted aligned error plot;RMSD / RMSF trajectory plot;Protein domain architecture diagram;ORTEP thermal ellipsoid plot;Electron density difference map;Electronic band structure plot;Gait analysis / motion capture stick figure;Cortical surface render;DTI tractography render;Protein structure cartoon;2-D ligand interaction diagram;pLDDT-coloured str
P482,Reaction coordinate diagram,potential energy surface profile,"F22 Physics, chem & materials",S03,Two continuous variables,D,Data-driven,domain-signature,standard,PE,chem-physical;catalysis,matplotlib; ChemDraw; energydiagram (py),56,Marginal histogram plot;Scatter plot;Bubble chart;Van Krevelen diagram;Heat scatter / density scatter;Volcano plot;Pearce discrimination diagram;Bode plot;Pole-zero plot;Arrhenius plot;Van 't Hoff plot;Well log plot;Pollen diagram;Microfossil stratigraphic diagram;Age-depth model plot;Tree-ring chronology plot;Ice core isotope depth profile;Stable isotope cross plot;Keeling plot;Climograph;Flow cy
P483,Molecular orbital diagram,,"F22 Physics, chem & materials",S27,Schematic (no data),C,Conceptual / schematic,domain-signature,standard,PE,chem-inorganic;chem-physical,ChemDraw; hand-drawn,25,Flow chart;Directed acyclic graph;Jablonski diagram;Feynman diagram;Energy level diagram;Ishikawa diagram;Experimental design schematic;Mechanism / signalling pathway cartoon;Anatomical / physiological diagram;Causal loop diagram;Logic model / theory of change;Conceptual framework diagram;Engineering drawing / CAD orthographic view;Free-body diagram;Bathtub curve;Ray diagram;Geological cross-secti
P484,Jablonski diagram,,"F22 Physics, chem & materials",S27,Schematic (no data),C,Conceptual / schematic,domain-signature,standard,PE;LS,optics-photonics;biophysics,ChemDraw; TikZ,25,Flow chart;Directed acyclic graph;Molecular orbital diagram;Feynman diagram;Energy level diagram;Ishikawa diagram;Experimental design schematic;Mechanism / signalling pathway cartoon;Anatomical / physiological diagram;Causal loop diagram;Logic model / theory of change;Conceptual framework diagram;Engineering drawing / CAD orthographic view;Free-body diagram;Bathtub curve;Ray diagram;Geological cro
P485,Feynman diagram,,"F22 Physics, chem & materials",S27,Schematic (no data),C,Conceptual / schematic,domain-signature,standard,PE,particle-nuclear;quantum,TikZ-Feynman; JaxoDraw; FeynGame,25,Flow chart;Directed acyclic graph;Molecular orbital diagram;Jablonski diagram;Energy level diagram;Ishikawa diagram;Experimental design schematic;Mechanism / signalling pathway cartoon;Anatomical / physiological diagram;Causal loop diagram;Logic model / theory of change;Conceptual framework diagram;Engineering drawing / CAD orthographic view;Free-body diagram;Bathtub curve;Ray diagram;Geological c
P486,Energy level diagram,term scheme; Grotrian diagram,"F22 Physics, chem & materials",S27,Schematic (no data),C,Conceptual / schematic,domain-signature,standard,PE,quantum;optics-photonics,TikZ; matplotlib,25,Flow chart;Directed acyclic graph;Molecular orbital diagram;Jablonski diagram;Feynman diagram;Ishikawa diagram;Experimental design schematic;Mechanism / signalling pathway cartoon;Anatomical / physiological diagram;Causal loop diagram;Logic model / theory of change;Conceptual framework diagram;Engineering drawing / CAD orthographic view;Free-body diagram;Bathtub curve;Ray diagram;Geological cross-
P487,Arrhenius plot,ln k vs 1/T,"F22 Physics, chem & materials",S03,Two continuous variables,D,Data-driven,domain-signature,standard,PE;LS,chem-physical;catalysis,ggplot2; scipy,56,Marginal histogram plot;Scatter plot;Bubble chart;Van Krevelen diagram;Heat scatter / density scatter;Volcano plot;Pearce discrimination diagram;Bode plot;Pole-zero plot;Reaction coordinate diagram;Van 't Hoff plot;Well log plot;Pollen diagram;Microfossil stratigraphic diagram;Age-depth model plot;Tree-ring chronology plot;Ice core isotope depth profile;Stable isotope cross plot;Keeling plot;Climo
P488,Eyring plot,,"F22 Physics, chem & materials",S03,Two continuous variables,D,Data-driven,niche,stub,PE,chem-physical,ggplot2; scipy,56,Marginal histogram plot;Scatter plot;Bubble chart;Van Krevelen diagram;Heat scatter / density scatter;Volcano plot;Pearce discrimination diagram;Bode plot;Pole-zero plot;Reaction coordinate diagram;Arrhenius plot;Van 't Hoff plot;Well log plot;Pollen diagram;Microfossil stratigraphic diagram;Age-depth model plot;Tree-ring chronology plot;Ice core isotope depth profile;Stable isotope cross plot;Kee
P489,Van 't Hoff plot,,"F22 Physics, chem & materials",S03,Two continuous variables,D,Data-driven,domain-signature,standard,PE,chem-physical;thermodynamics,ggplot2; scipy,56,Marginal histogram plot;Scatter plot;Bubble chart;Van Krevelen diagram;Heat scatter / density scatter;Volcano plot;Pearce discrimination diagram;Bode plot;Pole-zero plot;Reaction coordinate diagram;Arrhenius plot;Well log plot;Pollen diagram;Microfossil stratigraphic diagram;Age-depth model plot;Tree-ring chronology plot;Ice core isotope depth profile;Stable isotope cross plot;Keeling plot;Climogr
P490,Tafel plot,,"F22 Physics, chem & materials",S30,Characteristic curve (measured response vs a controlled variable),D,Data-driven,niche,stub,PE,electrochemistry,ggplot2; EC-Lab,23,Electrochemical impedance Nyquist plot;Galvanostatic charge-discharge curve;Stress-strain curve;S-N curve;Nanoindentation load-displacement curve;DMA curve;Rheogram;BET adsorption isotherm;Langmuir / Freundlich isotherm fit;Breakthrough curve;Pump / fan performance curve;Magnetic hysteresis loop;I-V curve (semiconductor);J-V curve (solar cell);EQE / IPCE spectrum;Cyclic voltammogram;Differential c
P491,Cyclic voltammogram,CV curve,"F22 Physics, chem & materials",S30,Characteristic curve (measured response vs a controlled variable),H,"Hybrid (instrument output, software-rendered)",niche,deep,PE,electrochemistry,EC-Lab; NOVA; echem (py); cyclicvoltammetry,23,Electrochemical impedance Nyquist plot;Galvanostatic charge-discharge curve;Stress-strain curve;S-N curve;Nanoindentation load-displacement curve;DMA curve;Rheogram;BET adsorption isotherm;Langmuir / Freundlich isotherm fit;Breakthrough curve;Pump / fan performance curve;Magnetic hysteresis loop;I-V curve (semiconductor);J-V curve (solar cell);EQE / IPCE spectrum;Tafel plot;Differential capacity p
P492,Electrochemical impedance Nyquist plot,EIS Nyquist plot,"F22 Physics, chem & materials",S30,Characteristic curve (measured response vs a controlled variable),H,"Hybrid (instrument output, software-rendered)",domain-signature,standard,PE,electrochemistry;energy,impedance.py; ZView; EC-Lab,23,Galvanostatic charge-discharge curve;Stress-strain curve;S-N curve;Nanoindentation load-displacement curve;DMA curve;Rheogram;BET adsorption isotherm;Langmuir / Freundlich isotherm fit;Breakthrough curve;Pump / fan performance curve;Magnetic hysteresis loop;I-V curve (semiconductor);J-V curve (solar cell);EQE / IPCE spectrum;Tafel plot;Cyclic voltammogram;Differential capacity plot;Creep curve;Bea
P493,Galvanostatic charge-discharge curve,,"F22 Physics, chem & materials",S30,Characteristic curve (measured response vs a controlled variable),H,"Hybrid (instrument output, software-rendered)",domain-signature,standard,PE,energy;electrochemistry,EC-Lab; BioLogic; navani,23,Electrochemical impedance Nyquist plot;Stress-strain curve;S-N curve;Nanoindentation load-displacement curve;DMA curve;Rheogram;BET adsorption isotherm;Langmuir / Freundlich isotherm fit;Breakthrough curve;Pump / fan performance curve;Magnetic hysteresis loop;I-V curve (semiconductor);J-V curve (solar cell);EQE / IPCE spectrum;Tafel plot;Cyclic voltammogram;Differential capacity plot;Creep curve;B
P494,Differential capacity plot,dQ/dV plot,"F22 Physics, chem & materials",S30,Characteristic curve (measured response vs a controlled variable),D,Data-driven,niche,stub,PE,energy,navani; ggplot2,23,Electrochemical impedance Nyquist plot;Galvanostatic charge-discharge curve;Stress-strain curve;S-N curve;Nanoindentation load-displacement curve;DMA curve;Rheogram;BET adsorption isotherm;Langmuir / Freundlich isotherm fit;Breakthrough curve;Pump / fan performance curve;Magnetic hysteresis loop;I-V curve (semiconductor);J-V curve (solar cell);EQE / IPCE spectrum;Tafel plot;Cyclic voltammogram;Cre
P495,Ragone plot,energy vs power density,"F22 Physics, chem & materials",S01,One continuous variable,D,Data-driven,niche,stub,PE,energy,ggplot2; matplotlib,44,Histogram;Density plot;Empirical CDF plot;Q-Q plot;Stem-and-leaf plot;Rug plot;Frequency polygon;Normal probability plot;Pareto chart;Spike histogram;Histogram with fitted distribution overlay;Cumulative frequency curve;GWAS Q-Q plot;Mutational signature plot;Sequence logo;Alpha diversity plot;Rarefaction curve;Species accumulation curve;Rank-abundance curve;Stratigraphic column;Gutenberg-Richter 
P496,Stress-strain curve,,"F22 Physics, chem & materials",S30,Characteristic curve (measured response vs a controlled variable),H,"Hybrid (instrument output, software-rendered)",domain-signature,deep,PE,materials;mech-engineering,Instron Bluehill; MATLAB; ggplot2,23,Electrochemical impedance Nyquist plot;Galvanostatic charge-discharge curve;S-N curve;Nanoindentation load-displacement curve;DMA curve;Rheogram;BET adsorption isotherm;Langmuir / Freundlich isotherm fit;Breakthrough curve;Pump / fan performance curve;Magnetic hysteresis loop;I-V curve (semiconductor);J-V curve (solar cell);EQE / IPCE spectrum;Tafel plot;Cyclic voltammogram;Differential capacity p
P497,S-N curve,Wohler curve; fatigue curve,"F22 Physics, chem & materials",S30,Characteristic curve (measured response vs a controlled variable),D,Data-driven,domain-signature,standard,PE,materials;mech-engineering,ggplot2; fatpack,23,Electrochemical impedance Nyquist plot;Galvanostatic charge-discharge curve;Stress-strain curve;Nanoindentation load-displacement curve;DMA curve;Rheogram;BET adsorption isotherm;Langmuir / Freundlich isotherm fit;Breakthrough curve;Pump / fan performance curve;Magnetic hysteresis loop;I-V curve (semiconductor);J-V curve (solar cell);EQE / IPCE spectrum;Tafel plot;Cyclic voltammogram;Differential 
P498,Creep curve,,"F22 Physics, chem & materials",S30,Characteristic curve (measured response vs a controlled variable),H,"Hybrid (instrument output, software-rendered)",niche,stub,PE,materials,Origin; ggplot2,23,Electrochemical impedance Nyquist plot;Galvanostatic charge-discharge curve;Stress-strain curve;S-N curve;Nanoindentation load-displacement curve;DMA curve;Rheogram;BET adsorption isotherm;Langmuir / Freundlich isotherm fit;Breakthrough curve;Pump / fan performance curve;Magnetic hysteresis loop;I-V curve (semiconductor);J-V curve (solar cell);EQE / IPCE spectrum;Tafel plot;Cyclic voltammogram;Dif
P499,Nanoindentation load-displacement curve,,"F22 Physics, chem & materials",S30,Characteristic curve (measured response vs a controlled variable),H,"Hybrid (instrument output, software-rendered)",domain-signature,standard,PE,materials;nanoscience,Hysitron TriboScan; NanoIndent,23,Electrochemical impedance Nyquist plot;Galvanostatic charge-discharge curve;Stress-strain curve;S-N curve;DMA curve;Rheogram;BET adsorption isotherm;Langmuir / Freundlich isotherm fit;Breakthrough curve;Pump / fan performance curve;Magnetic hysteresis loop;I-V curve (semiconductor);J-V curve (solar cell);EQE / IPCE spectrum;Tafel plot;Cyclic voltammogram;Differential capacity plot;Creep curve;Beam
P500,TGA thermogram,thermogravimetric curve,"F22 Physics, chem & materials",S19,Spectrum (intensity vs ordered index),H,"Hybrid (instrument output, software-rendered)",domain-signature,standard,PE,materials;polymers,TA Universal Analysis; Origin,39,Power spectral density plot;Wavelet scalogram;Waterfall plot (stacked traces);Spectral index map;Optical absorption spectrum;Fluorescence emission/excitation spectrum;Excitation-emission matrix contour;Infrared / FTIR spectrum;Raman spectrum;Circular dichroism spectrum;1-D NMR spectrum;Mass spectrum;MS/MS annotated fragment spectrum;Mirror plot (spectral match);Total ion chromatogram;Extracted ion
P501,DSC thermogram,differential scanning calorimetry curve,"F22 Physics, chem & materials",S19,Spectrum (intensity vs ordered index),H,"Hybrid (instrument output, software-rendered)",domain-signature,standard,PE;LS,polymers;biophysics,TA Universal Analysis; Origin; NanoAnalyze,39,Power spectral density plot;Wavelet scalogram;Waterfall plot (stacked traces);Spectral index map;Optical absorption spectrum;Fluorescence emission/excitation spectrum;Excitation-emission matrix contour;Infrared / FTIR spectrum;Raman spectrum;Circular dichroism spectrum;1-D NMR spectrum;Mass spectrum;MS/MS annotated fragment spectrum;Mirror plot (spectral match);Total ion chromatogram;Extracted ion
P502,DMA curve,storage/loss modulus vs temperature,"F22 Physics, chem & materials",S30,Characteristic curve (measured response vs a controlled variable),H,"Hybrid (instrument output, software-rendered)",domain-signature,standard,PE,polymers;materials,TA Universal Analysis,23,Electrochemical impedance Nyquist plot;Galvanostatic charge-discharge curve;Stress-strain curve;S-N curve;Nanoindentation load-displacement curve;Rheogram;BET adsorption isotherm;Langmuir / Freundlich isotherm fit;Breakthrough curve;Pump / fan performance curve;Magnetic hysteresis loop;I-V curve (semiconductor);J-V curve (solar cell);EQE / IPCE spectrum;Tafel plot;Cyclic voltammogram;Differential 
P503,Rheogram,flow curve; viscosity curve,"F22 Physics, chem & materials",S30,Characteristic curve (measured response vs a controlled variable),H,"Hybrid (instrument output, software-rendered)",domain-signature,standard,PE,polymers;chem-engineering,RheoCompass; TRIOS,23,Electrochemical impedance Nyquist plot;Galvanostatic charge-discharge curve;Stress-strain curve;S-N curve;Nanoindentation load-displacement curve;DMA curve;BET adsorption isotherm;Langmuir / Freundlich isotherm fit;Breakthrough curve;Pump / fan performance curve;Magnetic hysteresis loop;I-V curve (semiconductor);J-V curve (solar cell);EQE / IPCE spectrum;Tafel plot;Cyclic voltammogram;Differential
P504,BET adsorption isotherm,,"F22 Physics, chem & materials",S30,Characteristic curve (measured response vs a controlled variable),H,"Hybrid (instrument output, software-rendered)",domain-signature,standard,PE,materials;catalysis,pyGAPS; ASAP software,23,Electrochemical impedance Nyquist plot;Galvanostatic charge-discharge curve;Stress-strain curve;S-N curve;Nanoindentation load-displacement curve;DMA curve;Rheogram;Langmuir / Freundlich isotherm fit;Breakthrough curve;Pump / fan performance curve;Magnetic hysteresis loop;I-V curve (semiconductor);J-V curve (solar cell);EQE / IPCE spectrum;Tafel plot;Cyclic voltammogram;Differential capacity plot;
P505,Langmuir / Freundlich isotherm fit,,"F22 Physics, chem & materials",S30,Characteristic curve (measured response vs a controlled variable),D,Data-driven,domain-signature,standard,PE;EE,chem-engineering;environmental-sci,pyGAPS; ggplot2; drc,23,Electrochemical impedance Nyquist plot;Galvanostatic charge-discharge curve;Stress-strain curve;S-N curve;Nanoindentation load-displacement curve;DMA curve;Rheogram;BET adsorption isotherm;Breakthrough curve;Pump / fan performance curve;Magnetic hysteresis loop;I-V curve (semiconductor);J-V curve (solar cell);EQE / IPCE spectrum;Tafel plot;Cyclic voltammogram;Differential capacity plot;Creep curve
P506,Breakthrough curve,,"F22 Physics, chem & materials",S30,Characteristic curve (measured response vs a controlled variable),H,"Hybrid (instrument output, software-rendered)",domain-signature,standard,PE;EE,chem-engineering;hydrology,ggplot2; CXTFIT,23,Electrochemical impedance Nyquist plot;Galvanostatic charge-discharge curve;Stress-strain curve;S-N curve;Nanoindentation load-displacement curve;DMA curve;Rheogram;BET adsorption isotherm;Langmuir / Freundlich isotherm fit;Pump / fan performance curve;Magnetic hysteresis loop;I-V curve (semiconductor);J-V curve (solar cell);EQE / IPCE spectrum;Tafel plot;Cyclic voltammogram;Differential capacity 
P507,Psychrometric chart,,"F22 Physics, chem & materials",S31,Reference chart or state-space diagram,D,Data-driven,domain-signature,standard,PE,chem-engineering;energy,psychrolib; CoolProp; HAsPsychroChart,11,Smith chart;Phase diagram (thermodynamic);Pourbaix diagram;Ellingham diagram;Mollier diagram;Moody chart;Ashby chart;Koppen climate classification map;T-s and P-v diagrams;Chart of nuclides;Hjulstrom / Shields diagram
P508,Mollier diagram,h-s diagram,"F22 Physics, chem & materials",S31,Reference chart or state-space diagram,D,Data-driven,domain-signature,standard,PE,thermodynamics;energy,CoolProp; pyromat,11,Smith chart;Phase diagram (thermodynamic);Pourbaix diagram;Ellingham diagram;Psychrometric chart;Moody chart;Ashby chart;Koppen climate classification map;T-s and P-v diagrams;Chart of nuclides;Hjulstrom / Shields diagram
P509,T-s and P-v diagrams,,"F22 Physics, chem & materials",S31,Reference chart or state-space diagram,D,Data-driven,niche,stub,PE,thermodynamics,CoolProp; pyromat,11,Smith chart;Phase diagram (thermodynamic);Pourbaix diagram;Ellingham diagram;Psychrometric chart;Mollier diagram;Moody chart;Ashby chart;Koppen climate classification map;Chart of nuclides;Hjulstrom / Shields diagram
P510,Moody chart,,"F22 Physics, chem & materials",S31,Reference chart or state-space diagram,D,Data-driven,domain-signature,standard,PE,fluid-dynamics;civil-engineering,fluids (py); ggplot2,11,Smith chart;Phase diagram (thermodynamic);Pourbaix diagram;Ellingham diagram;Psychrometric chart;Mollier diagram;Ashby chart;Koppen climate classification map;T-s and P-v diagrams;Chart of nuclides;Hjulstrom / Shields diagram
P511,Pump / fan performance curve,,"F22 Physics, chem & materials",S30,Characteristic curve (measured response vs a controlled variable),D,Data-driven,domain-signature,standard,PE,mech-engineering;chem-engineering,fluids (py); ggplot2,23,Electrochemical impedance Nyquist plot;Galvanostatic charge-discharge curve;Stress-strain curve;S-N curve;Nanoindentation load-displacement curve;DMA curve;Rheogram;BET adsorption isotherm;Langmuir / Freundlich isotherm fit;Breakthrough curve;Magnetic hysteresis loop;I-V curve (semiconductor);J-V curve (solar cell);EQE / IPCE spectrum;Tafel plot;Cyclic voltammogram;Differential capacity plot;Creep
P512,Magnetic hysteresis loop,B-H loop; M-H curve,"F22 Physics, chem & materials",S30,Characteristic curve (measured response vs a controlled variable),H,"Hybrid (instrument output, software-rendered)",domain-signature,standard,PE,condensed-matter;materials,VSM/SQUID software; Origin,23,Electrochemical impedance Nyquist plot;Galvanostatic charge-discharge curve;Stress-strain curve;S-N curve;Nanoindentation load-displacement curve;DMA curve;Rheogram;BET adsorption isotherm;Langmuir / Freundlich isotherm fit;Breakthrough curve;Pump / fan performance curve;I-V curve (semiconductor);J-V curve (solar cell);EQE / IPCE spectrum;Tafel plot;Cyclic voltammogram;Differential capacity plot;C
P513,I-V curve (semiconductor),current-voltage characteristic,"F22 Physics, chem & materials",S30,Characteristic curve (measured response vs a controlled variable),H,"Hybrid (instrument output, software-rendered)",domain-signature,standard,PE,elec-engineering;condensed-matter,Keithley; LabVIEW; matplotlib,23,Electrochemical impedance Nyquist plot;Galvanostatic charge-discharge curve;Stress-strain curve;S-N curve;Nanoindentation load-displacement curve;DMA curve;Rheogram;BET adsorption isotherm;Langmuir / Freundlich isotherm fit;Breakthrough curve;Pump / fan performance curve;Magnetic hysteresis loop;J-V curve (solar cell);EQE / IPCE spectrum;Tafel plot;Cyclic voltammogram;Differential capacity plot;Cr
P514,J-V curve (solar cell),photovoltaic characteristic with fill factor,"F22 Physics, chem & materials",S30,Characteristic curve (measured response vs a controlled variable),H,"Hybrid (instrument output, software-rendered)",domain-signature,standard,PE,energy;optics-photonics,pvlib; Origin,23,Electrochemical impedance Nyquist plot;Galvanostatic charge-discharge curve;Stress-strain curve;S-N curve;Nanoindentation load-displacement curve;DMA curve;Rheogram;BET adsorption isotherm;Langmuir / Freundlich isotherm fit;Breakthrough curve;Pump / fan performance curve;Magnetic hysteresis loop;I-V curve (semiconductor);EQE / IPCE spectrum;Tafel plot;Cyclic voltammogram;Differential capacity plot
P515,EQE / IPCE spectrum,,"F22 Physics, chem & materials",S30,Characteristic curve (measured response vs a controlled variable),H,"Hybrid (instrument output, software-rendered)",domain-signature,standard,PE,energy;optics-photonics,Origin; matplotlib,23,Electrochemical impedance Nyquist plot;Galvanostatic charge-discharge curve;Stress-strain curve;S-N curve;Nanoindentation load-displacement curve;DMA curve;Rheogram;BET adsorption isotherm;Langmuir / Freundlich isotherm fit;Breakthrough curve;Pump / fan performance curve;Magnetic hysteresis loop;I-V curve (semiconductor);J-V curve (solar cell);Tafel plot;Cyclic voltammogram;Differential capacity p
P516,Ashby chart,material property selection map,"F22 Physics, chem & materials",S31,Reference chart or state-space diagram,D,Data-driven,domain-signature,deep,PE,materials;mech-engineering,CES EduPack/Granta; ggplot2,11,Smith chart;Phase diagram (thermodynamic);Pourbaix diagram;Ellingham diagram;Psychrometric chart;Mollier diagram;Moody chart;Koppen climate classification map;T-s and P-v diagrams;Chart of nuclides;Hjulstrom / Shields diagram
P517,Chart of nuclides,Segre chart,"F22 Physics, chem & materials",S31,Reference chart or state-space diagram,D,Data-driven,niche,stub,PE,particle-nuclear,nuclear-chart tools; matplotlib,11,Smith chart;Phase diagram (thermodynamic);Pourbaix diagram;Ellingham diagram;Psychrometric chart;Mollier diagram;Moody chart;Ashby chart;Koppen climate classification map;T-s and P-v diagrams;Hjulstrom / Shields diagram
P518,Dalitz plot,,"F22 Physics, chem & materials",S03,Two continuous variables,D,Data-driven,niche,stub,PE,particle-nuclear,ROOT; matplotlib,56,Marginal histogram plot;Scatter plot;Bubble chart;Van Krevelen diagram;Heat scatter / density scatter;Volcano plot;Pearce discrimination diagram;Bode plot;Pole-zero plot;Reaction coordinate diagram;Arrhenius plot;Van 't Hoff plot;Well log plot;Pollen diagram;Microfossil stratigraphic diagram;Age-depth model plot;Tree-ring chronology plot;Ice core isotope depth profile;Stable isotope cross plot;Kee
P519,Invariant mass histogram,bump hunt plot,"F22 Physics, chem & materials",S01,One continuous variable,D,Data-driven,niche,stub,PE,particle-nuclear,ROOT; matplotlib; hist (py),44,Histogram;Density plot;Empirical CDF plot;Q-Q plot;Stem-and-leaf plot;Rug plot;Frequency polygon;Normal probability plot;Pareto chart;Spike histogram;Histogram with fitted distribution overlay;Cumulative frequency curve;GWAS Q-Q plot;Mutational signature plot;Sequence logo;Alpha diversity plot;Rarefaction curve;Species accumulation curve;Rank-abundance curve;Stratigraphic column;Gutenberg-Richter 
P520,Brazil band plot,exclusion limit plot,"F22 Physics, chem & materials",S03,Two continuous variables,D,Data-driven,niche,stub,PE,particle-nuclear,ROOT; pyhf,56,Marginal histogram plot;Scatter plot;Bubble chart;Van Krevelen diagram;Heat scatter / density scatter;Volcano plot;Pearce discrimination diagram;Bode plot;Pole-zero plot;Reaction coordinate diagram;Arrhenius plot;Van 't Hoff plot;Well log plot;Pollen diagram;Microfossil stratigraphic diagram;Age-depth model plot;Tree-ring chronology plot;Ice core isotope depth profile;Stable isotope cross plot;Kee
P521,Ray diagram,,"F22 Physics, chem & materials",S27,Schematic (no data),C,Conceptual / schematic,niche,stub,PE,optics-photonics,TikZ; raytracing (py),25,Flow chart;Directed acyclic graph;Molecular orbital diagram;Jablonski diagram;Feynman diagram;Energy level diagram;Ishikawa diagram;Experimental design schematic;Mechanism / signalling pathway cartoon;Anatomical / physiological diagram;Causal loop diagram;Logic model / theory of change;Conceptual framework diagram;Engineering drawing / CAD orthographic view;Free-body diagram;Bathtub curve;Geologic
P522,Beam profile map,intensity cross-section,"F22 Physics, chem & materials",S30,Characteristic curve (measured response vs a controlled variable),H,"Hybrid (instrument output, software-rendered)",niche,stub,PE,optics-photonics,BeamGage; matplotlib,23,Electrochemical impedance Nyquist plot;Galvanostatic charge-discharge curve;Stress-strain curve;S-N curve;Nanoindentation load-displacement curve;DMA curve;Rheogram;BET adsorption isotherm;Langmuir / Freundlich isotherm fit;Breakthrough curve;Pump / fan performance curve;Magnetic hysteresis loop;I-V curve (semiconductor);J-V curve (solar cell);EQE / IPCE spectrum;Tafel plot;Cyclic voltammogram;Dif
P523,Interferogram,,"F22 Physics, chem & materials",S21,Image or raster grid,H,"Hybrid (instrument output, software-rendered)",domain-signature,standard,PE,optics-photonics;metrology,Zygo MetroPro; matplotlib,17,Spectrogram;Thermal / infrared camera image;fMRI statistical parametric map;Kymograph;Multiplexed tissue imaging figure;PIV vector field;Industrial CT slice / 3-D render;MRI image;PET / SPECT uptake image;OCT retinal scan;Micro-CT reconstruction;Small-animal MRI / preclinical MRI;Behavioural tracking heatmap;Glass brain plot;Cortical thickness / morphometry map;Spatial feature plot;CT slice / MPR 
P524,Hertzsprung-Russell diagram,HR diagram,F23 Astronomy & space,S03,Two continuous variables,D,Data-driven,niche,deep,EE,astronomy,astropy; matplotlib; TOPCAT,56,Marginal histogram plot;Scatter plot;Bubble chart;Van Krevelen diagram;Heat scatter / density scatter;Volcano plot;Pearce discrimination diagram;Bode plot;Pole-zero plot;Reaction coordinate diagram;Arrhenius plot;Van 't Hoff plot;Well log plot;Pollen diagram;Microfossil stratigraphic diagram;Age-depth model plot;Tree-ring chronology plot;Ice core isotope depth profile;Stable isotope cross plot;Kee
P525,Colour-magnitude diagram,CMD,F23 Astronomy & space,S03,Two continuous variables,D,Data-driven,niche,stub,EE,astronomy,astropy; TOPCAT,56,Marginal histogram plot;Scatter plot;Bubble chart;Van Krevelen diagram;Heat scatter / density scatter;Volcano plot;Pearce discrimination diagram;Bode plot;Pole-zero plot;Reaction coordinate diagram;Arrhenius plot;Van 't Hoff plot;Well log plot;Pollen diagram;Microfossil stratigraphic diagram;Age-depth model plot;Tree-ring chronology plot;Ice core isotope depth profile;Stable isotope cross plot;Kee
P526,Colour-colour diagram,,F23 Astronomy & space,S03,Two continuous variables,D,Data-driven,niche,stub,EE,astronomy,astropy; TOPCAT,56,Marginal histogram plot;Scatter plot;Bubble chart;Van Krevelen diagram;Heat scatter / density scatter;Volcano plot;Pearce discrimination diagram;Bode plot;Pole-zero plot;Reaction coordinate diagram;Arrhenius plot;Van 't Hoff plot;Well log plot;Pollen diagram;Microfossil stratigraphic diagram;Age-depth model plot;Tree-ring chronology plot;Ice core isotope depth profile;Stable isotope cross plot;Kee
P527,Light curve,,F23 Astronomy & space,S08,Time series,D,Data-driven,niche,deep,EE,astronomy,lightkurve; astropy; juliet,69,Line chart;Multi-series line chart;Area chart;Stacked area chart;Step chart;Gantt chart;Timeline;Control chart;Recurrence plot;Bump chart;Stream graph;Sparkline;Horizon chart;Cycle plot;Seasonal decomposition plot;Run chart;Moving average overlay chart;Lexis diagram;Marey chart;Fan chart;Epidemic curve;Compartmental model trajectory plot;Age-period-cohort plot;Life table survival plot;Pseudotime t
P528,Phase-folded light curve,,F23 Astronomy & space,S08,Time series,D,Data-driven,niche,stub,EE,astronomy,lightkurve; astropy,69,Line chart;Multi-series line chart;Area chart;Stacked area chart;Step chart;Gantt chart;Timeline;Control chart;Recurrence plot;Bump chart;Stream graph;Sparkline;Horizon chart;Cycle plot;Seasonal decomposition plot;Run chart;Moving average overlay chart;Lexis diagram;Marey chart;Fan chart;Epidemic curve;Compartmental model trajectory plot;Age-period-cohort plot;Life table survival plot;Pseudotime t
P529,Transit light curve with model fit,,F23 Astronomy & space,S08,Time series,D,Data-driven,domain-signature,standard,EE,astronomy;planetary,batman; exoplanet; juliet,69,Line chart;Multi-series line chart;Area chart;Stacked area chart;Step chart;Gantt chart;Timeline;Control chart;Recurrence plot;Bump chart;Stream graph;Sparkline;Horizon chart;Cycle plot;Seasonal decomposition plot;Run chart;Moving average overlay chart;Lexis diagram;Marey chart;Fan chart;Epidemic curve;Compartmental model trajectory plot;Age-period-cohort plot;Life table survival plot;Pseudotime t
P530,Radial velocity curve,,F23 Astronomy & space,S08,Time series,D,Data-driven,domain-signature,standard,EE,astronomy;planetary,RadVel; exoplanet,69,Line chart;Multi-series line chart;Area chart;Stacked area chart;Step chart;Gantt chart;Timeline;Control chart;Recurrence plot;Bump chart;Stream graph;Sparkline;Horizon chart;Cycle plot;Seasonal decomposition plot;Run chart;Moving average overlay chart;Lexis diagram;Marey chart;Fan chart;Epidemic curve;Compartmental model trajectory plot;Age-period-cohort plot;Life table survival plot;Pseudotime t
P531,Spectral energy distribution,SED plot,F23 Astronomy & space,S19,Spectrum (intensity vs ordered index),D,Data-driven,niche,stub,EE,astronomy,astropy; CIGALE; sedpy,39,Power spectral density plot;Wavelet scalogram;Waterfall plot (stacked traces);Spectral index map;Optical absorption spectrum;Fluorescence emission/excitation spectrum;Excitation-emission matrix contour;Infrared / FTIR spectrum;Raman spectrum;Circular dichroism spectrum;1-D NMR spectrum;Mass spectrum;MS/MS annotated fragment spectrum;Mirror plot (spectral match);Total ion chromatogram;Extracted ion
P532,All-sky projection map,Mollweide/Aitoff/HEALPix map,F23 Astronomy & space,S16,Values attached to geography,D,Data-driven,domain-signature,deep,EE,astronomy;cosmology,healpy; astropy; Aladin,62,Choropleth map;Proportional symbol map;LISA cluster map;Small-multiple map series;Flow map;Metabolic flux map;Enrichment map;Bivariate choropleth;Cartogram;Dot density map;Isopleth map;Kernel density surface map;Hexbin map;Connection map;Origin-destination flow map;Isochrone map;Voronoi / Thiessen polygon map;Moran scatterplot;Semivariogram;Kriging interpolation surface;Spatial scan cluster map;St
P533,Hubble diagram,,F23 Astronomy & space,S08,Time series,D,Data-driven,niche,stub,EE,cosmology,astropy; matplotlib,69,Line chart;Multi-series line chart;Area chart;Stacked area chart;Step chart;Gantt chart;Timeline;Control chart;Recurrence plot;Bump chart;Stream graph;Sparkline;Horizon chart;Cycle plot;Seasonal decomposition plot;Run chart;Moving average overlay chart;Lexis diagram;Marey chart;Fan chart;Epidemic curve;Compartmental model trajectory plot;Age-period-cohort plot;Life table survival plot;Pseudotime t
P534,Galaxy rotation curve,,F23 Astronomy & space,S08,Time series,D,Data-driven,niche,stub,EE,astronomy,matplotlib; GALPY,69,Line chart;Multi-series line chart;Area chart;Stacked area chart;Step chart;Gantt chart;Timeline;Control chart;Recurrence plot;Bump chart;Stream graph;Sparkline;Horizon chart;Cycle plot;Seasonal decomposition plot;Run chart;Moving average overlay chart;Lexis diagram;Marey chart;Fan chart;Epidemic curve;Compartmental model trajectory plot;Age-period-cohort plot;Life table survival plot;Pseudotime t
P535,Position-velocity diagram,,F23 Astronomy & space,S03,Two continuous variables,D,Data-driven,niche,stub,EE,astronomy,CASA; spectral-cube,56,Marginal histogram plot;Scatter plot;Bubble chart;Van Krevelen diagram;Heat scatter / density scatter;Volcano plot;Pearce discrimination diagram;Bode plot;Pole-zero plot;Reaction coordinate diagram;Arrhenius plot;Van 't Hoff plot;Well log plot;Pollen diagram;Microfossil stratigraphic diagram;Age-depth model plot;Tree-ring chronology plot;Ice core isotope depth profile;Stable isotope cross plot;Kee
P536,Channel map,velocity channel mosaic,F23 Astronomy & space,S16,Values attached to geography,D,Data-driven,niche,stub,EE,astronomy,CASA; spectral-cube; astropy,62,Choropleth map;Proportional symbol map;LISA cluster map;Small-multiple map series;Flow map;Metabolic flux map;Enrichment map;Bivariate choropleth;Cartogram;Dot density map;Isopleth map;Kernel density surface map;Hexbin map;Connection map;Origin-destination flow map;Isochrone map;Voronoi / Thiessen polygon map;Moran scatterplot;Semivariogram;Kriging interpolation surface;Spatial scan cluster map;St
P537,Butterfly diagram (sunspots),,F23 Astronomy & space,S08,Time series,D,Data-driven,niche,stub,EE,space-physics,SunPy; matplotlib,69,Line chart;Multi-series line chart;Area chart;Stacked area chart;Step chart;Gantt chart;Timeline;Control chart;Recurrence plot;Bump chart;Stream graph;Sparkline;Horizon chart;Cycle plot;Seasonal decomposition plot;Run chart;Moving average overlay chart;Lexis diagram;Marey chart;Fan chart;Epidemic curve;Compartmental model trajectory plot;Age-period-cohort plot;Life table survival plot;Pseudotime t
P538,Dynamic spectrum (radio),,F23 Astronomy & space,S19,Spectrum (intensity vs ordered index),H,"Hybrid (instrument output, software-rendered)",domain-signature,standard,EE,space-physics;astronomy,SunPy; PRESTO,39,Power spectral density plot;Wavelet scalogram;Waterfall plot (stacked traces);Spectral index map;Optical absorption spectrum;Fluorescence emission/excitation spectrum;Excitation-emission matrix contour;Infrared / FTIR spectrum;Raman spectrum;Circular dichroism spectrum;1-D NMR spectrum;Mass spectrum;MS/MS annotated fragment spectrum;Mirror plot (spectral match);Total ion chromatogram;Extracted ion
P539,Sky survey mosaic / cutout figure,,F23 Astronomy & space,S05,One summary value per category,H,"Hybrid (instrument output, software-rendered)",niche,stub,EE,astronomy,astropy; Aladin; DS9,28,Bar chart;Grouped bar chart;Lollipop chart;Cleveland dot plot;Mosaic plot;Small multiples;Diverging bar chart;Nightingale rose chart;Waterfall chart;Pictogram chart;Population pyramid;Equiplot;Gauge chart;GSEA enrichment plot;Lollipop mutation plot;Ecological niche overlap plot;Mark-recapture survival plot;KPI card / big number tile;Bullet graph;Radial bar chart;Spine plot;Tally chart;Wrapped bar 
P540,Particle collision event display,,F23 Astronomy & space,S26,Physical lab output (no input table),H,"Hybrid (instrument output, software-rendered)",niche,stub,PE,particle-nuclear,ROOT; iSpy; Atlantis,64,Ridgeline plot;Scanning electron micrograph;Western blot;Southern blot;Northern blot;Far-western blot;Dot blot / slot blot;Agarose gel electrophoresis image;SDS-PAGE stained gel;Native PAGE / Blue-native PAGE;Zymogram;EMSA;Pulsed-field gel electrophoresis;Comet assay image;Autoradiograph;Brightfield micrograph;Phase contrast micrograph;DIC micrograph;Immunofluorescence micrograph;Confocal microgra
P541,Power spectrum of CMB,,F23 Astronomy & space,S19,Spectrum (intensity vs ordered index),D,Data-driven,niche,stub,EE,cosmology,CAMB; healpy,39,Power spectral density plot;Wavelet scalogram;Waterfall plot (stacked traces);Spectral index map;Optical absorption spectrum;Fluorescence emission/excitation spectrum;Excitation-emission matrix contour;Infrared / FTIR spectrum;Raman spectrum;Circular dichroism spectrum;1-D NMR spectrum;Mass spectrum;MS/MS annotated fragment spectrum;Mirror plot (spectral match);Total ion chromatogram;Extracted ion
P542,Stratigraphic column,lithologic log; graphic log,"F24 Earth, climate & hydrology",S01,One continuous variable,D,Data-driven,domain-signature,deep,EE,geology;sedimentology,StratigrapheR; SedLog; TikZ,44,Histogram;Density plot;Empirical CDF plot;Q-Q plot;Stem-and-leaf plot;Rug plot;Frequency polygon;Normal probability plot;Pareto chart;Spike histogram;Histogram with fitted distribution overlay;Cumulative frequency curve;GWAS Q-Q plot;Mutational signature plot;Sequence logo;Alpha diversity plot;Rarefaction curve;Species accumulation curve;Rank-abundance curve;Gutenberg-Richter plot;Detrital zircon 
P543,Well log plot,wireline log; composite log,"F24 Earth, climate & hydrology",S03,Two continuous variables,H,"Hybrid (instrument output, software-rendered)",domain-signature,standard,EE,geology;geophysics,welly; lasio; Techlog; Petrel,56,Marginal histogram plot;Scatter plot;Bubble chart;Van Krevelen diagram;Heat scatter / density scatter;Volcano plot;Pearce discrimination diagram;Bode plot;Pole-zero plot;Reaction coordinate diagram;Arrhenius plot;Van 't Hoff plot;Pollen diagram;Microfossil stratigraphic diagram;Age-depth model plot;Tree-ring chronology plot;Ice core isotope depth profile;Stable isotope cross plot;Keeling plot;Clim
P544,Seismogram,waveform record,"F24 Earth, climate & hydrology",S20,Instrument trace (signal vs time),H,"Hybrid (instrument output, software-rendered)",niche,deep,EE,geophysics,obspy; SAC,27,Actogram;Eye diagram;Sanger sequencing chromatogram;Bioanalyzer / TapeStation trace;Capillary electrophoresis electropherogram;FRAP recovery curve;qPCR amplification curve;SPR sensorgram;Thermal shift melt curve;Seahorse OCR/ECAR trace;xCELLigence impedance trace;Patch-clamp trace;EEG multichannel trace;EEG topographic scalp map;ERP waveform plot;Time-frequency / ERSP plot;EMG trace;Actigraphy / a
P545,Record section plot,,"F24 Earth, climate & hydrology",S03,Two continuous variables,D,Data-driven,niche,stub,EE,geophysics,obspy; pyrocko,56,Marginal histogram plot;Scatter plot;Bubble chart;Van Krevelen diagram;Heat scatter / density scatter;Volcano plot;Pearce discrimination diagram;Bode plot;Pole-zero plot;Reaction coordinate diagram;Arrhenius plot;Van 't Hoff plot;Well log plot;Pollen diagram;Microfossil stratigraphic diagram;Age-depth model plot;Tree-ring chronology plot;Ice core isotope depth profile;Stable isotope cross plot;Kee
P546,Seismic reflection section,,"F24 Earth, climate & hydrology",S03,Two continuous variables,H,"Hybrid (instrument output, software-rendered)",niche,stub,EE,geophysics,OpendTect; segyio; Petrel,56,Marginal histogram plot;Scatter plot;Bubble chart;Van Krevelen diagram;Heat scatter / density scatter;Volcano plot;Pearce discrimination diagram;Bode plot;Pole-zero plot;Reaction coordinate diagram;Arrhenius plot;Van 't Hoff plot;Well log plot;Pollen diagram;Microfossil stratigraphic diagram;Age-depth model plot;Tree-ring chronology plot;Ice core isotope depth profile;Stable isotope cross plot;Kee
P547,Gutenberg-Richter plot,frequency-magnitude distribution,"F24 Earth, climate & hydrology",S01,One continuous variable,D,Data-driven,domain-signature,standard,EE,geophysics;natural-hazards,obspy; ggplot2,44,Histogram;Density plot;Empirical CDF plot;Q-Q plot;Stem-and-leaf plot;Rug plot;Frequency polygon;Normal probability plot;Pareto chart;Spike histogram;Histogram with fitted distribution overlay;Cumulative frequency curve;GWAS Q-Q plot;Mutational signature plot;Sequence logo;Alpha diversity plot;Rarefaction curve;Species accumulation curve;Rank-abundance curve;Stratigraphic column;Detrital zircon KD
P548,Seismic hazard curve,,"F24 Earth, climate & hydrology",S03,Two continuous variables,D,Data-driven,niche,stub,EE,natural-hazards,OpenQuake; ggplot2,56,Marginal histogram plot;Scatter plot;Bubble chart;Van Krevelen diagram;Heat scatter / density scatter;Volcano plot;Pearce discrimination diagram;Bode plot;Pole-zero plot;Reaction coordinate diagram;Arrhenius plot;Van 't Hoff plot;Well log plot;Pollen diagram;Microfossil stratigraphic diagram;Age-depth model plot;Tree-ring chronology plot;Ice core isotope depth profile;Stable isotope cross plot;Kee
P549,ShakeMap,ground motion intensity map,"F24 Earth, climate & hydrology",S16,Values attached to geography,D,Data-driven,niche,stub,EE,natural-hazards,USGS ShakeMap; terra,62,Choropleth map;Proportional symbol map;LISA cluster map;Small-multiple map series;Flow map;Metabolic flux map;Enrichment map;Bivariate choropleth;Cartogram;Dot density map;Isopleth map;Kernel density surface map;Hexbin map;Connection map;Origin-destination flow map;Isochrone map;Voronoi / Thiessen polygon map;Moran scatterplot;Semivariogram;Kriging interpolation surface;Spatial scan cluster map;St
P550,Geological cross-section,,"F24 Earth, climate & hydrology",S27,Schematic (no data),H,"Hybrid (instrument output, software-rendered)",niche,stub,EE,geology,GeoScene3D; Move; Illustrator,25,Flow chart;Directed acyclic graph;Molecular orbital diagram;Jablonski diagram;Feynman diagram;Energy level diagram;Ishikawa diagram;Experimental design schematic;Mechanism / signalling pathway cartoon;Anatomical / physiological diagram;Causal loop diagram;Logic model / theory of change;Conceptual framework diagram;Engineering drawing / CAD orthographic view;Free-body diagram;Bathtub curve;Ray diag
P551,Fence diagram,,"F24 Earth, climate & hydrology",S25,Surface over a two-dimensional domain,D,Data-driven,domain-signature,standard,EE,geology;hydrology,RockWorks; Leapfrog,12,Hexbin plot;2-D density plot;Contour plot;3-D surface plot;Wireframe plot;Vector field plot;Streamline plot;Hovmoller diagram;Exposure-lag-response surface;2-D NMR contour plot
P552,Isopach map,thickness contour map,"F24 Earth, climate & hydrology",S16,Values attached to geography,D,Data-driven,domain-signature,standard,EE,geology;sedimentology,gstat; Surfer; Petrel,62,Choropleth map;Proportional symbol map;LISA cluster map;Small-multiple map series;Flow map;Metabolic flux map;Enrichment map;Bivariate choropleth;Cartogram;Dot density map;Isopleth map;Kernel density surface map;Hexbin map;Connection map;Origin-destination flow map;Isochrone map;Voronoi / Thiessen polygon map;Moran scatterplot;Semivariogram;Kriging interpolation surface;Spatial scan cluster map;St
P553,Concordia diagram,U-Pb Wetherill/Tera-Wasserburg plot,"F24 Earth, climate & hydrology",S03,Two continuous variables,D,Data-driven,niche,deep,EE,geochronology,IsoplotR; Isoplot; DensityPlotter,56,Marginal histogram plot;Scatter plot;Bubble chart;Van Krevelen diagram;Heat scatter / density scatter;Volcano plot;Pearce discrimination diagram;Bode plot;Pole-zero plot;Reaction coordinate diagram;Arrhenius plot;Van 't Hoff plot;Well log plot;Pollen diagram;Microfossil stratigraphic diagram;Age-depth model plot;Tree-ring chronology plot;Ice core isotope depth profile;Stable isotope cross plot;Kee
P554,Isochron diagram,Rb-Sr / Sm-Nd isochron,"F24 Earth, climate & hydrology",S03,Two continuous variables,D,Data-driven,niche,stub,EE,geochronology,IsoplotR; Isoplot,56,Marginal histogram plot;Scatter plot;Bubble chart;Van Krevelen diagram;Heat scatter / density scatter;Volcano plot;Pearce discrimination diagram;Bode plot;Pole-zero plot;Reaction coordinate diagram;Arrhenius plot;Van 't Hoff plot;Well log plot;Pollen diagram;Microfossil stratigraphic diagram;Age-depth model plot;Tree-ring chronology plot;Ice core isotope depth profile;Stable isotope cross plot;Kee
P555,Ar-Ar age spectrum plot,plateau age plot,"F24 Earth, climate & hydrology",S19,Spectrum (intensity vs ordered index),D,Data-driven,niche,stub,EE,geochronology,IsoplotR; ArArCALC,39,Power spectral density plot;Wavelet scalogram;Waterfall plot (stacked traces);Spectral index map;Optical absorption spectrum;Fluorescence emission/excitation spectrum;Excitation-emission matrix contour;Infrared / FTIR spectrum;Raman spectrum;Circular dichroism spectrum;1-D NMR spectrum;Mass spectrum;MS/MS annotated fragment spectrum;Mirror plot (spectral match);Total ion chromatogram;Extracted ion
P556,Detrital zircon KDE plot,age distribution KDE/PDP,"F24 Earth, climate & hydrology",S01,One continuous variable,D,Data-driven,domain-signature,standard,EE,geochronology;sedimentology,provenance; detzrcr; DensityPlotter,44,Histogram;Density plot;Empirical CDF plot;Q-Q plot;Stem-and-leaf plot;Rug plot;Frequency polygon;Normal probability plot;Pareto chart;Spike histogram;Histogram with fitted distribution overlay;Cumulative frequency curve;GWAS Q-Q plot;Mutational signature plot;Sequence logo;Alpha diversity plot;Rarefaction curve;Species accumulation curve;Rank-abundance curve;Stratigraphic column;Gutenberg-Richter 
P557,Fission-track length distribution plot,,"F24 Earth, climate & hydrology",S01,One continuous variable,D,Data-driven,niche,stub,EE,geochronology,IsoplotR; HeFTy,44,Histogram;Density plot;Empirical CDF plot;Q-Q plot;Stem-and-leaf plot;Rug plot;Frequency polygon;Normal probability plot;Pareto chart;Spike histogram;Histogram with fitted distribution overlay;Cumulative frequency curve;GWAS Q-Q plot;Mutational signature plot;Sequence logo;Alpha diversity plot;Rarefaction curve;Species accumulation curve;Rank-abundance curve;Stratigraphic column;Gutenberg-Richter 
P558,Time-temperature history plot,thermal history envelope,"F24 Earth, climate & hydrology",S03,Two continuous variables,D,Data-driven,niche,stub,EE,geochronology,HeFTy; QTQt,56,Marginal histogram plot;Scatter plot;Bubble chart;Van Krevelen diagram;Heat scatter / density scatter;Volcano plot;Pearce discrimination diagram;Bode plot;Pole-zero plot;Reaction coordinate diagram;Arrhenius plot;Van 't Hoff plot;Well log plot;Pollen diagram;Microfossil stratigraphic diagram;Age-depth model plot;Tree-ring chronology plot;Ice core isotope depth profile;Stable isotope cross plot;Kee
P559,Pollen diagram,,"F24 Earth, climate & hydrology",S03,Two continuous variables,D,Data-driven,domain-signature,deep,EE,palaeoclimate;palaeontology,rioja; riojaPlot; Tilia; C2,56,Marginal histogram plot;Scatter plot;Bubble chart;Van Krevelen diagram;Heat scatter / density scatter;Volcano plot;Pearce discrimination diagram;Bode plot;Pole-zero plot;Reaction coordinate diagram;Arrhenius plot;Van 't Hoff plot;Well log plot;Microfossil stratigraphic diagram;Age-depth model plot;Tree-ring chronology plot;Ice core isotope depth profile;Stable isotope cross plot;Keeling plot;Climo
P560,Microfossil stratigraphic diagram,diatom/foraminifera diagram,"F24 Earth, climate & hydrology",S03,Two continuous variables,D,Data-driven,domain-signature,standard,EE,palaeontology;palaeoclimate,rioja; C2,56,Marginal histogram plot;Scatter plot;Bubble chart;Van Krevelen diagram;Heat scatter / density scatter;Volcano plot;Pearce discrimination diagram;Bode plot;Pole-zero plot;Reaction coordinate diagram;Arrhenius plot;Van 't Hoff plot;Well log plot;Pollen diagram;Age-depth model plot;Tree-ring chronology plot;Ice core isotope depth profile;Stable isotope cross plot;Keeling plot;Climograph;Flow cytometr
P561,Age-depth model plot,,"F24 Earth, climate & hydrology",S03,Two continuous variables,D,Data-driven,domain-signature,standard,EE,palaeoclimate;geochronology,rbacon; Bchron; clam,56,Marginal histogram plot;Scatter plot;Bubble chart;Van Krevelen diagram;Heat scatter / density scatter;Volcano plot;Pearce discrimination diagram;Bode plot;Pole-zero plot;Reaction coordinate diagram;Arrhenius plot;Van 't Hoff plot;Well log plot;Pollen diagram;Microfossil stratigraphic diagram;Tree-ring chronology plot;Ice core isotope depth profile;Stable isotope cross plot;Keeling plot;Climograph;
P562,Tree-ring chronology plot,dendrochronology series plot,"F24 Earth, climate & hydrology",S03,Two continuous variables,D,Data-driven,domain-signature,standard,EE;LS,palaeoclimate;plant-science,dplR; dendroTools,56,Marginal histogram plot;Scatter plot;Bubble chart;Van Krevelen diagram;Heat scatter / density scatter;Volcano plot;Pearce discrimination diagram;Bode plot;Pole-zero plot;Reaction coordinate diagram;Arrhenius plot;Van 't Hoff plot;Well log plot;Pollen diagram;Microfossil stratigraphic diagram;Age-depth model plot;Ice core isotope depth profile;Stable isotope cross plot;Keeling plot;Climograph;Flow 
P563,Skeleton plot (dendrochronology),,"F24 Earth, climate & hydrology",S03,Two continuous variables,D,Data-driven,niche,stub,EE,palaeoclimate,dplR,56,Marginal histogram plot;Scatter plot;Bubble chart;Van Krevelen diagram;Heat scatter / density scatter;Volcano plot;Pearce discrimination diagram;Bode plot;Pole-zero plot;Reaction coordinate diagram;Arrhenius plot;Van 't Hoff plot;Well log plot;Pollen diagram;Microfossil stratigraphic diagram;Age-depth model plot;Tree-ring chronology plot;Ice core isotope depth profile;Stable isotope cross plot;Kee
P564,Ice core isotope depth profile,,"F24 Earth, climate & hydrology",S03,Two continuous variables,D,Data-driven,domain-signature,standard,EE,palaeoclimate;climate,ggplot2; PaleoSpec,56,Marginal histogram plot;Scatter plot;Bubble chart;Van Krevelen diagram;Heat scatter / density scatter;Volcano plot;Pearce discrimination diagram;Bode plot;Pole-zero plot;Reaction coordinate diagram;Arrhenius plot;Van 't Hoff plot;Well log plot;Pollen diagram;Microfossil stratigraphic diagram;Age-depth model plot;Tree-ring chronology plot;Stable isotope cross plot;Keeling plot;Climograph;Flow cytom
P565,Stable isotope cross plot,d18O vs d13C plot,"F24 Earth, climate & hydrology",S03,Two continuous variables,D,Data-driven,domain-signature,standard,EE;LS,geochemistry;palaeoclimate,ggplot2; isotope R packages,56,Marginal histogram plot;Scatter plot;Bubble chart;Van Krevelen diagram;Heat scatter / density scatter;Volcano plot;Pearce discrimination diagram;Bode plot;Pole-zero plot;Reaction coordinate diagram;Arrhenius plot;Van 't Hoff plot;Well log plot;Pollen diagram;Microfossil stratigraphic diagram;Age-depth model plot;Tree-ring chronology plot;Ice core isotope depth profile;Keeling plot;Climograph;Flow 
P566,Keeling plot,,"F24 Earth, climate & hydrology",S03,Two continuous variables,D,Data-driven,domain-signature,standard,EE,atmospheric;environmental-sci,ggplot2; SIBER,56,Marginal histogram plot;Scatter plot;Bubble chart;Van Krevelen diagram;Heat scatter / density scatter;Volcano plot;Pearce discrimination diagram;Bode plot;Pole-zero plot;Reaction coordinate diagram;Arrhenius plot;Van 't Hoff plot;Well log plot;Pollen diagram;Microfossil stratigraphic diagram;Age-depth model plot;Tree-ring chronology plot;Ice core isotope depth profile;Stable isotope cross plot;Cli
P567,Isotope mixing model plot,SIBER/MixSIAR biplot,"F24 Earth, climate & hydrology",S11,Many variables per observation (wide / high-dimensional),D,Data-driven,domain-signature,standard,LS;EE,ecology;geochemistry,SIBER; MixSIAR; simmr,39,Scatter plot matrix;Parallel coordinates plot;PCA scores plot;Scree plot;Radar chart;PCA biplot;Multidimensional scaling plot;Chernoff faces;Silhouette plot;Elbow plot;Embedding projection plot;t-SNE embedding plot;UMAP embedding plot;Cell-cell communication circle plot;Beta diversity ordination;Loadings plot;Parallel analysis plot;PLS-DA / OPLS-DA scores plot;LDA / discriminant plot;Correspondenc
P568,Climate stripes,warming stripes,"F24 Earth, climate & hydrology",S08,Time series,D,Data-driven,niche,stub,EE,climate,ggplot2; #ShowYourStripes,69,Line chart;Multi-series line chart;Area chart;Stacked area chart;Step chart;Gantt chart;Timeline;Control chart;Recurrence plot;Bump chart;Stream graph;Sparkline;Horizon chart;Cycle plot;Seasonal decomposition plot;Run chart;Moving average overlay chart;Lexis diagram;Marey chart;Fan chart;Epidemic curve;Compartmental model trajectory plot;Age-period-cohort plot;Life table survival plot;Pseudotime t
P569,Climate spiral,,"F24 Earth, climate & hydrology",S08,Time series,D,Data-driven,niche,stub,EE,climate,gganimate; matplotlib,69,Line chart;Multi-series line chart;Area chart;Stacked area chart;Step chart;Gantt chart;Timeline;Control chart;Recurrence plot;Bump chart;Stream graph;Sparkline;Horizon chart;Cycle plot;Seasonal decomposition plot;Run chart;Moving average overlay chart;Lexis diagram;Marey chart;Fan chart;Epidemic curve;Compartmental model trajectory plot;Age-period-cohort plot;Life table survival plot;Pseudotime t
P570,Temperature anomaly time series,,"F24 Earth, climate & hydrology",S08,Time series,D,Data-driven,niche,stub,EE,climate,ggplot2; xarray,69,Line chart;Multi-series line chart;Area chart;Stacked area chart;Step chart;Gantt chart;Timeline;Control chart;Recurrence plot;Bump chart;Stream graph;Sparkline;Horizon chart;Cycle plot;Seasonal decomposition plot;Run chart;Moving average overlay chart;Lexis diagram;Marey chart;Fan chart;Epidemic curve;Compartmental model trajectory plot;Age-period-cohort plot;Life table survival plot;Pseudotime t
P571,Taylor diagram,model skill diagram,"F24 Earth, climate & hydrology",S22,Model output vs observed,D,Data-driven,domain-signature,deep,EE;XM,climate;simulation,plotrix::taylor.diagram; openair; SkillMetrics,62,Regression line with confidence band;LOESS / LOWESS smoother;ROC curve;Feature importance plot;Spline / GAM partial effect plot;Calibration plot;Bland-Altman plot;Residual vs fitted plot;Added-variable plot;Marginal effects plot;Interaction plot;Nomogram;Precision-recall curve;Decision curve analysis;Lift chart / cumulative gains chart;SHAP beeswarm plot;SHAP force / waterfall plot;Partial depende
P572,Target diagram,,"F24 Earth, climate & hydrology",S22,Model output vs observed,D,Data-driven,domain-signature,standard,EE,climate;oceanography,SkillMetrics,62,Regression line with confidence band;LOESS / LOWESS smoother;ROC curve;Feature importance plot;Spline / GAM partial effect plot;Calibration plot;Bland-Altman plot;Residual vs fitted plot;Added-variable plot;Marginal effects plot;Interaction plot;Nomogram;Precision-recall curve;Decision curve analysis;Lift chart / cumulative gains chart;SHAP beeswarm plot;SHAP force / waterfall plot;Partial depende
P573,Koppen climate classification map,,"F24 Earth, climate & hydrology",S31,Reference chart or state-space diagram,D,Data-driven,domain-signature,standard,EE,climate;physical-geography,kgc; terra,11,Smith chart;Phase diagram (thermodynamic);Pourbaix diagram;Ellingham diagram;Psychrometric chart;Mollier diagram;Moody chart;Ashby chart;T-s and P-v diagrams;Chart of nuclides;Hjulstrom / Shields diagram
P574,Climograph,Walter-Lieth diagram; ombrothermic diagram,"F24 Earth, climate & hydrology",S03,Two continuous variables,D,Data-driven,domain-signature,standard,EE,climate;ecology,climatol; ggplot2,56,Marginal histogram plot;Scatter plot;Bubble chart;Van Krevelen diagram;Heat scatter / density scatter;Volcano plot;Pearce discrimination diagram;Bode plot;Pole-zero plot;Reaction coordinate diagram;Arrhenius plot;Van 't Hoff plot;Well log plot;Pollen diagram;Microfossil stratigraphic diagram;Age-depth model plot;Tree-ring chronology plot;Ice core isotope depth profile;Stable isotope cross plot;Kee
P575,Skew-T log-P diagram,atmospheric sounding plot,"F24 Earth, climate & hydrology",S03,Two continuous variables,H,"Hybrid (instrument output, software-rendered)",niche,deep,EE,atmospheric,MetPy; SHARPpy,56,Marginal histogram plot;Scatter plot;Bubble chart;Van Krevelen diagram;Heat scatter / density scatter;Volcano plot;Pearce discrimination diagram;Bode plot;Pole-zero plot;Reaction coordinate diagram;Arrhenius plot;Van 't Hoff plot;Well log plot;Pollen diagram;Microfossil stratigraphic diagram;Age-depth model plot;Tree-ring chronology plot;Ice core isotope depth profile;Stable isotope cross plot;Kee
P576,Tephigram,,"F24 Earth, climate & hydrology",S03,Two continuous variables,D,Data-driven,niche,stub,EE,atmospheric,MetPy; tephi (py),56,Marginal histogram plot;Scatter plot;Bubble chart;Van Krevelen diagram;Heat scatter / density scatter;Volcano plot;Pearce discrimination diagram;Bode plot;Pole-zero plot;Reaction coordinate diagram;Arrhenius plot;Van 't Hoff plot;Well log plot;Pollen diagram;Microfossil stratigraphic diagram;Age-depth model plot;Tree-ring chronology plot;Ice core isotope depth profile;Stable isotope cross plot;Kee
P577,Emagram / Stuve diagram,,"F24 Earth, climate & hydrology",S03,Two continuous variables,D,Data-driven,niche,stub,EE,atmospheric,MetPy,56,Marginal histogram plot;Scatter plot;Bubble chart;Van Krevelen diagram;Heat scatter / density scatter;Volcano plot;Pearce discrimination diagram;Bode plot;Pole-zero plot;Reaction coordinate diagram;Arrhenius plot;Van 't Hoff plot;Well log plot;Pollen diagram;Microfossil stratigraphic diagram;Age-depth model plot;Tree-ring chronology plot;Ice core isotope depth profile;Stable isotope cross plot;Kee
P578,Hydrograph,streamflow time series,"F24 Earth, climate & hydrology",S08,Time series,D,Data-driven,niche,deep,EE,hydrology,hydroTSM; ggplot2,69,Line chart;Multi-series line chart;Area chart;Stacked area chart;Step chart;Gantt chart;Timeline;Control chart;Recurrence plot;Bump chart;Stream graph;Sparkline;Horizon chart;Cycle plot;Seasonal decomposition plot;Run chart;Moving average overlay chart;Lexis diagram;Marey chart;Fan chart;Epidemic curve;Compartmental model trajectory plot;Age-period-cohort plot;Life table survival plot;Pseudotime t
P579,Flow duration curve,,"F24 Earth, climate & hydrology",S01,One continuous variable,D,Data-driven,niche,stub,EE,hydrology,hydroTSM; hydrostats,44,Histogram;Density plot;Empirical CDF plot;Q-Q plot;Stem-and-leaf plot;Rug plot;Frequency polygon;Normal probability plot;Pareto chart;Spike histogram;Histogram with fitted distribution overlay;Cumulative frequency curve;GWAS Q-Q plot;Mutational signature plot;Sequence logo;Alpha diversity plot;Rarefaction curve;Species accumulation curve;Rank-abundance curve;Stratigraphic column;Gutenberg-Richter 
P580,Rating curve,stage-discharge curve,"F24 Earth, climate & hydrology",S22,Model output vs observed,D,Data-driven,niche,stub,EE,hydrology,bdrc; ggplot2,62,Regression line with confidence band;LOESS / LOWESS smoother;ROC curve;Feature importance plot;Spline / GAM partial effect plot;Calibration plot;Bland-Altman plot;Residual vs fitted plot;Added-variable plot;Marginal effects plot;Interaction plot;Nomogram;Precision-recall curve;Decision curve analysis;Lift chart / cumulative gains chart;SHAP beeswarm plot;SHAP force / waterfall plot;Partial depende
P581,Unit hydrograph,,"F24 Earth, climate & hydrology",S08,Time series,D,Data-driven,niche,stub,EE,hydrology,topmodel; ggplot2,69,Line chart;Multi-series line chart;Area chart;Stacked area chart;Step chart;Gantt chart;Timeline;Control chart;Recurrence plot;Bump chart;Stream graph;Sparkline;Horizon chart;Cycle plot;Seasonal decomposition plot;Run chart;Moving average overlay chart;Lexis diagram;Marey chart;Fan chart;Epidemic curve;Compartmental model trajectory plot;Age-period-cohort plot;Life table survival plot;Pseudotime t
P582,Double mass curve,,"F24 Earth, climate & hydrology",S08,Time series,D,Data-driven,domain-signature,standard,EE,hydrology;climate,ggplot2,69,Line chart;Multi-series line chart;Area chart;Stacked area chart;Step chart;Gantt chart;Timeline;Control chart;Recurrence plot;Bump chart;Stream graph;Sparkline;Horizon chart;Cycle plot;Seasonal decomposition plot;Run chart;Moving average overlay chart;Lexis diagram;Marey chart;Fan chart;Epidemic curve;Compartmental model trajectory plot;Age-period-cohort plot;Life table survival plot;Pseudotime t
P583,IDF curve,intensity-duration-frequency curve,"F24 Earth, climate & hydrology",S01,One continuous variable,D,Data-driven,domain-signature,standard,EE,hydrology;natural-hazards,IDF; ggplot2,44,Histogram;Density plot;Empirical CDF plot;Q-Q plot;Stem-and-leaf plot;Rug plot;Frequency polygon;Normal probability plot;Pareto chart;Spike histogram;Histogram with fitted distribution overlay;Cumulative frequency curve;GWAS Q-Q plot;Mutational signature plot;Sequence logo;Alpha diversity plot;Rarefaction curve;Species accumulation curve;Rank-abundance curve;Stratigraphic column;Gutenberg-Richter 
P584,Flood frequency curve,,"F24 Earth, climate & hydrology",S01,One continuous variable,D,Data-driven,domain-signature,standard,EE,hydrology;natural-hazards,lmomRFA; ggplot2,44,Histogram;Density plot;Empirical CDF plot;Q-Q plot;Stem-and-leaf plot;Rug plot;Frequency polygon;Normal probability plot;Pareto chart;Spike histogram;Histogram with fitted distribution overlay;Cumulative frequency curve;GWAS Q-Q plot;Mutational signature plot;Sequence logo;Alpha diversity plot;Rarefaction curve;Species accumulation curve;Rank-abundance curve;Stratigraphic column;Gutenberg-Richter 
P585,Grain size distribution curve,particle size cumulative curve,"F24 Earth, climate & hydrology",S01,One continuous variable,D,Data-driven,domain-signature,deep,EE;PE,sedimentology;soil-science,G2Sd; GRADISTAT; ggplot2,44,Histogram;Density plot;Empirical CDF plot;Q-Q plot;Stem-and-leaf plot;Rug plot;Frequency polygon;Normal probability plot;Pareto chart;Spike histogram;Histogram with fitted distribution overlay;Cumulative frequency curve;GWAS Q-Q plot;Mutational signature plot;Sequence logo;Alpha diversity plot;Rarefaction curve;Species accumulation curve;Rank-abundance curve;Stratigraphic column;Gutenberg-Richter 
P586,Hjulstrom / Shields diagram,,"F24 Earth, climate & hydrology",S31,Reference chart or state-space diagram,D,Data-driven,niche,stub,EE,sedimentology,ggplot2,11,Smith chart;Phase diagram (thermodynamic);Pourbaix diagram;Ellingham diagram;Psychrometric chart;Mollier diagram;Moody chart;Ashby chart;Koppen climate classification map;T-s and P-v diagrams;Chart of nuclides
P587,T-S diagram,temperature-salinity diagram,"F24 Earth, climate & hydrology",S03,Two continuous variables,D,Data-driven,niche,deep,EE,oceanography,oce; gsw; matplotlib,56,Marginal histogram plot;Scatter plot;Bubble chart;Van Krevelen diagram;Heat scatter / density scatter;Volcano plot;Pearce discrimination diagram;Bode plot;Pole-zero plot;Reaction coordinate diagram;Arrhenius plot;Van 't Hoff plot;Well log plot;Pollen diagram;Microfossil stratigraphic diagram;Age-depth model plot;Tree-ring chronology plot;Ice core isotope depth profile;Stable isotope cross plot;Kee
P588,CTD profile plot,depth profile of T/S/O2,"F24 Earth, climate & hydrology",S03,Two continuous variables,H,"Hybrid (instrument output, software-rendered)",niche,stub,EE,oceanography,oce; python-ctd,56,Marginal histogram plot;Scatter plot;Bubble chart;Van Krevelen diagram;Heat scatter / density scatter;Volcano plot;Pearce discrimination diagram;Bode plot;Pole-zero plot;Reaction coordinate diagram;Arrhenius plot;Van 't Hoff plot;Well log plot;Pollen diagram;Microfossil stratigraphic diagram;Age-depth model plot;Tree-ring chronology plot;Ice core isotope depth profile;Stable isotope cross plot;Kee
P589,Depth-time section,oceanographic section plot,"F24 Earth, climate & hydrology",S08,Time series,D,Data-driven,niche,stub,EE,oceanography,oce; xarray,69,Line chart;Multi-series line chart;Area chart;Stacked area chart;Step chart;Gantt chart;Timeline;Control chart;Recurrence plot;Bump chart;Stream graph;Sparkline;Horizon chart;Cycle plot;Seasonal decomposition plot;Run chart;Moving average overlay chart;Lexis diagram;Marey chart;Fan chart;Epidemic curve;Compartmental model trajectory plot;Age-period-cohort plot;Life table survival plot;Pseudotime t
P590,Tidal harmonic / tide curve plot,,"F24 Earth, climate & hydrology",S08,Time series,D,Data-driven,niche,stub,EE,oceanography,TideHarmonics; oce; UTide,69,Line chart;Multi-series line chart;Area chart;Stacked area chart;Step chart;Gantt chart;Timeline;Control chart;Recurrence plot;Bump chart;Stream graph;Sparkline;Horizon chart;Cycle plot;Seasonal decomposition plot;Run chart;Moving average overlay chart;Lexis diagram;Marey chart;Fan chart;Epidemic curve;Compartmental model trajectory plot;Age-period-cohort plot;Life table survival plot;Pseudotime t
P591,Sea-ice extent time series,,"F24 Earth, climate & hydrology",S08,Time series,D,Data-driven,domain-signature,standard,EE,climate;oceanography,xarray; ggplot2,69,Line chart;Multi-series line chart;Area chart;Stacked area chart;Step chart;Gantt chart;Timeline;Control chart;Recurrence plot;Bump chart;Stream graph;Sparkline;Horizon chart;Cycle plot;Seasonal decomposition plot;Run chart;Moving average overlay chart;Lexis diagram;Marey chart;Fan chart;Epidemic curve;Compartmental model trajectory plot;Age-period-cohort plot;Life table survival plot;Pseudotime t
P592,Soil profile diagram,soil horizon description plot,"F24 Earth, climate & hydrology",S27,Schematic (no data),H,"Hybrid (instrument output, software-rendered)",niche,stub,EE,soil-science,aqp; ggplot2,25,Flow chart;Directed acyclic graph;Molecular orbital diagram;Jablonski diagram;Feynman diagram;Energy level diagram;Ishikawa diagram;Experimental design schematic;Mechanism / signalling pathway cartoon;Anatomical / physiological diagram;Causal loop diagram;Logic model / theory of change;Conceptual framework diagram;Engineering drawing / CAD orthographic view;Free-body diagram;Bathtub curve;Ray diag
P593,Water balance diagram,,"F24 Earth, climate & hydrology",S05,One summary value per category,D,Data-driven,niche,stub,EE,hydrology,SPEI; ggplot2,28,Bar chart;Grouped bar chart;Lollipop chart;Cleveland dot plot;Mosaic plot;Small multiples;Diverging bar chart;Nightingale rose chart;Waterfall chart;Pictogram chart;Population pyramid;Equiplot;Gauge chart;GSEA enrichment plot;Lollipop mutation plot;Ecological niche overlap plot;Mark-recapture survival plot;KPI card / big number tile;Bullet graph;Radial bar chart;Spine plot;Tally chart;Wrapped bar 
P594,Emissions / scenario pathway plot,RCP/SSP pathway plot,"F24 Earth, climate & hydrology",S13,Nodes and edges,D,Data-driven,domain-signature,standard,EE;SH,climate;public-policy,ggplot2; pyam,24,Node-link network diagram;Chord diagram;Force-directed graph;Arc diagram;Adjacency matrix plot;Hive plot;Bipartite network plot;Transmission tree;Pathway diagram;Gene regulatory network plot;Protein-protein interaction network;Haplotype network;Psychometric network plot;Connectogram;Blockmodel image matrix;Sociogram;Migration flow chord / circular plot;Correlation network (assets);Non-ribbon chord
P595,Land use change Sankey,,"F24 Earth, climate & hydrology",S15,Flows between states,D,Data-driven,domain-signature,standard,EE,environmental-sci;remote-sensing,networkD3; ggalluvial,9,Sankey diagram;Alluvial diagram;Parallel sets;PRISMA flow diagram;Care cascade plot;Funnel chart;Cumulative flow diagram;CONSORT flow diagram;Three-fields Sankey (bibliometrix)
P596,Western blot,immunoblot,"F26 Gels, blots & electrophoresis",S26,Physical lab output (no input table),L,Lab-only (physical output),domain-signature,deep,LS;HM,molecular-cell;biochemistry,"WET LAB: SDS-PAGE + transfer + antibody + ECL/near-IR detection. Imagers: ChemiDoc, LI-COR Odyssey, iBright. Quantify: ImageJ/Fiji, Image Lab, Empiria Studio",64,Ridgeline plot;Scanning electron micrograph;Southern blot;Northern blot;Far-western blot;Dot blot / slot blot;Agarose gel electrophoresis image;SDS-PAGE stained gel;Native PAGE / Blue-native PAGE;Zymogram;EMSA;Pulsed-field gel electrophoresis;Comet assay image;Autoradiograph;Brightfield micrograph;Phase contrast micrograph;DIC micrograph;Immunofluorescence micrograph;Confocal micrograph;Super-reso
P597,Southern blot,,"F26 Gels, blots & electrophoresis",S26,Physical lab output (no input table),L,Lab-only (physical output),domain-signature,standard,LS,molecular-cell;genetics,WET LAB: DNA restriction digest + transfer + labelled probe hybridisation,64,Ridgeline plot;Scanning electron micrograph;Western blot;Northern blot;Far-western blot;Dot blot / slot blot;Agarose gel electrophoresis image;SDS-PAGE stained gel;Native PAGE / Blue-native PAGE;Zymogram;EMSA;Pulsed-field gel electrophoresis;Comet assay image;Autoradiograph;Brightfield micrograph;Phase contrast micrograph;DIC micrograph;Immunofluorescence micrograph;Confocal micrograph;Super-resol
P598,Northern blot,,"F26 Gels, blots & electrophoresis",S26,Physical lab output (no input table),L,Lab-only (physical output),domain-signature,standard,LS,molecular-cell;transcriptomics,WET LAB: denaturing RNA gel + transfer + probe hybridisation,64,Ridgeline plot;Scanning electron micrograph;Western blot;Southern blot;Far-western blot;Dot blot / slot blot;Agarose gel electrophoresis image;SDS-PAGE stained gel;Native PAGE / Blue-native PAGE;Zymogram;EMSA;Pulsed-field gel electrophoresis;Comet assay image;Autoradiograph;Brightfield micrograph;Phase contrast micrograph;DIC micrograph;Immunofluorescence micrograph;Confocal micrograph;Super-resol
P599,Far-western blot,,"F26 Gels, blots & electrophoresis",S26,Physical lab output (no input table),L,Lab-only (physical output),domain-signature,standard,LS,biochemistry;proteomics,WET LAB: protein-protein interaction detection on membrane,64,Ridgeline plot;Scanning electron micrograph;Western blot;Southern blot;Northern blot;Dot blot / slot blot;Agarose gel electrophoresis image;SDS-PAGE stained gel;Native PAGE / Blue-native PAGE;Zymogram;EMSA;Pulsed-field gel electrophoresis;Comet assay image;Autoradiograph;Brightfield micrograph;Phase contrast micrograph;DIC micrograph;Immunofluorescence micrograph;Confocal micrograph;Super-resoluti
P600,Dot blot / slot blot,,"F26 Gels, blots & electrophoresis",S26,Physical lab output (no input table),L,Lab-only (physical output),domain-signature,standard,LS,molecular-cell;immunology,WET LAB: direct spotting onto membrane + probe,64,Ridgeline plot;Scanning electron micrograph;Western blot;Southern blot;Northern blot;Far-western blot;Agarose gel electrophoresis image;SDS-PAGE stained gel;Native PAGE / Blue-native PAGE;Zymogram;EMSA;Pulsed-field gel electrophoresis;Comet assay image;Autoradiograph;Brightfield micrograph;Phase contrast micrograph;DIC micrograph;Immunofluorescence micrograph;Confocal micrograph;Super-resolution m
P601,Agarose gel electrophoresis image,,"F26 Gels, blots & electrophoresis",S26,Physical lab output (no input table),L,Lab-only (physical output),domain-signature,deep,LS,molecular-cell;genomics,"WET LAB: agarose gel + EtBr/SYBR + UV/blue-light transilluminator. Quantify: ImageJ, Image Lab",64,Ridgeline plot;Scanning electron micrograph;Western blot;Southern blot;Northern blot;Far-western blot;Dot blot / slot blot;SDS-PAGE stained gel;Native PAGE / Blue-native PAGE;Zymogram;EMSA;Pulsed-field gel electrophoresis;Comet assay image;Autoradiograph;Brightfield micrograph;Phase contrast micrograph;DIC micrograph;Immunofluorescence micrograph;Confocal micrograph;Super-resolution micrograph;Tim
P602,SDS-PAGE stained gel,Coomassie / silver stain gel,"F26 Gels, blots & electrophoresis",S26,Physical lab output (no input table),L,Lab-only (physical output),domain-signature,standard,LS,biochemistry;proteomics,WET LAB: polyacrylamide gel + protein stain,64,Ridgeline plot;Scanning electron micrograph;Western blot;Southern blot;Northern blot;Far-western blot;Dot blot / slot blot;Agarose gel electrophoresis image;Native PAGE / Blue-native PAGE;Zymogram;EMSA;Pulsed-field gel electrophoresis;Comet assay image;Autoradiograph;Brightfield micrograph;Phase contrast micrograph;DIC micrograph;Immunofluorescence micrograph;Confocal micrograph;Super-resolution m
P603,Native PAGE / Blue-native PAGE,,"F26 Gels, blots & electrophoresis",S26,Physical lab output (no input table),L,Lab-only (physical output),domain-signature,standard,LS,biochemistry;structural-biology,WET LAB: non-denaturing electrophoresis,64,Ridgeline plot;Scanning electron micrograph;Western blot;Southern blot;Northern blot;Far-western blot;Dot blot / slot blot;Agarose gel electrophoresis image;SDS-PAGE stained gel;Zymogram;EMSA;Pulsed-field gel electrophoresis;Comet assay image;Autoradiograph;Brightfield micrograph;Phase contrast micrograph;DIC micrograph;Immunofluorescence micrograph;Confocal micrograph;Super-resolution micrograph;
P604,2-D gel electrophoresis,IEF x SDS-PAGE gel,"F26 Gels, blots & electrophoresis",S26,Physical lab output (no input table),L,Lab-only (physical output),niche,stub,LS,proteomics,"WET LAB + analysis software: Delta2D, PDQuest, Melanie",64,Ridgeline plot;Scanning electron micrograph;Western blot;Southern blot;Northern blot;Far-western blot;Dot blot / slot blot;Agarose gel electrophoresis image;SDS-PAGE stained gel;Native PAGE / Blue-native PAGE;Zymogram;EMSA;Pulsed-field gel electrophoresis;Comet assay image;Autoradiograph;Brightfield micrograph;Phase contrast micrograph;DIC micrograph;Immunofluorescence micrograph;Confocal microgra
P605,Zymogram,zymography gel,"F26 Gels, blots & electrophoresis",S26,Physical lab output (no input table),L,Lab-only (physical output),domain-signature,standard,LS,biochemistry;cancer-biology,WET LAB: substrate-embedded gel + activity staining,64,Ridgeline plot;Scanning electron micrograph;Western blot;Southern blot;Northern blot;Far-western blot;Dot blot / slot blot;Agarose gel electrophoresis image;SDS-PAGE stained gel;Native PAGE / Blue-native PAGE;EMSA;Pulsed-field gel electrophoresis;Comet assay image;Autoradiograph;Brightfield micrograph;Phase contrast micrograph;DIC micrograph;Immunofluorescence micrograph;Confocal micrograph;Super-
P606,EMSA,electrophoretic mobility shift assay; gel shift,"F26 Gels, blots & electrophoresis",S26,Physical lab output (no input table),L,Lab-only (physical output),domain-signature,standard,LS,molecular-cell;genomics,WET LAB: labelled probe + protein binding + native gel,64,Ridgeline plot;Scanning electron micrograph;Western blot;Southern blot;Northern blot;Far-western blot;Dot blot / slot blot;Agarose gel electrophoresis image;SDS-PAGE stained gel;Native PAGE / Blue-native PAGE;Zymogram;Pulsed-field gel electrophoresis;Comet assay image;Autoradiograph;Brightfield micrograph;Phase contrast micrograph;DIC micrograph;Immunofluorescence micrograph;Confocal micrograph;Su
P607,Pulsed-field gel electrophoresis,PFGE,"F26 Gels, blots & electrophoresis",S26,Physical lab output (no input table),L,Lab-only (physical output),domain-signature,standard,LS,microbiology;genomics,WET LAB: alternating-field electrophoresis,64,Ridgeline plot;Scanning electron micrograph;Western blot;Southern blot;Northern blot;Far-western blot;Dot blot / slot blot;Agarose gel electrophoresis image;SDS-PAGE stained gel;Native PAGE / Blue-native PAGE;Zymogram;EMSA;Comet assay image;Autoradiograph;Brightfield micrograph;Phase contrast micrograph;DIC micrograph;Immunofluorescence micrograph;Confocal micrograph;Super-resolution micrograph;Ti
P608,Comet assay image,single cell gel electrophoresis,"F26 Gels, blots & electrophoresis",S26,Physical lab output (no input table),L,Lab-only (physical output),domain-signature,standard,LS;HM,toxicology;genetics,"WET LAB + scoring: OpenComet, CometScore, CaspLab",64,Ridgeline plot;Scanning electron micrograph;Western blot;Southern blot;Northern blot;Far-western blot;Dot blot / slot blot;Agarose gel electrophoresis image;SDS-PAGE stained gel;Native PAGE / Blue-native PAGE;Zymogram;EMSA;Pulsed-field gel electrophoresis;Autoradiograph;Brightfield micrograph;Phase contrast micrograph;DIC micrograph;Immunofluorescence micrograph;Confocal micrograph;Super-resolutio
P609,Autoradiograph,,"F26 Gels, blots & electrophoresis",S26,Physical lab output (no input table),L,Lab-only (physical output),domain-signature,standard,LS,molecular-cell;biochemistry,"WET LAB: radiolabel + film/phosphor screen (Typhoon, Amersham)",64,Ridgeline plot;Scanning electron micrograph;Western blot;Southern blot;Northern blot;Far-western blot;Dot blot / slot blot;Agarose gel electrophoresis image;SDS-PAGE stained gel;Native PAGE / Blue-native PAGE;Zymogram;EMSA;Pulsed-field gel electrophoresis;Comet assay image;Brightfield micrograph;Phase contrast micrograph;DIC micrograph;Immunofluorescence micrograph;Confocal micrograph;Super-resolu
P610,Sanger sequencing chromatogram,electropherogram trace,"F26 Gels, blots & electrophoresis",S20,Instrument trace (signal vs time),H,"Hybrid (instrument output, software-rendered)",domain-signature,standard,LS;HM,genomics;genetics-clinical,"Instrument output. View/analyse: Chromas, SnapGene, sangerseqR, ApE",27,Actogram;Eye diagram;Bioanalyzer / TapeStation trace;Capillary electrophoresis electropherogram;FRAP recovery curve;qPCR amplification curve;SPR sensorgram;Thermal shift melt curve;Seahorse OCR/ECAR trace;xCELLigence impedance trace;Patch-clamp trace;EEG multichannel trace;EEG topographic scalp map;ERP waveform plot;Time-frequency / ERSP plot;EMG trace;Actigraphy / accelerometer trace;Polysomnogra
P611,Bioanalyzer / TapeStation trace,virtual gel + electropherogram,"F26 Gels, blots & electrophoresis",S20,Instrument trace (signal vs time),H,"Hybrid (instrument output, software-rendered)",domain-signature,standard,LS,genomics;transcriptomics,Agilent 2100 Expert; TapeStation Analysis; bioanalyzeR,27,Actogram;Eye diagram;Sanger sequencing chromatogram;Capillary electrophoresis electropherogram;FRAP recovery curve;qPCR amplification curve;SPR sensorgram;Thermal shift melt curve;Seahorse OCR/ECAR trace;xCELLigence impedance trace;Patch-clamp trace;EEG multichannel trace;EEG topographic scalp map;ERP waveform plot;Time-frequency / ERSP plot;EMG trace;Actigraphy / accelerometer trace;Polysomnogram
P612,Capillary electrophoresis electropherogram,,"F26 Gels, blots & electrophoresis",S20,Instrument trace (signal vs time),H,"Hybrid (instrument output, software-rendered)",domain-signature,standard,LS;PE,chem-analytical;genomics,Instrument software; Fragman; Fragment Analyzer,27,Actogram;Eye diagram;Sanger sequencing chromatogram;Bioanalyzer / TapeStation trace;FRAP recovery curve;qPCR amplification curve;SPR sensorgram;Thermal shift melt curve;Seahorse OCR/ECAR trace;xCELLigence impedance trace;Patch-clamp trace;EEG multichannel trace;EEG topographic scalp map;ERP waveform plot;Time-frequency / ERSP plot;EMG trace;Actigraphy / accelerometer trace;Polysomnogram / hypnogra
P613,Brightfield micrograph,,F25 Lab imaging & microscopy,S26,Physical lab output (no input table),L,Lab-only (physical output),domain-signature,deep,LS;HM,biological-techniques;pathology,"MICROSCOPE. Process: Fiji/ImageJ, QuPath, CellProfiler",64,Ridgeline plot;Scanning electron micrograph;Western blot;Southern blot;Northern blot;Far-western blot;Dot blot / slot blot;Agarose gel electrophoresis image;SDS-PAGE stained gel;Native PAGE / Blue-native PAGE;Zymogram;EMSA;Pulsed-field gel electrophoresis;Comet assay image;Autoradiograph;Phase contrast micrograph;DIC micrograph;Immunofluorescence micrograph;Confocal micrograph;Super-resolution mic
P614,Phase contrast micrograph,,F25 Lab imaging & microscopy,S26,Physical lab output (no input table),L,Lab-only (physical output),domain-signature,standard,LS,molecular-cell;biological-techniques,"MICROSCOPE. Process: Fiji, CellProfiler",64,Ridgeline plot;Scanning electron micrograph;Western blot;Southern blot;Northern blot;Far-western blot;Dot blot / slot blot;Agarose gel electrophoresis image;SDS-PAGE stained gel;Native PAGE / Blue-native PAGE;Zymogram;EMSA;Pulsed-field gel electrophoresis;Comet assay image;Autoradiograph;Brightfield micrograph;DIC micrograph;Immunofluorescence micrograph;Confocal micrograph;Super-resolution microg
P615,DIC micrograph,Nomarski differential interference contrast,F25 Lab imaging & microscopy,S26,Physical lab output (no input table),L,Lab-only (physical output),domain-signature,standard,LS,molecular-cell;dev-biology,MICROSCOPE. Process: Fiji,64,Ridgeline plot;Scanning electron micrograph;Western blot;Southern blot;Northern blot;Far-western blot;Dot blot / slot blot;Agarose gel electrophoresis image;SDS-PAGE stained gel;Native PAGE / Blue-native PAGE;Zymogram;EMSA;Pulsed-field gel electrophoresis;Comet assay image;Autoradiograph;Brightfield micrograph;Phase contrast micrograph;Immunofluorescence micrograph;Confocal micrograph;Super-resolu
P616,Darkfield micrograph,,F25 Lab imaging & microscopy,S26,Physical lab output (no input table),L,Lab-only (physical output),niche,stub,LS,microbiology,MICROSCOPE,64,Ridgeline plot;Scanning electron micrograph;Western blot;Southern blot;Northern blot;Far-western blot;Dot blot / slot blot;Agarose gel electrophoresis image;SDS-PAGE stained gel;Native PAGE / Blue-native PAGE;Zymogram;EMSA;Pulsed-field gel electrophoresis;Comet assay image;Autoradiograph;Brightfield micrograph;Phase contrast micrograph;DIC micrograph;Immunofluorescence micrograph;Confocal microgra
P617,Immunofluorescence micrograph,multi-channel merge; IF image,F25 Lab imaging & microscopy,S26,Physical lab output (no input table),L,Lab-only (physical output),domain-signature,deep,LS;HM,molecular-cell;pathology,"MICROSCOPE + antibodies. Process: Fiji, CellProfiler, QuPath, napari",64,Ridgeline plot;Scanning electron micrograph;Western blot;Southern blot;Northern blot;Far-western blot;Dot blot / slot blot;Agarose gel electrophoresis image;SDS-PAGE stained gel;Native PAGE / Blue-native PAGE;Zymogram;EMSA;Pulsed-field gel electrophoresis;Comet assay image;Autoradiograph;Brightfield micrograph;Phase contrast micrograph;DIC micrograph;Confocal micrograph;Super-resolution micrograph
P618,Confocal micrograph,z-stack; orthogonal view; max projection,F25 Lab imaging & microscopy,S26,Physical lab output (no input table),L,Lab-only (physical output),domain-signature,standard,LS,molecular-cell;neuroscience,"CONFOCAL. Process: Fiji, Imaris, Huygens, napari",64,Ridgeline plot;Scanning electron micrograph;Western blot;Southern blot;Northern blot;Far-western blot;Dot blot / slot blot;Agarose gel electrophoresis image;SDS-PAGE stained gel;Native PAGE / Blue-native PAGE;Zymogram;EMSA;Pulsed-field gel electrophoresis;Comet assay image;Autoradiograph;Brightfield micrograph;Phase contrast micrograph;DIC micrograph;Immunofluorescence micrograph;Super-resolution 
P619,Super-resolution micrograph,STORM; PALM; STED; SIM,F25 Lab imaging & microscopy,S26,Physical lab output (no input table),L,Lab-only (physical output),domain-signature,standard,LS,biophysics;molecular-cell,"SR MICROSCOPE. Reconstruct: ThunderSTORM, Picasso, SMAP",64,Ridgeline plot;Scanning electron micrograph;Western blot;Southern blot;Northern blot;Far-western blot;Dot blot / slot blot;Agarose gel electrophoresis image;SDS-PAGE stained gel;Native PAGE / Blue-native PAGE;Zymogram;EMSA;Pulsed-field gel electrophoresis;Comet assay image;Autoradiograph;Brightfield micrograph;Phase contrast micrograph;DIC micrograph;Immunofluorescence micrograph;Confocal microgra
P620,Kymograph,,F25 Lab imaging & microscopy,S21,Image or raster grid,H,"Hybrid (instrument output, software-rendered)",domain-signature,standard,LS,molecular-cell;neuroscience,"Derived from time-lapse. Fiji KymographBuilder, KymoResliceWide",17,Spectrogram;Thermal / infrared camera image;fMRI statistical parametric map;Interferogram;Multiplexed tissue imaging figure;PIV vector field;Industrial CT slice / 3-D render;MRI image;PET / SPECT uptake image;OCT retinal scan;Micro-CT reconstruction;Small-animal MRI / preclinical MRI;Behavioural tracking heatmap;Glass brain plot;Cortical thickness / morphometry map;Spatial feature plot;CT slice / 
P621,Time-lapse montage,frame series figure,F25 Lab imaging & microscopy,S26,Physical lab output (no input table),L,Lab-only (physical output),domain-signature,standard,LS,molecular-cell;dev-biology,"LIVE IMAGING. Assemble: Fiji, Imaris",64,Ridgeline plot;Scanning electron micrograph;Western blot;Southern blot;Northern blot;Far-western blot;Dot blot / slot blot;Agarose gel electrophoresis image;SDS-PAGE stained gel;Native PAGE / Blue-native PAGE;Zymogram;EMSA;Pulsed-field gel electrophoresis;Comet assay image;Autoradiograph;Brightfield micrograph;Phase contrast micrograph;DIC micrograph;Immunofluorescence micrograph;Confocal microgra
P622,FRAP recovery curve,,F25 Lab imaging & microscopy,S20,Instrument trace (signal vs time),H,"Hybrid (instrument output, software-rendered)",domain-signature,standard,LS,molecular-cell;biophysics,"Confocal bleach + quantify: Fiji, easyFRAP, simFRAP",27,Actogram;Eye diagram;Sanger sequencing chromatogram;Bioanalyzer / TapeStation trace;Capillary electrophoresis electropherogram;qPCR amplification curve;SPR sensorgram;Thermal shift melt curve;Seahorse OCR/ECAR trace;xCELLigence impedance trace;Patch-clamp trace;EEG multichannel trace;EEG topographic scalp map;ERP waveform plot;Time-frequency / ERSP plot;EMG trace;Actigraphy / accelerometer trace;P
P623,FRET efficiency image / ratio map,,F25 Lab imaging & microscopy,S16,Values attached to geography,H,"Hybrid (instrument output, software-rendered)",domain-signature,standard,LS,biophysics;molecular-cell,Fiji FRET plugins; PixFRET; FLIMfit,62,Choropleth map;Proportional symbol map;LISA cluster map;Small-multiple map series;Flow map;Metabolic flux map;Enrichment map;Bivariate choropleth;Cartogram;Dot density map;Isopleth map;Kernel density surface map;Hexbin map;Connection map;Origin-destination flow map;Isochrone map;Voronoi / Thiessen polygon map;Moran scatterplot;Semivariogram;Kriging interpolation surface;Spatial scan cluster map;St
P624,Calcium imaging trace + heatmap,dF/F trace array,F25 Lab imaging & microscopy,S20,Instrument trace (signal vs time),H,"Hybrid (instrument output, software-rendered)",niche,stub,LS,neuroscience,Suite2p; CaImAn; Fiji,27,Actogram;Eye diagram;Sanger sequencing chromatogram;Bioanalyzer / TapeStation trace;Capillary electrophoresis electropherogram;FRAP recovery curve;qPCR amplification curve;SPR sensorgram;Thermal shift melt curve;Seahorse OCR/ECAR trace;xCELLigence impedance trace;Patch-clamp trace;EEG multichannel trace;EEG topographic scalp map;ERP waveform plot;Time-frequency / ERSP plot;EMG trace;Actigraphy / a
P625,Light-sheet volumetric render,,F25 Lab imaging & microscopy,S26,Physical lab output (no input table),L,Lab-only (physical output),domain-signature,standard,LS,dev-biology;neuroscience,"LIGHT-SHEET. Render: Imaris, napari, Vaa3D, arivis",64,Ridgeline plot;Scanning electron micrograph;Western blot;Southern blot;Northern blot;Far-western blot;Dot blot / slot blot;Agarose gel electrophoresis image;SDS-PAGE stained gel;Native PAGE / Blue-native PAGE;Zymogram;EMSA;Pulsed-field gel electrophoresis;Comet assay image;Autoradiograph;Brightfield micrograph;Phase contrast micrograph;DIC micrograph;Immunofluorescence micrograph;Confocal microgra
P626,Transmission electron micrograph,TEM image,F25 Lab imaging & microscopy,S26,Physical lab output (no input table),L,Lab-only (physical output),domain-signature,standard,LS;PE,molecular-cell;materials,"TEM. Process: Fiji, DigitalMicrograph",64,Ridgeline plot;Scanning electron micrograph;Western blot;Southern blot;Northern blot;Far-western blot;Dot blot / slot blot;Agarose gel electrophoresis image;SDS-PAGE stained gel;Native PAGE / Blue-native PAGE;Zymogram;EMSA;Pulsed-field gel electrophoresis;Comet assay image;Autoradiograph;Brightfield micrograph;Phase contrast micrograph;DIC micrograph;Immunofluorescence micrograph;Confocal microgra
P627,Scanning electron micrograph,SEM image,F25 Lab imaging & microscopy,S26,Physical lab output (no input table),L,Lab-only (physical output),cross-domain,standard,PE;LS;EE,materials;mineralogy-petrology,"SEM. Process: Fiji, ImageJ",64,Ridgeline plot;Western blot;Southern blot;Northern blot;Far-western blot;Dot blot / slot blot;Agarose gel electrophoresis image;SDS-PAGE stained gel;Native PAGE / Blue-native PAGE;Zymogram;EMSA;Pulsed-field gel electrophoresis;Comet assay image;Autoradiograph;Brightfield micrograph;Phase contrast micrograph;DIC micrograph;Immunofluorescence micrograph;Confocal micrograph;Super-resolution micrograp
P628,Cryo-EM micrograph & 2-D class averages,,F25 Lab imaging & microscopy,S26,Physical lab output (no input table),L,Lab-only (physical output),niche,stub,LS,structural-biology,"CRYO-EM. Process: RELION, cryoSPARC, cisTEM",64,Ridgeline plot;Scanning electron micrograph;Western blot;Southern blot;Northern blot;Far-western blot;Dot blot / slot blot;Agarose gel electrophoresis image;SDS-PAGE stained gel;Native PAGE / Blue-native PAGE;Zymogram;EMSA;Pulsed-field gel electrophoresis;Comet assay image;Autoradiograph;Brightfield micrograph;Phase contrast micrograph;DIC micrograph;Immunofluorescence micrograph;Confocal microgra
P629,Immunogold electron micrograph,,F25 Lab imaging & microscopy,S26,Physical lab output (no input table),L,Lab-only (physical output),niche,stub,LS,molecular-cell,TEM + gold-conjugated antibody,64,Ridgeline plot;Scanning electron micrograph;Western blot;Southern blot;Northern blot;Far-western blot;Dot blot / slot blot;Agarose gel electrophoresis image;SDS-PAGE stained gel;Native PAGE / Blue-native PAGE;Zymogram;EMSA;Pulsed-field gel electrophoresis;Comet assay image;Autoradiograph;Brightfield micrograph;Phase contrast micrograph;DIC micrograph;Immunofluorescence micrograph;Confocal microgra
P630,Correlative light-EM figure,CLEM,F25 Lab imaging & microscopy,S26,Physical lab output (no input table),L,Lab-only (physical output),niche,stub,LS,molecular-cell,CLEM workflow. Align: Fiji ec-CLEM,64,Ridgeline plot;Scanning electron micrograph;Western blot;Southern blot;Northern blot;Far-western blot;Dot blot / slot blot;Agarose gel electrophoresis image;SDS-PAGE stained gel;Native PAGE / Blue-native PAGE;Zymogram;EMSA;Pulsed-field gel electrophoresis;Comet assay image;Autoradiograph;Brightfield micrograph;Phase contrast micrograph;DIC micrograph;Immunofluorescence micrograph;Confocal microgra
P631,AFM height map,atomic force micrograph,F25 Lab imaging & microscopy,S16,Values attached to geography,H,"Hybrid (instrument output, software-rendered)",domain-signature,deep,PE;LS,nanoscience;biophysics,Gwyddion; NanoScope Analysis; pySPM,62,Choropleth map;Proportional symbol map;LISA cluster map;Small-multiple map series;Flow map;Metabolic flux map;Enrichment map;Bivariate choropleth;Cartogram;Dot density map;Isopleth map;Kernel density surface map;Hexbin map;Connection map;Origin-destination flow map;Isochrone map;Voronoi / Thiessen polygon map;Moran scatterplot;Semivariogram;Kriging interpolation surface;Spatial scan cluster map;St
P632,STM image,scanning tunnelling micrograph,F25 Lab imaging & microscopy,S26,Physical lab output (no input table),H,"Hybrid (instrument output, software-rendered)",domain-signature,standard,PE,condensed-matter;nanoscience,Gwyddion; WSxM; SpectraFox,64,Ridgeline plot;Scanning electron micrograph;Western blot;Southern blot;Northern blot;Far-western blot;Dot blot / slot blot;Agarose gel electrophoresis image;SDS-PAGE stained gel;Native PAGE / Blue-native PAGE;Zymogram;EMSA;Pulsed-field gel electrophoresis;Comet assay image;Autoradiograph;Brightfield micrograph;Phase contrast micrograph;DIC micrograph;Immunofluorescence micrograph;Confocal microgra
P633,EBSD orientation map,IPF map from EBSD,F25 Lab imaging & microscopy,S16,Values attached to geography,H,"Hybrid (instrument output, software-rendered)",domain-signature,deep,PE;EE,materials;mineralogy-petrology,MTEX; Aztec Crystal; OIM Analysis; orix,62,Choropleth map;Proportional symbol map;LISA cluster map;Small-multiple map series;Flow map;Metabolic flux map;Enrichment map;Bivariate choropleth;Cartogram;Dot density map;Isopleth map;Kernel density surface map;Hexbin map;Connection map;Origin-destination flow map;Isochrone map;Voronoi / Thiessen polygon map;Moran scatterplot;Semivariogram;Kriging interpolation surface;Spatial scan cluster map;St
P634,Cathodoluminescence image,,F25 Lab imaging & microscopy,S26,Physical lab output (no input table),L,Lab-only (physical output),domain-signature,standard,EE;PE,mineralogy-petrology;materials,SEM-CL. Process: Fiji,64,Ridgeline plot;Scanning electron micrograph;Western blot;Southern blot;Northern blot;Far-western blot;Dot blot / slot blot;Agarose gel electrophoresis image;SDS-PAGE stained gel;Native PAGE / Blue-native PAGE;Zymogram;EMSA;Pulsed-field gel electrophoresis;Comet assay image;Autoradiograph;Brightfield micrograph;Phase contrast micrograph;DIC micrograph;Immunofluorescence micrograph;Confocal microgra
P635,Metallographic micrograph,,F25 Lab imaging & microscopy,S26,Physical lab output (no input table),L,Lab-only (physical output),niche,stub,PE,materials,Polish + etch + optical microscope. Quantify: Fiji,64,Ridgeline plot;Scanning electron micrograph;Western blot;Southern blot;Northern blot;Far-western blot;Dot blot / slot blot;Agarose gel electrophoresis image;SDS-PAGE stained gel;Native PAGE / Blue-native PAGE;Zymogram;EMSA;Pulsed-field gel electrophoresis;Comet assay image;Autoradiograph;Brightfield micrograph;Phase contrast micrograph;DIC micrograph;Immunofluorescence micrograph;Confocal microgra
P636,Fractography image,,F25 Lab imaging & microscopy,S26,Physical lab output (no input table),L,Lab-only (physical output),domain-signature,standard,PE,materials;mech-engineering,SEM of fracture surface,64,Ridgeline plot;Scanning electron micrograph;Western blot;Southern blot;Northern blot;Far-western blot;Dot blot / slot blot;Agarose gel electrophoresis image;SDS-PAGE stained gel;Native PAGE / Blue-native PAGE;Zymogram;EMSA;Pulsed-field gel electrophoresis;Comet assay image;Autoradiograph;Brightfield micrograph;Phase contrast micrograph;DIC micrograph;Immunofluorescence micrograph;Confocal microgra
P637,Histology micrograph,H&E stained section,F25 Lab imaging & microscopy,S26,Physical lab output (no input table),L,Lab-only (physical output),domain-signature,deep,HM;LS,pathology;anatomy-physiology,"HISTOLOGY. Analyse: QuPath, Fiji, HALO",64,Ridgeline plot;Scanning electron micrograph;Western blot;Southern blot;Northern blot;Far-western blot;Dot blot / slot blot;Agarose gel electrophoresis image;SDS-PAGE stained gel;Native PAGE / Blue-native PAGE;Zymogram;EMSA;Pulsed-field gel electrophoresis;Comet assay image;Autoradiograph;Brightfield micrograph;Phase contrast micrograph;DIC micrograph;Immunofluorescence micrograph;Confocal microgra
P638,Special stain micrograph,Masson trichrome; PAS; Congo red; Oil Red O,F25 Lab imaging & microscopy,S26,Physical lab output (no input table),L,Lab-only (physical output),domain-signature,standard,HM;LS,pathology,"HISTOLOGY. Quantify: QuPath, Fiji colour deconvolution",64,Ridgeline plot;Scanning electron micrograph;Western blot;Southern blot;Northern blot;Far-western blot;Dot blot / slot blot;Agarose gel electrophoresis image;SDS-PAGE stained gel;Native PAGE / Blue-native PAGE;Zymogram;EMSA;Pulsed-field gel electrophoresis;Comet assay image;Autoradiograph;Brightfield micrograph;Phase contrast micrograph;DIC micrograph;Immunofluorescence micrograph;Confocal microgra
P639,Immunohistochemistry micrograph,IHC; DAB staining,F25 Lab imaging & microscopy,S26,Physical lab output (no input table),L,Lab-only (physical output),domain-signature,standard,HM;LS,pathology;oncology,"IHC. Score: QuPath, HALO, Aperio",64,Ridgeline plot;Scanning electron micrograph;Western blot;Southern blot;Northern blot;Far-western blot;Dot blot / slot blot;Agarose gel electrophoresis image;SDS-PAGE stained gel;Native PAGE / Blue-native PAGE;Zymogram;EMSA;Pulsed-field gel electrophoresis;Comet assay image;Autoradiograph;Brightfield micrograph;Phase contrast micrograph;DIC micrograph;Immunofluorescence micrograph;Confocal microgra
P640,In situ hybridisation image,ISH; FISH; RNAscope,F25 Lab imaging & microscopy,S26,Physical lab output (no input table),L,Lab-only (physical output),domain-signature,standard,LS;HM,genomics;pathology,"ISH protocols. Analyse: HALO, QuPath, Fiji",64,Ridgeline plot;Scanning electron micrograph;Western blot;Southern blot;Northern blot;Far-western blot;Dot blot / slot blot;Agarose gel electrophoresis image;SDS-PAGE stained gel;Native PAGE / Blue-native PAGE;Zymogram;EMSA;Pulsed-field gel electrophoresis;Comet assay image;Autoradiograph;Brightfield micrograph;Phase contrast micrograph;DIC micrograph;Immunofluorescence micrograph;Confocal microgra
P641,Tissue microarray panel,TMA figure,F25 Lab imaging & microscopy,S26,Physical lab output (no input table),L,Lab-only (physical output),domain-signature,standard,HM,pathology;oncology,"TMA + scanner. Analyse: QuPath, TMAJ",64,Ridgeline plot;Scanning electron micrograph;Western blot;Southern blot;Northern blot;Far-western blot;Dot blot / slot blot;Agarose gel electrophoresis image;SDS-PAGE stained gel;Native PAGE / Blue-native PAGE;Zymogram;EMSA;Pulsed-field gel electrophoresis;Comet assay image;Autoradiograph;Brightfield micrograph;Phase contrast micrograph;DIC micrograph;Immunofluorescence micrograph;Confocal microgra
P642,Whole-slide image,digital pathology scan,F25 Lab imaging & microscopy,S26,Physical lab output (no input table),L,Lab-only (physical output),niche,stub,HM,pathology,"Slide scanner. View/analyse: QuPath, OpenSlide, ASAP",64,Ridgeline plot;Scanning electron micrograph;Western blot;Southern blot;Northern blot;Far-western blot;Dot blot / slot blot;Agarose gel electrophoresis image;SDS-PAGE stained gel;Native PAGE / Blue-native PAGE;Zymogram;EMSA;Pulsed-field gel electrophoresis;Comet assay image;Autoradiograph;Brightfield micrograph;Phase contrast micrograph;DIC micrograph;Immunofluorescence micrograph;Confocal microgra
P643,Chromosome spread / karyotype image,,F25 Lab imaging & microscopy,S26,Physical lab output (no input table),L,Lab-only (physical output),domain-signature,standard,LS;HM,genetics-clinical;genetics,"Metaphase spread + banding. Software: Ikaros, CytoVision",64,Ridgeline plot;Scanning electron micrograph;Western blot;Southern blot;Northern blot;Far-western blot;Dot blot / slot blot;Agarose gel electrophoresis image;SDS-PAGE stained gel;Native PAGE / Blue-native PAGE;Zymogram;EMSA;Pulsed-field gel electrophoresis;Comet assay image;Autoradiograph;Brightfield micrograph;Phase contrast micrograph;DIC micrograph;Immunofluorescence micrograph;Confocal microgra
P644,Spectral karyotyping image,SKY; M-FISH,F25 Lab imaging & microscopy,S19,Spectrum (intensity vs ordered index),L,Lab-only (physical output),domain-signature,standard,HM;LS,genetics-clinical;cancer-biology,SKY imaging system,39,Power spectral density plot;Wavelet scalogram;Waterfall plot (stacked traces);Spectral index map;Optical absorption spectrum;Fluorescence emission/excitation spectrum;Excitation-emission matrix contour;Infrared / FTIR spectrum;Raman spectrum;Circular dichroism spectrum;1-D NMR spectrum;Mass spectrum;MS/MS annotated fragment spectrum;Mirror plot (spectral match);Total ion chromatogram;Extracted ion
P645,Multiplexed tissue imaging figure,CODEX; imaging mass cytometry; MIBI,F25 Lab imaging & microscopy,S21,Image or raster grid,H,"Hybrid (instrument output, software-rendered)",domain-signature,standard,LS;HM,immunology;pathology,steinbock; napari; QuPath; MCD Viewer,17,Spectrogram;Thermal / infrared camera image;fMRI statistical parametric map;Interferogram;Kymograph;PIV vector field;Industrial CT slice / 3-D render;MRI image;PET / SPECT uptake image;OCT retinal scan;Micro-CT reconstruction;Small-animal MRI / preclinical MRI;Behavioural tracking heatmap;Glass brain plot;Cortical thickness / morphometry map;Spatial feature plot;CT slice / MPR / 3-D volume render
P646,TLC plate image,thin-layer chromatography plate,F25 Lab imaging & microscopy,S26,Physical lab output (no input table),L,Lab-only (physical output),domain-signature,standard,PE;LS,chem-organic;chem-analytical,"WET LAB: TLC + visualisation (UV, stain)",64,Ridgeline plot;Scanning electron micrograph;Western blot;Southern blot;Northern blot;Far-western blot;Dot blot / slot blot;Agarose gel electrophoresis image;SDS-PAGE stained gel;Native PAGE / Blue-native PAGE;Zymogram;EMSA;Pulsed-field gel electrophoresis;Comet assay image;Autoradiograph;Brightfield micrograph;Phase contrast micrograph;DIC micrograph;Immunofluorescence micrograph;Confocal microgra
P647,Crystal habit photograph,,F25 Lab imaging & microscopy,S26,Physical lab output (no input table),L,Lab-only (physical output),domain-signature,standard,PE;EE,crystallography;mineralogy-petrology,Optical/stereo microscope photography,64,Ridgeline plot;Scanning electron micrograph;Western blot;Southern blot;Northern blot;Far-western blot;Dot blot / slot blot;Agarose gel electrophoresis image;SDS-PAGE stained gel;Native PAGE / Blue-native PAGE;Zymogram;EMSA;Pulsed-field gel electrophoresis;Comet assay image;Autoradiograph;Brightfield micrograph;Phase contrast micrograph;DIC micrograph;Immunofluorescence micrograph;Confocal microgra
P648,Schlieren / shadowgraph image,,F25 Lab imaging & microscopy,S26,Physical lab output (no input table),L,Lab-only (physical output),niche,stub,PE,fluid-dynamics,Schlieren optical setup + high-speed camera,64,Ridgeline plot;Scanning electron micrograph;Western blot;Southern blot;Northern blot;Far-western blot;Dot blot / slot blot;Agarose gel electrophoresis image;SDS-PAGE stained gel;Native PAGE / Blue-native PAGE;Zymogram;EMSA;Pulsed-field gel electrophoresis;Comet assay image;Autoradiograph;Brightfield micrograph;Phase contrast micrograph;DIC micrograph;Immunofluorescence micrograph;Confocal microgra
P649,PIV vector field,particle image velocimetry,F25 Lab imaging & microscopy,S21,Image or raster grid,H,"Hybrid (instrument output, software-rendered)",domain-signature,deep,PE,fluid-dynamics;mech-engineering,PIVlab; OpenPIV; DaVis,17,Spectrogram;Thermal / infrared camera image;fMRI statistical parametric map;Interferogram;Kymograph;Multiplexed tissue imaging figure;Industrial CT slice / 3-D render;MRI image;PET / SPECT uptake image;OCT retinal scan;Micro-CT reconstruction;Small-animal MRI / preclinical MRI;Behavioural tracking heatmap;Glass brain plot;Cortical thickness / morphometry map;Spatial feature plot;CT slice / MPR / 3
P650,Thermal / infrared camera image,,F25 Lab imaging & microscopy,S21,Image or raster grid,H,"Hybrid (instrument output, software-rendered)",cross-domain,standard,PE;EE;HM,mech-engineering;environmental-sci,FLIR Tools; ThermImageJ,17,Spectrogram;fMRI statistical parametric map;Interferogram;Kymograph;Multiplexed tissue imaging figure;PIV vector field;Industrial CT slice / 3-D render;MRI image;PET / SPECT uptake image;OCT retinal scan;Micro-CT reconstruction;Small-animal MRI / preclinical MRI;Behavioural tracking heatmap;Glass brain plot;Cortical thickness / morphometry map;Spatial feature plot;CT slice / MPR / 3-D volume rende
P651,High-speed camera frame sequence,,F25 Lab imaging & microscopy,S26,Physical lab output (no input table),L,Lab-only (physical output),domain-signature,standard,PE;LS,fluid-dynamics;zoology-behaviour,High-speed camera. Assemble: Fiji,64,Ridgeline plot;Scanning electron micrograph;Western blot;Southern blot;Northern blot;Far-western blot;Dot blot / slot blot;Agarose gel electrophoresis image;SDS-PAGE stained gel;Native PAGE / Blue-native PAGE;Zymogram;EMSA;Pulsed-field gel electrophoresis;Comet assay image;Autoradiograph;Brightfield micrograph;Phase contrast micrograph;DIC micrograph;Immunofluorescence micrograph;Confocal microgra
P652,Ultrasonic C-scan / NDT map,,F25 Lab imaging & microscopy,S16,Values attached to geography,H,"Hybrid (instrument output, software-rendered)",domain-signature,standard,PE,metrology;mech-engineering,NDT software; Fiji,62,Choropleth map;Proportional symbol map;LISA cluster map;Small-multiple map series;Flow map;Metabolic flux map;Enrichment map;Bivariate choropleth;Cartogram;Dot density map;Isopleth map;Kernel density surface map;Hexbin map;Connection map;Origin-destination flow map;Isochrone map;Voronoi / Thiessen polygon map;Moran scatterplot;Semivariogram;Kriging interpolation surface;Spatial scan cluster map;St
P653,Industrial CT slice / 3-D render,micro-CT of materials,F25 Lab imaging & microscopy,S21,Image or raster grid,H,"Hybrid (instrument output, software-rendered)",domain-signature,standard,PE;EE,materials;palaeontology,Dragonfly; Avizo; 3D Slicer; Fiji,17,Spectrogram;Thermal / infrared camera image;fMRI statistical parametric map;Interferogram;Kymograph;Multiplexed tissue imaging figure;PIV vector field;MRI image;PET / SPECT uptake image;OCT retinal scan;Micro-CT reconstruction;Small-animal MRI / preclinical MRI;Behavioural tracking heatmap;Glass brain plot;Cortical thickness / morphometry map;Spatial feature plot;CT slice / MPR / 3-D volume render
P654,Flow cytometry dot plot,bivariate FCM plot with gates,F27 Flow cytometry & plate assays,S03,Two continuous variables,H,"Hybrid (instrument output, software-rendered)",domain-signature,deep,LS;HM,immunology;diagnostics,FlowJo; FCS Express; flowCore; CytoExploreR,56,Marginal histogram plot;Scatter plot;Bubble chart;Van Krevelen diagram;Heat scatter / density scatter;Volcano plot;Pearce discrimination diagram;Bode plot;Pole-zero plot;Reaction coordinate diagram;Arrhenius plot;Van 't Hoff plot;Well log plot;Pollen diagram;Microfossil stratigraphic diagram;Age-depth model plot;Tree-ring chronology plot;Ice core isotope depth profile;Stable isotope cross plot;Kee
P655,Flow cytometry histogram,single-parameter FCM histogram,F27 Flow cytometry & plate assays,S01,One continuous variable,H,"Hybrid (instrument output, software-rendered)",domain-signature,standard,LS;HM,immunology,FlowJo; FCS Express; flowCore,44,Histogram;Density plot;Empirical CDF plot;Q-Q plot;Stem-and-leaf plot;Rug plot;Frequency polygon;Normal probability plot;Pareto chart;Spike histogram;Histogram with fitted distribution overlay;Cumulative frequency curve;GWAS Q-Q plot;Mutational signature plot;Sequence logo;Alpha diversity plot;Rarefaction curve;Species accumulation curve;Rank-abundance curve;Stratigraphic column;Gutenberg-Richter 
P656,Flow cytometry contour / density plot,,F27 Flow cytometry & plate assays,S01,One continuous variable,H,"Hybrid (instrument output, software-rendered)",niche,stub,LS,immunology,FlowJo; ggcyto,44,Histogram;Density plot;Empirical CDF plot;Q-Q plot;Stem-and-leaf plot;Rug plot;Frequency polygon;Normal probability plot;Pareto chart;Spike histogram;Histogram with fitted distribution overlay;Cumulative frequency curve;GWAS Q-Q plot;Mutational signature plot;Sequence logo;Alpha diversity plot;Rarefaction curve;Species accumulation curve;Rank-abundance curve;Stratigraphic column;Gutenberg-Richter 
P657,Gating strategy figure,gating hierarchy/tree,F27 Flow cytometry & plate assays,S14,Hierarchy,H,"Hybrid (instrument output, software-rendered)",domain-signature,standard,LS;HM,immunology;diagnostics,FlowJo; openCyto,14,Treemap;Dendrogram;Decision tree diagram;Sunburst diagram;Circle packing;Icicle plot;Phylogenetic tree;Time-scaled phylogeny;Tree diagram;Pedigree chart;Krona chart;LEfSe cladogram;Organisational chart;Retrosynthesis tree
P658,Backgating plot,,F27 Flow cytometry & plate assays,S26,Physical lab output (no input table),H,"Hybrid (instrument output, software-rendered)",niche,stub,LS,immunology,FlowJo,64,Ridgeline plot;Scanning electron micrograph;Western blot;Southern blot;Northern blot;Far-western blot;Dot blot / slot blot;Agarose gel electrophoresis image;SDS-PAGE stained gel;Native PAGE / Blue-native PAGE;Zymogram;EMSA;Pulsed-field gel electrophoresis;Comet assay image;Autoradiograph;Brightfield micrograph;Phase contrast micrograph;DIC micrograph;Immunofluorescence micrograph;Confocal microgra
P659,Cell cycle histogram,PI/DAPI DNA content with model fit,F27 Flow cytometry & plate assays,S01,One continuous variable,H,"Hybrid (instrument output, software-rendered)",domain-signature,standard,LS,molecular-cell;cancer-biology,ModFit LT; FlowJo Cell Cycle; flowPloidy,44,Histogram;Density plot;Empirical CDF plot;Q-Q plot;Stem-and-leaf plot;Rug plot;Frequency polygon;Normal probability plot;Pareto chart;Spike histogram;Histogram with fitted distribution overlay;Cumulative frequency curve;GWAS Q-Q plot;Mutational signature plot;Sequence logo;Alpha diversity plot;Rarefaction curve;Species accumulation curve;Rank-abundance curve;Stratigraphic column;Gutenberg-Richter 
P660,CFSE proliferation histogram,division peak modelling,F27 Flow cytometry & plate assays,S01,One continuous variable,H,"Hybrid (instrument output, software-rendered)",niche,stub,LS,immunology,FlowJo Proliferation; FCS Express,44,Histogram;Density plot;Empirical CDF plot;Q-Q plot;Stem-and-leaf plot;Rug plot;Frequency polygon;Normal probability plot;Pareto chart;Spike histogram;Histogram with fitted distribution overlay;Cumulative frequency curve;GWAS Q-Q plot;Mutational signature plot;Sequence logo;Alpha diversity plot;Rarefaction curve;Species accumulation curve;Rank-abundance curve;Stratigraphic column;Gutenberg-Richter 
P661,ELISA standard curve,4-parameter logistic fit,F27 Flow cytometry & plate assays,S22,Model output vs observed,D,Data-driven,domain-signature,standard,LS;HM,immunology;diagnostics,drc; GraphPad Prism; nplr; MyAssays,62,Regression line with confidence band;LOESS / LOWESS smoother;ROC curve;Feature importance plot;Spline / GAM partial effect plot;Calibration plot;Bland-Altman plot;Residual vs fitted plot;Added-variable plot;Marginal effects plot;Interaction plot;Nomogram;Precision-recall curve;Decision curve analysis;Lift chart / cumulative gains chart;SHAP beeswarm plot;SHAP force / waterfall plot;Partial depende
P662,ELISpot plate image + spot counts,,F27 Flow cytometry & plate assays,S26,Physical lab output (no input table),H,"Hybrid (instrument output, software-rendered)",domain-signature,standard,LS;HM,immunology,ImmunoSpot; AID EliSpot; CTL,64,Ridgeline plot;Scanning electron micrograph;Western blot;Southern blot;Northern blot;Far-western blot;Dot blot / slot blot;Agarose gel electrophoresis image;SDS-PAGE stained gel;Native PAGE / Blue-native PAGE;Zymogram;EMSA;Pulsed-field gel electrophoresis;Comet assay image;Autoradiograph;Brightfield micrograph;Phase contrast micrograph;DIC micrograph;Immunofluorescence micrograph;Confocal microgra
P663,qPCR amplification curve,,F27 Flow cytometry & plate assays,S20,Instrument trace (signal vs time),H,"Hybrid (instrument output, software-rendered)",domain-signature,deep,LS,molecular-cell;transcriptomics,"Instrument software (QuantStudio, LightCycler); pcr; qpcR",27,Actogram;Eye diagram;Sanger sequencing chromatogram;Bioanalyzer / TapeStation trace;Capillary electrophoresis electropherogram;FRAP recovery curve;SPR sensorgram;Thermal shift melt curve;Seahorse OCR/ECAR trace;xCELLigence impedance trace;Patch-clamp trace;EEG multichannel trace;EEG topographic scalp map;ERP waveform plot;Time-frequency / ERSP plot;EMG trace;Actigraphy / accelerometer trace;Polyso
P664,qPCR melt curve,dissociation / derivative plot,F27 Flow cytometry & plate assays,S20,Instrument trace (signal vs time),H,"Hybrid (instrument output, software-rendered)",niche,stub,LS,molecular-cell,Instrument software; MeltR,27,Actogram;Eye diagram;Sanger sequencing chromatogram;Bioanalyzer / TapeStation trace;Capillary electrophoresis electropherogram;FRAP recovery curve;qPCR amplification curve;SPR sensorgram;Thermal shift melt curve;Seahorse OCR/ECAR trace;xCELLigence impedance trace;Patch-clamp trace;EEG multichannel trace;EEG topographic scalp map;ERP waveform plot;Time-frequency / ERSP plot;EMG trace;Actigraphy / a
P665,ddPCR droplet plot,1-D/2-D droplet amplitude plot,F27 Flow cytometry & plate assays,S26,Physical lab output (no input table),H,"Hybrid (instrument output, software-rendered)",domain-signature,standard,LS;HM,molecular-cell;diagnostics,QuantaSoft; ddpcr; twoddpcr,64,Ridgeline plot;Scanning electron micrograph;Western blot;Southern blot;Northern blot;Far-western blot;Dot blot / slot blot;Agarose gel electrophoresis image;SDS-PAGE stained gel;Native PAGE / Blue-native PAGE;Zymogram;EMSA;Pulsed-field gel electrophoresis;Comet assay image;Autoradiograph;Brightfield micrograph;Phase contrast micrograph;DIC micrograph;Immunofluorescence micrograph;Confocal microgra
P666,Plate heatmap,96/384-well plate map,F27 Flow cytometry & plate assays,S16,Values attached to geography,D,Data-driven,domain-signature,standard,LS,biological-techniques;pharmacology,platetools; ggplot2,62,Choropleth map;Proportional symbol map;LISA cluster map;Small-multiple map series;Flow map;Metabolic flux map;Enrichment map;Bivariate choropleth;Cartogram;Dot density map;Isopleth map;Kernel density surface map;Hexbin map;Connection map;Origin-destination flow map;Isochrone map;Voronoi / Thiessen polygon map;Moran scatterplot;Semivariogram;Kriging interpolation surface;Spatial scan cluster map;St
P667,Drug synergy isobologram,,F27 Flow cytometry & plate assays,S22,Model output vs observed,D,Data-driven,domain-signature,standard,LS;HM,pharmacology;oncology,synergyfinder; CompuSyn,62,Regression line with confidence band;LOESS / LOWESS smoother;ROC curve;Feature importance plot;Spline / GAM partial effect plot;Calibration plot;Bland-Altman plot;Residual vs fitted plot;Added-variable plot;Marginal effects plot;Interaction plot;Nomogram;Precision-recall curve;Decision curve analysis;Lift chart / cumulative gains chart;SHAP beeswarm plot;SHAP force / waterfall plot;Partial depende
P668,Drug synergy surface,Bliss/Loewe/HSA/ZIP synergy landscape,F27 Flow cytometry & plate assays,S22,Model output vs observed,D,Data-driven,domain-signature,standard,LS;HM,pharmacology;oncology,SynergyFinder; synergyfinder (R),62,Regression line with confidence band;LOESS / LOWESS smoother;ROC curve;Feature importance plot;Spline / GAM partial effect plot;Calibration plot;Bland-Altman plot;Residual vs fitted plot;Added-variable plot;Marginal effects plot;Interaction plot;Nomogram;Precision-recall curve;Decision curve analysis;Lift chart / cumulative gains chart;SHAP beeswarm plot;SHAP force / waterfall plot;Partial depende
P669,Colony formation assay image,clonogenic assay plate,F27 Flow cytometry & plate assays,S26,Physical lab output (no input table),L,Lab-only (physical output),domain-signature,standard,LS,cancer-biology;microbiology,"WET LAB: stain + plate scan. Count: ColonyArea, OpenCFU, Fiji",64,Ridgeline plot;Scanning electron micrograph;Western blot;Southern blot;Northern blot;Far-western blot;Dot blot / slot blot;Agarose gel electrophoresis image;SDS-PAGE stained gel;Native PAGE / Blue-native PAGE;Zymogram;EMSA;Pulsed-field gel electrophoresis;Comet assay image;Autoradiograph;Brightfield micrograph;Phase contrast micrograph;DIC micrograph;Immunofluorescence micrograph;Confocal microgra
P670,Scratch / wound healing assay montage,,F27 Flow cytometry & plate assays,S26,Physical lab output (no input table),L,Lab-only (physical output),domain-signature,standard,LS,cancer-biology;molecular-cell,Live imaging (IncuCyte). Quantify: Fiji Wound Healing Tool,64,Ridgeline plot;Scanning electron micrograph;Western blot;Southern blot;Northern blot;Far-western blot;Dot blot / slot blot;Agarose gel electrophoresis image;SDS-PAGE stained gel;Native PAGE / Blue-native PAGE;Zymogram;EMSA;Pulsed-field gel electrophoresis;Comet assay image;Autoradiograph;Brightfield micrograph;Phase contrast micrograph;DIC micrograph;Immunofluorescence micrograph;Confocal microgra
P671,Transwell migration / invasion image,,F27 Flow cytometry & plate assays,S26,Physical lab output (no input table),L,Lab-only (physical output),niche,stub,LS,cancer-biology,WET LAB: stained membrane micrograph. Count: Fiji,64,Ridgeline plot;Scanning electron micrograph;Western blot;Southern blot;Northern blot;Far-western blot;Dot blot / slot blot;Agarose gel electrophoresis image;SDS-PAGE stained gel;Native PAGE / Blue-native PAGE;Zymogram;EMSA;Pulsed-field gel electrophoresis;Comet assay image;Autoradiograph;Brightfield micrograph;Phase contrast micrograph;DIC micrograph;Immunofluorescence micrograph;Confocal microgra
P672,Spheroid / organoid growth image series,,F27 Flow cytometry & plate assays,S26,Physical lab output (no input table),L,Lab-only (physical output),domain-signature,standard,LS,cancer-biology;dev-biology,"Live imaging. Quantify: Fiji, INSIDIA, OrganoSeg",64,Ridgeline plot;Scanning electron micrograph;Western blot;Southern blot;Northern blot;Far-western blot;Dot blot / slot blot;Agarose gel electrophoresis image;SDS-PAGE stained gel;Native PAGE / Blue-native PAGE;Zymogram;EMSA;Pulsed-field gel electrophoresis;Comet assay image;Autoradiograph;Brightfield micrograph;Phase contrast micrograph;DIC micrograph;Immunofluorescence micrograph;Confocal microgra
P673,Zone of inhibition plate,Kirby-Bauer disc diffusion plate,F27 Flow cytometry & plate assays,S26,Physical lab output (no input table),L,Lab-only (physical output),domain-signature,standard,LS;HM,microbiology;infectious-disease,"WET LAB: agar plate photograph. Measure: calipers, Fiji, ADAGIO",64,Ridgeline plot;Scanning electron micrograph;Western blot;Southern blot;Northern blot;Far-western blot;Dot blot / slot blot;Agarose gel electrophoresis image;SDS-PAGE stained gel;Native PAGE / Blue-native PAGE;Zymogram;EMSA;Pulsed-field gel electrophoresis;Comet assay image;Autoradiograph;Brightfield micrograph;Phase contrast micrograph;DIC micrograph;Immunofluorescence micrograph;Confocal microgra
P674,MIC microdilution plate image,,F27 Flow cytometry & plate assays,S26,Physical lab output (no input table),L,Lab-only (physical output),domain-signature,standard,LS;HM,microbiology;infectious-disease,WET LAB: broth microdilution plate read,64,Ridgeline plot;Scanning electron micrograph;Western blot;Southern blot;Northern blot;Far-western blot;Dot blot / slot blot;Agarose gel electrophoresis image;SDS-PAGE stained gel;Native PAGE / Blue-native PAGE;Zymogram;EMSA;Pulsed-field gel electrophoresis;Comet assay image;Autoradiograph;Brightfield micrograph;Phase contrast micrograph;DIC micrograph;Immunofluorescence micrograph;Confocal microgra
P675,Antibiogram heatmap,resistance profile heatmap,F27 Flow cytometry & plate assays,S12,Pairwise matrix,D,Data-driven,domain-signature,standard,HM;LS,infectious-disease;microbiology,ComplexHeatmap; AMR (R); WHONET,15,Heatmap (categorical matrix);Correlogram;Calendar heatmap;Autocorrelation plot;Confusion matrix heatmap;Clustered expression heatmap;Spiral plot;Oncoprint;Mass cytometry (CyTOF) heatmap;Brain connectivity matrix;Cohort retention heatmap;Bertin reorderable matrix;Sample-sample distance heatmap;Single-cell dot plot;RFM segmentation heatmap
P676,Plaque assay plate,,F27 Flow cytometry & plate assays,S26,Physical lab output (no input table),L,Lab-only (physical output),niche,stub,LS,microbiology,"WET LAB: viral plaque plate. Count: Fiji, Viridot",64,Ridgeline plot;Scanning electron micrograph;Western blot;Southern blot;Northern blot;Far-western blot;Dot blot / slot blot;Agarose gel electrophoresis image;SDS-PAGE stained gel;Native PAGE / Blue-native PAGE;Zymogram;EMSA;Pulsed-field gel electrophoresis;Comet assay image;Autoradiograph;Brightfield micrograph;Phase contrast micrograph;DIC micrograph;Immunofluorescence micrograph;Confocal microgra
P677,Haemagglutination assay plate,,F27 Flow cytometry & plate assays,S26,Physical lab output (no input table),L,Lab-only (physical output),domain-signature,standard,LS;HM,microbiology;immunology,WET LAB: V-bottom plate read,64,Ridgeline plot;Scanning electron micrograph;Western blot;Southern blot;Northern blot;Far-western blot;Dot blot / slot blot;Agarose gel electrophoresis image;SDS-PAGE stained gel;Native PAGE / Blue-native PAGE;Zymogram;EMSA;Pulsed-field gel electrophoresis;Comet assay image;Autoradiograph;Brightfield micrograph;Phase contrast micrograph;DIC micrograph;Immunofluorescence micrograph;Confocal microgra
P678,SPR sensorgram,surface plasmon resonance trace,F27 Flow cytometry & plate assays,S20,Instrument trace (signal vs time),H,"Hybrid (instrument output, software-rendered)",domain-signature,deep,LS,biophysics;structural-biology,Biacore Evaluation; Scrubber,27,Actogram;Eye diagram;Sanger sequencing chromatogram;Bioanalyzer / TapeStation trace;Capillary electrophoresis electropherogram;FRAP recovery curve;qPCR amplification curve;Thermal shift melt curve;Seahorse OCR/ECAR trace;xCELLigence impedance trace;Patch-clamp trace;EEG multichannel trace;EEG topographic scalp map;ERP waveform plot;Time-frequency / ERSP plot;EMG trace;Actigraphy / accelerometer tr
P679,BLI sensorgram,bio-layer interferometry trace,F27 Flow cytometry & plate assays,S20,Instrument trace (signal vs time),H,"Hybrid (instrument output, software-rendered)",niche,stub,LS,biophysics,Octet Data Analysis,27,Actogram;Eye diagram;Sanger sequencing chromatogram;Bioanalyzer / TapeStation trace;Capillary electrophoresis electropherogram;FRAP recovery curve;qPCR amplification curve;SPR sensorgram;Thermal shift melt curve;Seahorse OCR/ECAR trace;xCELLigence impedance trace;Patch-clamp trace;EEG multichannel trace;EEG topographic scalp map;ERP waveform plot;Time-frequency / ERSP plot;EMG trace;Actigraphy / a
P680,ITC thermogram + binding isotherm,,F27 Flow cytometry & plate assays,S19,Spectrum (intensity vs ordered index),H,"Hybrid (instrument output, software-rendered)",domain-signature,deep,LS;PE,biophysics;chem-physical,NanoAnalyze; Origin ITC; MicroCal PEAQ,39,Power spectral density plot;Wavelet scalogram;Waterfall plot (stacked traces);Spectral index map;Optical absorption spectrum;Fluorescence emission/excitation spectrum;Excitation-emission matrix contour;Infrared / FTIR spectrum;Raman spectrum;Circular dichroism spectrum;1-D NMR spectrum;Mass spectrum;MS/MS annotated fragment spectrum;Mirror plot (spectral match);Total ion chromatogram;Extracted ion
P681,Thermal shift melt curve,DSF; Thermofluor,F27 Flow cytometry & plate assays,S20,Instrument trace (signal vs time),H,"Hybrid (instrument output, software-rendered)",domain-signature,standard,LS,structural-biology;pharmacology,Protein Thermal Shift; MoltenProt; DSFworld,27,Actogram;Eye diagram;Sanger sequencing chromatogram;Bioanalyzer / TapeStation trace;Capillary electrophoresis electropherogram;FRAP recovery curve;qPCR amplification curve;SPR sensorgram;Seahorse OCR/ECAR trace;xCELLigence impedance trace;Patch-clamp trace;EEG multichannel trace;EEG topographic scalp map;ERP waveform plot;Time-frequency / ERSP plot;EMG trace;Actigraphy / accelerometer trace;Polyso
P682,MST binding curve,microscale thermophoresis,F27 Flow cytometry & plate assays,S26,Physical lab output (no input table),H,"Hybrid (instrument output, software-rendered)",niche,stub,LS,biophysics,MO.Affinity Analysis,64,Ridgeline plot;Scanning electron micrograph;Western blot;Southern blot;Northern blot;Far-western blot;Dot blot / slot blot;Agarose gel electrophoresis image;SDS-PAGE stained gel;Native PAGE / Blue-native PAGE;Zymogram;EMSA;Pulsed-field gel electrophoresis;Comet assay image;Autoradiograph;Brightfield micrograph;Phase contrast micrograph;DIC micrograph;Immunofluorescence micrograph;Confocal microgra
P683,Seahorse OCR/ECAR trace,extracellular flux plot,F27 Flow cytometry & plate assays,S20,Instrument trace (signal vs time),H,"Hybrid (instrument output, software-rendered)",domain-signature,standard,LS,molecular-cell;metabolomics,Wave (Agilent); ggplot2,27,Actogram;Eye diagram;Sanger sequencing chromatogram;Bioanalyzer / TapeStation trace;Capillary electrophoresis electropherogram;FRAP recovery curve;qPCR amplification curve;SPR sensorgram;Thermal shift melt curve;xCELLigence impedance trace;Patch-clamp trace;EEG multichannel trace;EEG topographic scalp map;ERP waveform plot;Time-frequency / ERSP plot;EMG trace;Actigraphy / accelerometer trace;Polys
P684,xCELLigence impedance trace,real-time cell analysis curve,F27 Flow cytometry & plate assays,S20,Instrument trace (signal vs time),H,"Hybrid (instrument output, software-rendered)",domain-signature,standard,LS,cancer-biology;pharmacology,RTCA Software,27,Actogram;Eye diagram;Sanger sequencing chromatogram;Bioanalyzer / TapeStation trace;Capillary electrophoresis electropherogram;FRAP recovery curve;qPCR amplification curve;SPR sensorgram;Thermal shift melt curve;Seahorse OCR/ECAR trace;Patch-clamp trace;EEG multichannel trace;EEG topographic scalp map;ERP waveform plot;Time-frequency / ERSP plot;EMG trace;Actigraphy / accelerometer trace;Polysomno
P685,Microelectrode array raster / activity map,,F27 Flow cytometry & plate assays,S20,Instrument trace (signal vs time),H,"Hybrid (instrument output, software-rendered)",niche,stub,LS,neuroscience,Axion AxIS; MEA-Tools; Multi Channel Analyzer,27,Actogram;Eye diagram;Sanger sequencing chromatogram;Bioanalyzer / TapeStation trace;Capillary electrophoresis electropherogram;FRAP recovery curve;qPCR amplification curve;SPR sensorgram;Thermal shift melt curve;Seahorse OCR/ECAR trace;xCELLigence impedance trace;Patch-clamp trace;EEG multichannel trace;EEG topographic scalp map;ERP waveform plot;Time-frequency / ERSP plot;EMG trace;Actigraphy / a
P686,Radiograph,plain X-ray film,F28 Clinical & preclinical imaging,S26,Physical lab output (no input table),L,Lab-only (physical output),domain-signature,standard,HM,radiology;surgery,"X-RAY MACHINE. View: PACS, Horos, 3D Slicer",64,Ridgeline plot;Scanning electron micrograph;Western blot;Southern blot;Northern blot;Far-western blot;Dot blot / slot blot;Agarose gel electrophoresis image;SDS-PAGE stained gel;Native PAGE / Blue-native PAGE;Zymogram;EMSA;Pulsed-field gel electrophoresis;Comet assay image;Autoradiograph;Brightfield micrograph;Phase contrast micrograph;DIC micrograph;Immunofluorescence micrograph;Confocal microgra
P687,CT slice / MPR / 3-D volume render,,F28 Clinical & preclinical imaging,S21,Image or raster grid,H,"Hybrid (instrument output, software-rendered)",niche,stub,HM,radiology,3D Slicer; Horos; OsiriX; ITK-SNAP,17,Spectrogram;Thermal / infrared camera image;fMRI statistical parametric map;Interferogram;Kymograph;Multiplexed tissue imaging figure;PIV vector field;Industrial CT slice / 3-D render;MRI image;PET / SPECT uptake image;OCT retinal scan;Micro-CT reconstruction;Small-animal MRI / preclinical MRI;Behavioural tracking heatmap;Glass brain plot;Cortical thickness / morphometry map;Spatial feature plot
P688,MRI image,T1 / T2 / FLAIR / DWI sequence,F28 Clinical & preclinical imaging,S21,Image or raster grid,H,"Hybrid (instrument output, software-rendered)",domain-signature,standard,HM;LS,radiology;neurology,FSL; SPM; 3D Slicer; ITK-SNAP; freesurfer,17,Spectrogram;Thermal / infrared camera image;fMRI statistical parametric map;Interferogram;Kymograph;Multiplexed tissue imaging figure;PIV vector field;Industrial CT slice / 3-D render;PET / SPECT uptake image;OCT retinal scan;Micro-CT reconstruction;Small-animal MRI / preclinical MRI;Behavioural tracking heatmap;Glass brain plot;Cortical thickness / morphometry map;Spatial feature plot;CT slice / 
P689,Ultrasound image / echocardiogram,,F28 Clinical & preclinical imaging,S26,Physical lab output (no input table),L,Lab-only (physical output),domain-signature,standard,HM,radiology;cardiology,"ULTRASOUND MACHINE. Analyse: EchoPAC, ImageJ",64,Ridgeline plot;Scanning electron micrograph;Western blot;Southern blot;Northern blot;Far-western blot;Dot blot / slot blot;Agarose gel electrophoresis image;SDS-PAGE stained gel;Native PAGE / Blue-native PAGE;Zymogram;EMSA;Pulsed-field gel electrophoresis;Comet assay image;Autoradiograph;Brightfield micrograph;Phase contrast micrograph;DIC micrograph;Immunofluorescence micrograph;Confocal microgra
P690,Doppler flow image / spectral Doppler trace,,F28 Clinical & preclinical imaging,S19,Spectrum (intensity vs ordered index),L,Lab-only (physical output),domain-signature,standard,HM,cardiology;obgyn,Ultrasound system,39,Power spectral density plot;Wavelet scalogram;Waterfall plot (stacked traces);Spectral index map;Optical absorption spectrum;Fluorescence emission/excitation spectrum;Excitation-emission matrix contour;Infrared / FTIR spectrum;Raman spectrum;Circular dichroism spectrum;1-D NMR spectrum;Mass spectrum;MS/MS annotated fragment spectrum;Mirror plot (spectral match);Total ion chromatogram;Extracted ion
P691,Angiogram,coronary/cerebral angiography,F28 Clinical & preclinical imaging,S26,Physical lab output (no input table),L,Lab-only (physical output),domain-signature,standard,HM,cardiology;radiology,Catheter lab imaging + QCA software,64,Ridgeline plot;Scanning electron micrograph;Western blot;Southern blot;Northern blot;Far-western blot;Dot blot / slot blot;Agarose gel electrophoresis image;SDS-PAGE stained gel;Native PAGE / Blue-native PAGE;Zymogram;EMSA;Pulsed-field gel electrophoresis;Comet assay image;Autoradiograph;Brightfield micrograph;Phase contrast micrograph;DIC micrograph;Immunofluorescence micrograph;Confocal microgra
P692,PET / SPECT uptake image,,F28 Clinical & preclinical imaging,S21,Image or raster grid,H,"Hybrid (instrument output, software-rendered)",domain-signature,standard,HM,radiology;oncology,3D Slicer; PMOD; MIM,17,Spectrogram;Thermal / infrared camera image;fMRI statistical parametric map;Interferogram;Kymograph;Multiplexed tissue imaging figure;PIV vector field;Industrial CT slice / 3-D render;MRI image;OCT retinal scan;Micro-CT reconstruction;Small-animal MRI / preclinical MRI;Behavioural tracking heatmap;Glass brain plot;Cortical thickness / morphometry map;Spatial feature plot;CT slice / MPR / 3-D volum
P693,PET time-activity curve / SUV plot,,F28 Clinical & preclinical imaging,S08,Time series,D,Data-driven,domain-signature,standard,HM,radiology;oncology,PMOD; kinfitr,69,Line chart;Multi-series line chart;Area chart;Stacked area chart;Step chart;Gantt chart;Timeline;Control chart;Recurrence plot;Bump chart;Stream graph;Sparkline;Horizon chart;Cycle plot;Seasonal decomposition plot;Run chart;Moving average overlay chart;Lexis diagram;Marey chart;Fan chart;Epidemic curve;Compartmental model trajectory plot;Age-period-cohort plot;Life table survival plot;Pseudotime t
P694,Fundus photograph,,F28 Clinical & preclinical imaging,S26,Physical lab output (no input table),L,Lab-only (physical output),domain-signature,standard,HM,clinical-medicine;diagnostics,"Fundus camera. Analyse: EyeQ, ImageJ",64,Ridgeline plot;Scanning electron micrograph;Western blot;Southern blot;Northern blot;Far-western blot;Dot blot / slot blot;Agarose gel electrophoresis image;SDS-PAGE stained gel;Native PAGE / Blue-native PAGE;Zymogram;EMSA;Pulsed-field gel electrophoresis;Comet assay image;Autoradiograph;Brightfield micrograph;Phase contrast micrograph;DIC micrograph;Immunofluorescence micrograph;Confocal microgra
P695,OCT retinal scan,,F28 Clinical & preclinical imaging,S21,Image or raster grid,H,"Hybrid (instrument output, software-rendered)",domain-signature,standard,HM,clinical-medicine;diagnostics,OCT device; OCTExplorer,17,Spectrogram;Thermal / infrared camera image;fMRI statistical parametric map;Interferogram;Kymograph;Multiplexed tissue imaging figure;PIV vector field;Industrial CT slice / 3-D render;MRI image;PET / SPECT uptake image;Micro-CT reconstruction;Small-animal MRI / preclinical MRI;Behavioural tracking heatmap;Glass brain plot;Cortical thickness / morphometry map;Spatial feature plot;CT slice / MPR / 3
P696,Endoscopy / colonoscopy image,,F28 Clinical & preclinical imaging,S26,Physical lab output (no input table),L,Lab-only (physical output),domain-signature,standard,HM,gastro-hepatology;surgery,Endoscopy tower,64,Ridgeline plot;Scanning electron micrograph;Western blot;Southern blot;Northern blot;Far-western blot;Dot blot / slot blot;Agarose gel electrophoresis image;SDS-PAGE stained gel;Native PAGE / Blue-native PAGE;Zymogram;EMSA;Pulsed-field gel electrophoresis;Comet assay image;Autoradiograph;Brightfield micrograph;Phase contrast micrograph;DIC micrograph;Immunofluorescence micrograph;Confocal microgra
P697,Dermoscopy image,,F28 Clinical & preclinical imaging,S26,Physical lab output (no input table),L,Lab-only (physical output),domain-signature,standard,HM,clinical-medicine;diagnostics,Dermatoscope,64,Ridgeline plot;Scanning electron micrograph;Western blot;Southern blot;Northern blot;Far-western blot;Dot blot / slot blot;Agarose gel electrophoresis image;SDS-PAGE stained gel;Native PAGE / Blue-native PAGE;Zymogram;EMSA;Pulsed-field gel electrophoresis;Comet assay image;Autoradiograph;Brightfield micrograph;Phase contrast micrograph;DIC micrograph;Immunofluorescence micrograph;Confocal microgra
P698,In vivo bioluminescence / fluorescence image,IVIS image,F28 Clinical & preclinical imaging,S26,Physical lab output (no input table),L,Lab-only (physical output),domain-signature,deep,LS;HM,cancer-biology;veterinary,IVIS Spectrum + Living Image software; Bruker In-Vivo Xtreme,64,Ridgeline plot;Scanning electron micrograph;Western blot;Southern blot;Northern blot;Far-western blot;Dot blot / slot blot;Agarose gel electrophoresis image;SDS-PAGE stained gel;Native PAGE / Blue-native PAGE;Zymogram;EMSA;Pulsed-field gel electrophoresis;Comet assay image;Autoradiograph;Brightfield micrograph;Phase contrast micrograph;DIC micrograph;Immunofluorescence micrograph;Confocal microgra
P699,Micro-CT reconstruction,small-animal CT; bone microarchitecture,F28 Clinical & preclinical imaging,S21,Image or raster grid,H,"Hybrid (instrument output, software-rendered)",domain-signature,standard,LS;HM,anatomy-physiology;palaeontology,3D Slicer; Dragonfly; CTAn; BoneJ,17,Spectrogram;Thermal / infrared camera image;fMRI statistical parametric map;Interferogram;Kymograph;Multiplexed tissue imaging figure;PIV vector field;Industrial CT slice / 3-D render;MRI image;PET / SPECT uptake image;OCT retinal scan;Small-animal MRI / preclinical MRI;Behavioural tracking heatmap;Glass brain plot;Cortical thickness / morphometry map;Spatial feature plot;CT slice / MPR / 3-D volu
P700,Small-animal MRI / preclinical MRI,,F28 Clinical & preclinical imaging,S21,Image or raster grid,H,"Hybrid (instrument output, software-rendered)",domain-signature,standard,LS,neuroscience;veterinary,Bruker ParaVision; FSL,17,Spectrogram;Thermal / infrared camera image;fMRI statistical parametric map;Interferogram;Kymograph;Multiplexed tissue imaging figure;PIV vector field;Industrial CT slice / 3-D render;MRI image;PET / SPECT uptake image;OCT retinal scan;Micro-CT reconstruction;Behavioural tracking heatmap;Glass brain plot;Cortical thickness / morphometry map;Spatial feature plot;CT slice / MPR / 3-D volume render
P701,Behavioural tracking heatmap,open field / EPM occupancy map,F28 Clinical & preclinical imaging,S21,Image or raster grid,H,"Hybrid (instrument output, software-rendered)",domain-signature,standard,LS,zoology-behaviour;neuroscience,EthoVision XT; ANY-maze; DeepLabCut; ezTrack,17,Spectrogram;Thermal / infrared camera image;fMRI statistical parametric map;Interferogram;Kymograph;Multiplexed tissue imaging figure;PIV vector field;Industrial CT slice / 3-D render;MRI image;PET / SPECT uptake image;OCT retinal scan;Micro-CT reconstruction;Small-animal MRI / preclinical MRI;Glass brain plot;Cortical thickness / morphometry map;Spatial feature plot;CT slice / MPR / 3-D volume re
P702,Pose estimation trace,DeepLabCut / SLEAP keypoint trajectory,F28 Clinical & preclinical imaging,S08,Time series,H,"Hybrid (instrument output, software-rendered)",domain-signature,standard,LS,zoology-behaviour;neuroscience,DeepLabCut; SLEAP; DeepEthogram,69,Line chart;Multi-series line chart;Area chart;Stacked area chart;Step chart;Gantt chart;Timeline;Control chart;Recurrence plot;Bump chart;Stream graph;Sparkline;Horizon chart;Cycle plot;Seasonal decomposition plot;Run chart;Moving average overlay chart;Lexis diagram;Marey chart;Fan chart;Epidemic curve;Compartmental model trajectory plot;Age-period-cohort plot;Life table survival plot;Pseudotime t
P703,Gait analysis / motion capture stick figure,,F28 Clinical & preclinical imaging,S29,Three-dimensional structure or spatial coordinates,H,"Hybrid (instrument output, software-rendered)",domain-signature,standard,HM;LS,sports-exercise;anatomy-physiology,Vicon Nexus; OpenSim; CatWalk,16,Ramachandran plot;Molecular docking pose figure;Predicted aligned error plot;RMSD / RMSF trajectory plot;Protein domain architecture diagram;ORTEP thermal ellipsoid plot;Electron density difference map;Electronic band structure plot;Brillouin zone diagram;Cortical surface render;DTI tractography render;Protein structure cartoon;2-D ligand interaction diagram;pLDDT-coloured structure;Unit cell pack
P704,Camera trap detection timeline / image,,F28 Clinical & preclinical imaging,S08,Time series,H,"Hybrid (instrument output, software-rendered)",domain-signature,standard,LS,ecology;biodiversity,camtrapR; Wildlife Insights; MegaDetector,69,Line chart;Multi-series line chart;Area chart;Stacked area chart;Step chart;Gantt chart;Timeline;Control chart;Recurrence plot;Bump chart;Stream graph;Sparkline;Horizon chart;Cycle plot;Seasonal decomposition plot;Run chart;Moving average overlay chart;Lexis diagram;Marey chart;Fan chart;Epidemic curve;Compartmental model trajectory plot;Age-period-cohort plot;Life table survival plot;Pseudotime t
P705,Patch-clamp trace,whole-cell current/voltage recording,F29 Electrophysiology & neuroimaging,S20,Instrument trace (signal vs time),H,"Hybrid (instrument output, software-rendered)",domain-signature,deep,LS,neuroscience;physiology,Clampfit/pCLAMP; Stimfit; Igor NeuroMatic,27,Actogram;Eye diagram;Sanger sequencing chromatogram;Bioanalyzer / TapeStation trace;Capillary electrophoresis electropherogram;FRAP recovery curve;qPCR amplification curve;SPR sensorgram;Thermal shift melt curve;Seahorse OCR/ECAR trace;xCELLigence impedance trace;EEG multichannel trace;EEG topographic scalp map;ERP waveform plot;Time-frequency / ERSP plot;EMG trace;Actigraphy / accelerometer trace
P706,Patch-clamp I-V relationship,,F29 Electrophysiology & neuroimaging,S03,Two continuous variables,D,Data-driven,domain-signature,standard,LS,neuroscience;physiology,Clampfit; ggplot2,56,Marginal histogram plot;Scatter plot;Bubble chart;Van Krevelen diagram;Heat scatter / density scatter;Volcano plot;Pearce discrimination diagram;Bode plot;Pole-zero plot;Reaction coordinate diagram;Arrhenius plot;Van 't Hoff plot;Well log plot;Pollen diagram;Microfossil stratigraphic diagram;Age-depth model plot;Tree-ring chronology plot;Ice core isotope depth profile;Stable isotope cross plot;Kee
P707,Spike raster plot,,F29 Electrophysiology & neuroimaging,S08,Time series,D,Data-driven,niche,deep,LS,neuroscience,Elephant; Neo; MATLAB; ggplot2,69,Line chart;Multi-series line chart;Area chart;Stacked area chart;Step chart;Gantt chart;Timeline;Control chart;Recurrence plot;Bump chart;Stream graph;Sparkline;Horizon chart;Cycle plot;Seasonal decomposition plot;Run chart;Moving average overlay chart;Lexis diagram;Marey chart;Fan chart;Epidemic curve;Compartmental model trajectory plot;Age-period-cohort plot;Life table survival plot;Pseudotime t
P708,Peri-stimulus time histogram,PSTH,F29 Electrophysiology & neuroimaging,S01,One continuous variable,D,Data-driven,niche,stub,LS,neuroscience,Elephant; MATLAB; ggplot2,44,Histogram;Density plot;Empirical CDF plot;Q-Q plot;Stem-and-leaf plot;Rug plot;Frequency polygon;Normal probability plot;Pareto chart;Spike histogram;Histogram with fitted distribution overlay;Cumulative frequency curve;GWAS Q-Q plot;Mutational signature plot;Sequence logo;Alpha diversity plot;Rarefaction curve;Species accumulation curve;Rank-abundance curve;Stratigraphic column;Gutenberg-Richter 
P709,Local field potential trace,,F29 Electrophysiology & neuroimaging,S20,Instrument trace (signal vs time),H,"Hybrid (instrument output, software-rendered)",niche,stub,LS,neuroscience,Neo; MNE; SpikeInterface,27,Actogram;Eye diagram;Sanger sequencing chromatogram;Bioanalyzer / TapeStation trace;Capillary electrophoresis electropherogram;FRAP recovery curve;qPCR amplification curve;SPR sensorgram;Thermal shift melt curve;Seahorse OCR/ECAR trace;xCELLigence impedance trace;Patch-clamp trace;EEG multichannel trace;EEG topographic scalp map;ERP waveform plot;Time-frequency / ERSP plot;EMG trace;Actigraphy / a
P710,Spike sorting cluster plot,waveform + PCA cluster plot,F29 Electrophysiology & neuroimaging,S20,Instrument trace (signal vs time),D,Data-driven,niche,stub,LS,neuroscience,SpikeInterface; Kilosort/Phy; MountainSort,27,Actogram;Eye diagram;Sanger sequencing chromatogram;Bioanalyzer / TapeStation trace;Capillary electrophoresis electropherogram;FRAP recovery curve;qPCR amplification curve;SPR sensorgram;Thermal shift melt curve;Seahorse OCR/ECAR trace;xCELLigence impedance trace;Patch-clamp trace;EEG multichannel trace;EEG topographic scalp map;ERP waveform plot;Time-frequency / ERSP plot;EMG trace;Actigraphy / a
P711,EEG multichannel trace,,F29 Electrophysiology & neuroimaging,S20,Instrument trace (signal vs time),H,"Hybrid (instrument output, software-rendered)",domain-signature,deep,HM;LS,neurology;neuroscience,MNE-Python; EEGLAB; FieldTrip; Brainstorm,27,Actogram;Eye diagram;Sanger sequencing chromatogram;Bioanalyzer / TapeStation trace;Capillary electrophoresis electropherogram;FRAP recovery curve;qPCR amplification curve;SPR sensorgram;Thermal shift melt curve;Seahorse OCR/ECAR trace;xCELLigence impedance trace;Patch-clamp trace;EEG topographic scalp map;ERP waveform plot;Time-frequency / ERSP plot;EMG trace;Actigraphy / accelerometer trace;Poly
P712,EEG topographic scalp map,topoplot,F29 Electrophysiology & neuroimaging,S20,Instrument trace (signal vs time),D,Data-driven,domain-signature,standard,LS;HM,neuroscience;neuro-cognitive,MNE-Python; EEGLAB; eegUtils,27,Actogram;Eye diagram;Sanger sequencing chromatogram;Bioanalyzer / TapeStation trace;Capillary electrophoresis electropherogram;FRAP recovery curve;qPCR amplification curve;SPR sensorgram;Thermal shift melt curve;Seahorse OCR/ECAR trace;xCELLigence impedance trace;Patch-clamp trace;EEG multichannel trace;ERP waveform plot;Time-frequency / ERSP plot;EMG trace;Actigraphy / accelerometer trace;Polysom
P713,ERP waveform plot,event-related potential plot,F29 Electrophysiology & neuroimaging,S20,Instrument trace (signal vs time),D,Data-driven,domain-signature,standard,SH;LS,neuro-cognitive;psychology,MNE-Python; ERPLAB; eegUtils,27,Actogram;Eye diagram;Sanger sequencing chromatogram;Bioanalyzer / TapeStation trace;Capillary electrophoresis electropherogram;FRAP recovery curve;qPCR amplification curve;SPR sensorgram;Thermal shift melt curve;Seahorse OCR/ECAR trace;xCELLigence impedance trace;Patch-clamp trace;EEG multichannel trace;EEG topographic scalp map;Time-frequency / ERSP plot;EMG trace;Actigraphy / accelerometer trace
P714,Time-frequency / ERSP plot,,F29 Electrophysiology & neuroimaging,S20,Instrument trace (signal vs time),D,Data-driven,domain-signature,standard,LS;SH,neuroscience;neuro-cognitive,MNE-Python; EEGLAB; FieldTrip,27,Actogram;Eye diagram;Sanger sequencing chromatogram;Bioanalyzer / TapeStation trace;Capillary electrophoresis electropherogram;FRAP recovery curve;qPCR amplification curve;SPR sensorgram;Thermal shift melt curve;Seahorse OCR/ECAR trace;xCELLigence impedance trace;Patch-clamp trace;EEG multichannel trace;EEG topographic scalp map;ERP waveform plot;EMG trace;Actigraphy / accelerometer trace;Polysomn
P715,MEG source localisation map,,F29 Electrophysiology & neuroimaging,S16,Values attached to geography,D,Data-driven,domain-signature,standard,LS;HM,neuroscience,MNE-Python; Brainstorm; FieldTrip,62,Choropleth map;Proportional symbol map;LISA cluster map;Small-multiple map series;Flow map;Metabolic flux map;Enrichment map;Bivariate choropleth;Cartogram;Dot density map;Isopleth map;Kernel density surface map;Hexbin map;Connection map;Origin-destination flow map;Isochrone map;Voronoi / Thiessen polygon map;Moran scatterplot;Semivariogram;Kriging interpolation surface;Spatial scan cluster map;St
P716,fMRI statistical parametric map,activation map; SPM overlay,F29 Electrophysiology & neuroimaging,S21,Image or raster grid,D,Data-driven,cross-domain,deep,SH;HM;LS,neuro-cognitive;radiology,SPM; FSL; AFNI; nilearn; fMRIPrep,17,Spectrogram;Thermal / infrared camera image;Interferogram;Kymograph;Multiplexed tissue imaging figure;PIV vector field;Industrial CT slice / 3-D render;MRI image;PET / SPECT uptake image;OCT retinal scan;Micro-CT reconstruction;Small-animal MRI / preclinical MRI;Behavioural tracking heatmap;Glass brain plot;Cortical thickness / morphometry map;Spatial feature plot;CT slice / MPR / 3-D volume rende
P717,Glass brain plot,,F29 Electrophysiology & neuroimaging,S21,Image or raster grid,D,Data-driven,domain-signature,standard,SH;LS,neuro-cognitive,nilearn; SPM,17,Spectrogram;Thermal / infrared camera image;fMRI statistical parametric map;Interferogram;Kymograph;Multiplexed tissue imaging figure;PIV vector field;Industrial CT slice / 3-D render;MRI image;PET / SPECT uptake image;OCT retinal scan;Micro-CT reconstruction;Small-animal MRI / preclinical MRI;Behavioural tracking heatmap;Cortical thickness / morphometry map;Spatial feature plot;CT slice / MPR / 3
P718,Cortical surface render,inflated surface map,F29 Electrophysiology & neuroimaging,S29,Three-dimensional structure or spatial coordinates,D,Data-driven,domain-signature,standard,LS;SH,neuroscience;neuro-cognitive,FreeSurfer; Connectome Workbench; pysurfer,16,Ramachandran plot;Molecular docking pose figure;Predicted aligned error plot;RMSD / RMSF trajectory plot;Protein domain architecture diagram;ORTEP thermal ellipsoid plot;Electron density difference map;Electronic band structure plot;Brillouin zone diagram;Gait analysis / motion capture stick figure;DTI tractography render;Protein structure cartoon;2-D ligand interaction diagram;pLDDT-coloured stru
P719,Cortical thickness / morphometry map,,F29 Electrophysiology & neuroimaging,S21,Image or raster grid,D,Data-driven,domain-signature,standard,HM;LS,neurology;neuroscience,FreeSurfer; CAT12; ANTs,17,Spectrogram;Thermal / infrared camera image;fMRI statistical parametric map;Interferogram;Kymograph;Multiplexed tissue imaging figure;PIV vector field;Industrial CT slice / 3-D render;MRI image;PET / SPECT uptake image;OCT retinal scan;Micro-CT reconstruction;Small-animal MRI / preclinical MRI;Behavioural tracking heatmap;Glass brain plot;Spatial feature plot;CT slice / MPR / 3-D volume render
P720,DTI tractography render,fibre tract visualisation,F29 Electrophysiology & neuroimaging,S29,Three-dimensional structure or spatial coordinates,D,Data-driven,domain-signature,deep,LS;HM,neuroscience;radiology,MRtrix3; DSI Studio; TrackVis; DIPY,16,Ramachandran plot;Molecular docking pose figure;Predicted aligned error plot;RMSD / RMSF trajectory plot;Protein domain architecture diagram;ORTEP thermal ellipsoid plot;Electron density difference map;Electronic band structure plot;Brillouin zone diagram;Gait analysis / motion capture stick figure;Cortical surface render;Protein structure cartoon;2-D ligand interaction diagram;pLDDT-coloured stru
P721,Brain connectivity matrix,connectome matrix,F29 Electrophysiology & neuroimaging,S12,Pairwise matrix,D,Data-driven,domain-signature,standard,LS;SH,neuroscience;network-science,BCT; nilearn; netplotbrain,15,Heatmap (categorical matrix);Correlogram;Calendar heatmap;Autocorrelation plot;Confusion matrix heatmap;Clustered expression heatmap;Spiral plot;Oncoprint;Mass cytometry (CyTOF) heatmap;Antibiogram heatmap;Cohort retention heatmap;Bertin reorderable matrix;Sample-sample distance heatmap;Single-cell dot plot;RFM segmentation heatmap
P722,Connectogram,circular brain connectivity plot,F29 Electrophysiology & neuroimaging,S13,Nodes and edges,D,Data-driven,domain-signature,standard,LS,neuroscience;network-science,circlize; BrainNet Viewer; MNE,24,Node-link network diagram;Chord diagram;Force-directed graph;Arc diagram;Adjacency matrix plot;Hive plot;Bipartite network plot;Transmission tree;Pathway diagram;Gene regulatory network plot;Protein-protein interaction network;Haplotype network;Psychometric network plot;Emissions / scenario pathway plot;Blockmodel image matrix;Sociogram;Migration flow chord / circular plot;Correlation network (ass
P723,ECG trace,electrocardiogram,F29 Electrophysiology & neuroimaging,S20,Instrument trace (signal vs time),H,"Hybrid (instrument output, software-rendered)",niche,stub,HM,cardiology,neurokit2; wfdb; instrument printout,27,Actogram;Eye diagram;Sanger sequencing chromatogram;Bioanalyzer / TapeStation trace;Capillary electrophoresis electropherogram;FRAP recovery curve;qPCR amplification curve;SPR sensorgram;Thermal shift melt curve;Seahorse OCR/ECAR trace;xCELLigence impedance trace;Patch-clamp trace;EEG multichannel trace;EEG topographic scalp map;ERP waveform plot;Time-frequency / ERSP plot;EMG trace;Actigraphy / a
P724,EMG trace,electromyogram,F29 Electrophysiology & neuroimaging,S20,Instrument trace (signal vs time),H,"Hybrid (instrument output, software-rendered)",domain-signature,standard,HM;LS,sports-exercise;physiology,neurokit2; biosppy; Delsys,27,Actogram;Eye diagram;Sanger sequencing chromatogram;Bioanalyzer / TapeStation trace;Capillary electrophoresis electropherogram;FRAP recovery curve;qPCR amplification curve;SPR sensorgram;Thermal shift melt curve;Seahorse OCR/ECAR trace;xCELLigence impedance trace;Patch-clamp trace;EEG multichannel trace;EEG topographic scalp map;ERP waveform plot;Time-frequency / ERSP plot;Actigraphy / acceleromet
P725,Actigraphy / accelerometer trace,,F29 Electrophysiology & neuroimaging,S20,Instrument trace (signal vs time),H,"Hybrid (instrument output, software-rendered)",domain-signature,standard,HM,psychiatry;sports-exercise,GGIR; ActiLife; accelerometry,27,Actogram;Eye diagram;Sanger sequencing chromatogram;Bioanalyzer / TapeStation trace;Capillary electrophoresis electropherogram;FRAP recovery curve;qPCR amplification curve;SPR sensorgram;Thermal shift melt curve;Seahorse OCR/ECAR trace;xCELLigence impedance trace;Patch-clamp trace;EEG multichannel trace;EEG topographic scalp map;ERP waveform plot;Time-frequency / ERSP plot;EMG trace;Polysomnogram 
P726,Polysomnogram / hypnogram,,F29 Electrophysiology & neuroimaging,S20,Instrument trace (signal vs time),H,"Hybrid (instrument output, software-rendered)",domain-signature,standard,HM,psychiatry;respiratory,YASA; sleep scoring software,27,Actogram;Eye diagram;Sanger sequencing chromatogram;Bioanalyzer / TapeStation trace;Capillary electrophoresis electropherogram;FRAP recovery curve;qPCR amplification curve;SPR sensorgram;Thermal shift melt curve;Seahorse OCR/ECAR trace;xCELLigence impedance trace;Patch-clamp trace;EEG multichannel trace;EEG topographic scalp map;ERP waveform plot;Time-frequency / ERSP plot;EMG trace;Actigraphy / a
P727,Word cloud,tag cloud,"F30 Text, qualitative & humanities",S28,Text corpus,D,Data-driven,domain-signature,standard,SH,media-studies;digital-humanities,wordcloud2; wordcloud; python wordcloud,11,Word tree;Concordance / KWIC display;Lexical dispersion plot;Keyness plot;Topic prevalence over time plot;Semantic / text network plot;Sentiment arc;Stylometry bootstrap consensus tree;Character co-occurrence network;Discourse network plot;Manuscript stemma
P728,Word tree,,"F30 Text, qualitative & humanities",S28,Text corpus,D,Data-driven,domain-signature,standard,SH,linguistics;digital-humanities,Voyant Tools; d3,11,Word cloud;Concordance / KWIC display;Lexical dispersion plot;Keyness plot;Topic prevalence over time plot;Semantic / text network plot;Sentiment arc;Stylometry bootstrap consensus tree;Character co-occurrence network;Discourse network plot;Manuscript stemma
P729,Concordance / KWIC display,keyword in context,"F30 Text, qualitative & humanities",S28,Text corpus,D,Data-driven,domain-signature,standard,SH,linguistics;literature,quanteda::kwic; AntConc; NLTK,11,Word cloud;Word tree;Lexical dispersion plot;Keyness plot;Topic prevalence over time plot;Semantic / text network plot;Sentiment arc;Stylometry bootstrap consensus tree;Character co-occurrence network;Discourse network plot;Manuscript stemma
P730,Lexical dispersion plot,,"F30 Text, qualitative & humanities",S28,Text corpus,D,Data-driven,domain-signature,standard,SH,linguistics;literature,quanteda::textplot_xray; NLTK dispersion_plot,11,Word cloud;Word tree;Concordance / KWIC display;Keyness plot;Topic prevalence over time plot;Semantic / text network plot;Sentiment arc;Stylometry bootstrap consensus tree;Character co-occurrence network;Discourse network plot;Manuscript stemma
P731,Keyness plot,,"F30 Text, qualitative & humanities",S28,Text corpus,D,Data-driven,domain-signature,standard,SH,linguistics;media-studies,quanteda::textstat_keyness,11,Word cloud;Word tree;Concordance / KWIC display;Lexical dispersion plot;Topic prevalence over time plot;Semantic / text network plot;Sentiment arc;Stylometry bootstrap consensus tree;Character co-occurrence network;Discourse network plot;Manuscript stemma
P732,Topic model visualisation,LDAvis intertopic distance map,"F30 Text, qualitative & humanities",S16,Values attached to geography,D,Data-driven,domain-signature,deep,SH;XM,digital-humanities;data-science,LDAvis; pyLDAvis; BERTopic,62,Choropleth map;Proportional symbol map;LISA cluster map;Small-multiple map series;Flow map;Metabolic flux map;Enrichment map;Bivariate choropleth;Cartogram;Dot density map;Isopleth map;Kernel density surface map;Hexbin map;Connection map;Origin-destination flow map;Isochrone map;Voronoi / Thiessen polygon map;Moran scatterplot;Semivariogram;Kriging interpolation surface;Spatial scan cluster map;St
P733,Topic prevalence over time plot,,"F30 Text, qualitative & humanities",S28,Text corpus,D,Data-driven,domain-signature,standard,SH,media-studies;political-science,stm; BERTopic,11,Word cloud;Word tree;Concordance / KWIC display;Lexical dispersion plot;Keyness plot;Semantic / text network plot;Sentiment arc;Stylometry bootstrap consensus tree;Character co-occurrence network;Discourse network plot;Manuscript stemma
P734,Semantic / text network plot,,"F30 Text, qualitative & humanities",S28,Text corpus,D,Data-driven,domain-signature,standard,SH,linguistics;media-studies,quanteda; igraph; textnets,11,Word cloud;Word tree;Concordance / KWIC display;Lexical dispersion plot;Keyness plot;Topic prevalence over time plot;Sentiment arc;Stylometry bootstrap consensus tree;Character co-occurrence network;Discourse network plot;Manuscript stemma
P735,Sentiment arc,narrative arc plot,"F30 Text, qualitative & humanities",S28,Text corpus,D,Data-driven,domain-signature,standard,SH,literature;digital-humanities,syuzhet; sentimentr,11,Word cloud;Word tree;Concordance / KWIC display;Lexical dispersion plot;Keyness plot;Topic prevalence over time plot;Semantic / text network plot;Stylometry bootstrap consensus tree;Character co-occurrence network;Discourse network plot;Manuscript stemma
P736,Stylometry bootstrap consensus tree,,"F30 Text, qualitative & humanities",S28,Text corpus,D,Data-driven,domain-signature,standard,SH,literature;digital-humanities,stylo,11,Word cloud;Word tree;Concordance / KWIC display;Lexical dispersion plot;Keyness plot;Topic prevalence over time plot;Semantic / text network plot;Sentiment arc;Character co-occurrence network;Discourse network plot;Manuscript stemma
P737,Character co-occurrence network,,"F30 Text, qualitative & humanities",S28,Text corpus,D,Data-driven,domain-signature,standard,SH,literature;digital-humanities,igraph; Gephi,11,Word cloud;Word tree;Concordance / KWIC display;Lexical dispersion plot;Keyness plot;Topic prevalence over time plot;Semantic / text network plot;Sentiment arc;Stylometry bootstrap consensus tree;Discourse network plot;Manuscript stemma
P738,Sequence index plot,life-course sequence plot,"F30 Text, qualitative & humanities",S08,Time series,D,Data-driven,domain-signature,deep,SH,sociology;demography,TraMineR; seqHMM,69,Line chart;Multi-series line chart;Area chart;Stacked area chart;Step chart;Gantt chart;Timeline;Control chart;Recurrence plot;Bump chart;Stream graph;Sparkline;Horizon chart;Cycle plot;Seasonal decomposition plot;Run chart;Moving average overlay chart;Lexis diagram;Marey chart;Fan chart;Epidemic curve;Compartmental model trajectory plot;Age-period-cohort plot;Life table survival plot;Pseudotime t
P739,State distribution plot,chronogram,"F30 Text, qualitative & humanities",S08,Time series,D,Data-driven,domain-signature,standard,SH,sociology;demography,TraMineR,69,Line chart;Multi-series line chart;Area chart;Stacked area chart;Step chart;Gantt chart;Timeline;Control chart;Recurrence plot;Bump chart;Stream graph;Sparkline;Horizon chart;Cycle plot;Seasonal decomposition plot;Run chart;Moving average overlay chart;Lexis diagram;Marey chart;Fan chart;Epidemic curve;Compartmental model trajectory plot;Age-period-cohort plot;Life table survival plot;Pseudotime t
P740,Qualitative code matrix / code map,,"F30 Text, qualitative & humanities",S16,Values attached to geography,D,Data-driven,domain-signature,standard,SH,sociology;education,NVivo; MAXQDA; ATLAS.ti,62,Choropleth map;Proportional symbol map;LISA cluster map;Small-multiple map series;Flow map;Metabolic flux map;Enrichment map;Bivariate choropleth;Cartogram;Dot density map;Isopleth map;Kernel density surface map;Hexbin map;Connection map;Origin-destination flow map;Isochrone map;Voronoi / Thiessen polygon map;Moran scatterplot;Semivariogram;Kriging interpolation surface;Spatial scan cluster map;St
P741,Discourse network plot,,"F30 Text, qualitative & humanities",S28,Text corpus,D,Data-driven,domain-signature,standard,SH,political-science;media-studies,Discourse Network Analyzer; rDNA,11,Word cloud;Word tree;Concordance / KWIC display;Lexical dispersion plot;Keyness plot;Topic prevalence over time plot;Semantic / text network plot;Sentiment arc;Stylometry bootstrap consensus tree;Character co-occurrence network;Manuscript stemma
P742,Manuscript stemma,textual transmission tree,"F30 Text, qualitative & humanities",S28,Text corpus,D,Data-driven,domain-signature,standard,SH,literature;history,stemmaweb; PhyloBayes,11,Word cloud;Word tree;Concordance / KWIC display;Lexical dispersion plot;Keyness plot;Topic prevalence over time plot;Semantic / text network plot;Sentiment arc;Stylometry bootstrap consensus tree;Character co-occurrence network;Discourse network plot
P743,Piano roll / score visualisation,,"F30 Text, qualitative & humanities",S16,Values attached to geography,D,Data-driven,niche,stub,SH,arts-performance,music21; librosa,62,Choropleth map;Proportional symbol map;LISA cluster map;Small-multiple map series;Flow map;Metabolic flux map;Enrichment map;Bivariate choropleth;Cartogram;Dot density map;Isopleth map;Kernel density surface map;Hexbin map;Connection map;Origin-destination flow map;Isochrone map;Voronoi / Thiessen polygon map;Moran scatterplot;Semivariogram;Kriging interpolation surface;Spatial scan cluster map;St
P744,Historical network map,Palladio-style spatial network,"F30 Text, qualitative & humanities",S16,Values attached to geography,D,Data-driven,domain-signature,standard,SH,history;digital-humanities,Palladio; Gephi; ggplot2+sf,62,Choropleth map;Proportional symbol map;LISA cluster map;Small-multiple map series;Flow map;Metabolic flux map;Enrichment map;Bivariate choropleth;Cartogram;Dot density map;Isopleth map;Kernel density surface map;Hexbin map;Connection map;Origin-destination flow map;Isochrone map;Voronoi / Thiessen polygon map;Moran scatterplot;Semivariogram;Kriging interpolation surface;Spatial scan cluster map;St
P745,Archaeological site plan / harris matrix,,"F30 Text, qualitative & humanities",S27,Schematic (no data),C,Conceptual / schematic,niche,stub,SH,archaeology,Harris Matrix Composer; QGIS,25,Flow chart;Directed acyclic graph;Molecular orbital diagram;Jablonski diagram;Feynman diagram;Energy level diagram;Ishikawa diagram;Experimental design schematic;Mechanism / signalling pathway cartoon;Anatomical / physiological diagram;Causal loop diagram;Logic model / theory of change;Conceptual framework diagram;Engineering drawing / CAD orthographic view;Free-body diagram;Bathtub curve;Ray diag
P746,Lorenz curve,,F31 Social science & econometrics,S01,One continuous variable,D,Data-driven,domain-signature,deep,SH,economics;sociology,ineq; gglorenz; ggplot2,44,Histogram;Density plot;Empirical CDF plot;Q-Q plot;Stem-and-leaf plot;Rug plot;Frequency polygon;Normal probability plot;Pareto chart;Spike histogram;Histogram with fitted distribution overlay;Cumulative frequency curve;GWAS Q-Q plot;Mutational signature plot;Sequence logo;Alpha diversity plot;Rarefaction curve;Species accumulation curve;Rank-abundance curve;Stratigraphic column;Gutenberg-Richter 
P747,Concentration / Gini plot,,F31 Social science & econometrics,S01,One continuous variable,D,Data-driven,domain-signature,standard,SH;HM,economics;health-econ,ineq; rineq,44,Histogram;Density plot;Empirical CDF plot;Q-Q plot;Stem-and-leaf plot;Rug plot;Frequency polygon;Normal probability plot;Pareto chart;Spike histogram;Histogram with fitted distribution overlay;Cumulative frequency curve;GWAS Q-Q plot;Mutational signature plot;Sequence logo;Alpha diversity plot;Rarefaction curve;Species accumulation curve;Rank-abundance curve;Stratigraphic column;Gutenberg-Richter 
P748,Growth incidence curve,,F31 Social science & econometrics,S01,One continuous variable,D,Data-driven,niche,stub,SH,economics,ggplot2,44,Histogram;Density plot;Empirical CDF plot;Q-Q plot;Stem-and-leaf plot;Rug plot;Frequency polygon;Normal probability plot;Pareto chart;Spike histogram;Histogram with fitted distribution overlay;Cumulative frequency curve;GWAS Q-Q plot;Mutational signature plot;Sequence logo;Alpha diversity plot;Rarefaction curve;Species accumulation curve;Rank-abundance curve;Stratigraphic column;Gutenberg-Richter 
P749,Impulse response function plot,IRF plot,F31 Social science & econometrics,S22,Model output vs observed,D,Data-driven,domain-signature,standard,SH,econometrics;finance,vars; statsmodels VAR,62,Regression line with confidence band;LOESS / LOWESS smoother;ROC curve;Feature importance plot;Spline / GAM partial effect plot;Calibration plot;Bland-Altman plot;Residual vs fitted plot;Added-variable plot;Marginal effects plot;Interaction plot;Nomogram;Precision-recall curve;Decision curve analysis;Lift chart / cumulative gains chart;SHAP beeswarm plot;SHAP force / waterfall plot;Partial depende
P750,Forecast error variance decomposition plot,,F31 Social science & econometrics,S22,Model output vs observed,D,Data-driven,niche,stub,SH,econometrics,vars; statsmodels,62,Regression line with confidence band;LOESS / LOWESS smoother;ROC curve;Feature importance plot;Spline / GAM partial effect plot;Calibration plot;Bland-Altman plot;Residual vs fitted plot;Added-variable plot;Marginal effects plot;Interaction plot;Nomogram;Precision-recall curve;Decision curve analysis;Lift chart / cumulative gains chart;SHAP beeswarm plot;SHAP force / waterfall plot;Partial depende
P751,Event study plot,dynamic treatment effect plot,F31 Social science & econometrics,S22,Model output vs observed,D,Data-driven,domain-signature,deep,SH;HM,econometrics;public-policy,fixest::iplot; did; eventstudyr,62,Regression line with confidence band;LOESS / LOWESS smoother;ROC curve;Feature importance plot;Spline / GAM partial effect plot;Calibration plot;Bland-Altman plot;Residual vs fitted plot;Added-variable plot;Marginal effects plot;Interaction plot;Nomogram;Precision-recall curve;Decision curve analysis;Lift chart / cumulative gains chart;SHAP beeswarm plot;SHAP force / waterfall plot;Partial depende
P752,Difference-in-differences plot,parallel trends plot,F31 Social science & econometrics,S22,Model output vs observed,D,Data-driven,domain-signature,standard,SH;HM,econometrics;public-policy,did; fixest; ggplot2,62,Regression line with confidence band;LOESS / LOWESS smoother;ROC curve;Feature importance plot;Spline / GAM partial effect plot;Calibration plot;Bland-Altman plot;Residual vs fitted plot;Added-variable plot;Marginal effects plot;Interaction plot;Nomogram;Precision-recall curve;Decision curve analysis;Lift chart / cumulative gains chart;SHAP beeswarm plot;SHAP force / waterfall plot;Partial depende
P753,Regression discontinuity plot,RD plot,F31 Social science & econometrics,S22,Model output vs observed,D,Data-driven,domain-signature,deep,SH,econometrics;education,rdrobust::rdplot; rddensity,62,Regression line with confidence band;LOESS / LOWESS smoother;ROC curve;Feature importance plot;Spline / GAM partial effect plot;Calibration plot;Bland-Altman plot;Residual vs fitted plot;Added-variable plot;Marginal effects plot;Interaction plot;Nomogram;Precision-recall curve;Decision curve analysis;Lift chart / cumulative gains chart;SHAP beeswarm plot;SHAP force / waterfall plot;Partial depende
P754,McCrary density test plot,,F31 Social science & econometrics,S22,Model output vs observed,D,Data-driven,niche,stub,SH,econometrics,rddensity; rdd,62,Regression line with confidence band;LOESS / LOWESS smoother;ROC curve;Feature importance plot;Spline / GAM partial effect plot;Calibration plot;Bland-Altman plot;Residual vs fitted plot;Added-variable plot;Marginal effects plot;Interaction plot;Nomogram;Precision-recall curve;Decision curve analysis;Lift chart / cumulative gains chart;SHAP beeswarm plot;SHAP force / waterfall plot;Partial depende
P755,Synthetic control gap plot,,F31 Social science & econometrics,S22,Model output vs observed,D,Data-driven,domain-signature,standard,SH,econometrics;public-policy,Synth; tidysynth; gsynth,62,Regression line with confidence band;LOESS / LOWESS smoother;ROC curve;Feature importance plot;Spline / GAM partial effect plot;Calibration plot;Bland-Altman plot;Residual vs fitted plot;Added-variable plot;Marginal effects plot;Interaction plot;Nomogram;Precision-recall curve;Decision curve analysis;Lift chart / cumulative gains chart;SHAP beeswarm plot;SHAP force / waterfall plot;Partial depende
P756,Love plot,covariate balance plot,F31 Social science & econometrics,S22,Model output vs observed,D,Data-driven,domain-signature,deep,HM;SH,epidemiology;econometrics,cobalt::love.plot; MatchIt,62,Regression line with confidence band;LOESS / LOWESS smoother;ROC curve;Feature importance plot;Spline / GAM partial effect plot;Calibration plot;Bland-Altman plot;Residual vs fitted plot;Added-variable plot;Marginal effects plot;Interaction plot;Nomogram;Precision-recall curve;Decision curve analysis;Lift chart / cumulative gains chart;SHAP beeswarm plot;SHAP force / waterfall plot;Partial depende
P757,Propensity score overlap plot,common support plot,F31 Social science & econometrics,S22,Model output vs observed,D,Data-driven,domain-signature,standard,HM;SH,epidemiology;econometrics,cobalt; MatchIt; WeightIt,62,Regression line with confidence band;LOESS / LOWESS smoother;ROC curve;Feature importance plot;Spline / GAM partial effect plot;Calibration plot;Bland-Altman plot;Residual vs fitted plot;Added-variable plot;Marginal effects plot;Interaction plot;Nomogram;Precision-recall curve;Decision curve analysis;Lift chart / cumulative gains chart;SHAP beeswarm plot;SHAP force / waterfall plot;Partial depende
P758,E-value / sensitivity contour plot,,F31 Social science & econometrics,S22,Model output vs observed,D,Data-driven,niche,stub,HM,epidemiology,EValue; sensemakr,62,Regression line with confidence band;LOESS / LOWESS smoother;ROC curve;Feature importance plot;Spline / GAM partial effect plot;Calibration plot;Bland-Altman plot;Residual vs fitted plot;Added-variable plot;Marginal effects plot;Interaction plot;Nomogram;Precision-recall curve;Decision curve analysis;Lift chart / cumulative gains chart;SHAP beeswarm plot;SHAP force / waterfall plot;Partial depende
P759,Item characteristic curve,IRT trace line,F31 Social science & econometrics,S20,Instrument trace (signal vs time),D,Data-driven,domain-signature,deep,SH;HM,psychology;education,mirt; ltm; catR,27,Actogram;Eye diagram;Sanger sequencing chromatogram;Bioanalyzer / TapeStation trace;Capillary electrophoresis electropherogram;FRAP recovery curve;qPCR amplification curve;SPR sensorgram;Thermal shift melt curve;Seahorse OCR/ECAR trace;xCELLigence impedance trace;Patch-clamp trace;EEG multichannel trace;EEG topographic scalp map;ERP waveform plot;Time-frequency / ERSP plot;EMG trace;Actigraphy / a
P760,Test information function plot,,F31 Social science & econometrics,S22,Model output vs observed,D,Data-driven,domain-signature,standard,SH,education;psychology,mirt,62,Regression line with confidence band;LOESS / LOWESS smoother;ROC curve;Feature importance plot;Spline / GAM partial effect plot;Calibration plot;Bland-Altman plot;Residual vs fitted plot;Added-variable plot;Marginal effects plot;Interaction plot;Nomogram;Precision-recall curve;Decision curve analysis;Lift chart / cumulative gains chart;SHAP beeswarm plot;SHAP force / waterfall plot;Partial depende
P761,Wright map,person-item map,F31 Social science & econometrics,S16,Values attached to geography,D,Data-driven,domain-signature,standard,SH,education;psychology,WrightMap; eRm,62,Choropleth map;Proportional symbol map;LISA cluster map;Small-multiple map series;Flow map;Metabolic flux map;Enrichment map;Bivariate choropleth;Cartogram;Dot density map;Isopleth map;Kernel density surface map;Hexbin map;Connection map;Origin-destination flow map;Isochrone map;Voronoi / Thiessen polygon map;Moran scatterplot;Semivariogram;Kriging interpolation surface;Spatial scan cluster map;St
P762,Differential item functioning plot,,F31 Social science & econometrics,S22,Model output vs observed,D,Data-driven,domain-signature,standard,SH,education;psychology,difR; lordif,62,Regression line with confidence band;LOESS / LOWESS smoother;ROC curve;Feature importance plot;Spline / GAM partial effect plot;Calibration plot;Bland-Altman plot;Residual vs fitted plot;Added-variable plot;Marginal effects plot;Interaction plot;Nomogram;Precision-recall curve;Decision curve analysis;Lift chart / cumulative gains chart;SHAP beeswarm plot;SHAP force / waterfall plot;Partial depende
P763,Conjoint AMCE plot,,F31 Social science & econometrics,S22,Model output vs observed,D,Data-driven,domain-signature,standard,SH,political-science;marketing,cregg; cjoint,62,Regression line with confidence band;LOESS / LOWESS smoother;ROC curve;Feature importance plot;Spline / GAM partial effect plot;Calibration plot;Bland-Altman plot;Residual vs fitted plot;Added-variable plot;Marginal effects plot;Interaction plot;Nomogram;Precision-recall curve;Decision curve analysis;Lift chart / cumulative gains chart;SHAP beeswarm plot;SHAP force / waterfall plot;Partial depende
P764,Blockmodel image matrix,,F31 Social science & econometrics,S13,Nodes and edges,D,Data-driven,domain-signature,standard,SH;XM,sociology;network-science,sna; blockmodeling,24,Node-link network diagram;Chord diagram;Force-directed graph;Arc diagram;Adjacency matrix plot;Hive plot;Bipartite network plot;Transmission tree;Pathway diagram;Gene regulatory network plot;Protein-protein interaction network;Haplotype network;Psychometric network plot;Emissions / scenario pathway plot;Connectogram;Sociogram;Migration flow chord / circular plot;Correlation network (assets);Non-ri
P765,Sociogram,,F31 Social science & econometrics,S13,Nodes and edges,D,Data-driven,domain-signature,standard,SH,sociology;education,igraph; RSiena; Gephi,24,Node-link network diagram;Chord diagram;Force-directed graph;Arc diagram;Adjacency matrix plot;Hive plot;Bipartite network plot;Transmission tree;Pathway diagram;Gene regulatory network plot;Protein-protein interaction network;Haplotype network;Psychometric network plot;Emissions / scenario pathway plot;Connectogram;Blockmodel image matrix;Migration flow chord / circular plot;Correlation network (
P766,Migration flow chord / circular plot,,F31 Social science & econometrics,S13,Nodes and edges,D,Data-driven,domain-signature,standard,SH,demography;human-geography,circlize; migest,24,Node-link network diagram;Chord diagram;Force-directed graph;Arc diagram;Adjacency matrix plot;Hive plot;Bipartite network plot;Transmission tree;Pathway diagram;Gene regulatory network plot;Protein-protein interaction network;Haplotype network;Psychometric network plot;Emissions / scenario pathway plot;Connectogram;Blockmodel image matrix;Sociogram;Correlation network (assets);Non-ribbon chord di
P767,Survey-weighted estimate plot,design-based CI plot,F31 Social science & econometrics,S03,Two continuous variables,D,Data-driven,domain-signature,standard,SH;HM,public-health;sociology,survey; srvyr; ggsurvey,56,Marginal histogram plot;Scatter plot;Bubble chart;Van Krevelen diagram;Heat scatter / density scatter;Volcano plot;Pearce discrimination diagram;Bode plot;Pole-zero plot;Reaction coordinate diagram;Arrhenius plot;Van 't Hoff plot;Well log plot;Pollen diagram;Microfossil stratigraphic diagram;Age-depth model plot;Tree-ring chronology plot;Ice core isotope depth profile;Stable isotope cross plot;Kee
P768,Co-citation network map,,F31 Social science & econometrics,S16,Values attached to geography,D,Data-driven,domain-signature,standard,XM;SH,scientometrics,bibliometrix; VOSviewer; CiteSpace,62,Choropleth map;Proportional symbol map;LISA cluster map;Small-multiple map series;Flow map;Metabolic flux map;Enrichment map;Bivariate choropleth;Cartogram;Dot density map;Isopleth map;Kernel density surface map;Hexbin map;Connection map;Origin-destination flow map;Isochrone map;Voronoi / Thiessen polygon map;Moran scatterplot;Semivariogram;Kriging interpolation surface;Spatial scan cluster map;St
P769,Co-authorship / collaboration map,,F31 Social science & econometrics,S16,Values attached to geography,D,Data-driven,niche,stub,XM,scientometrics,VOSviewer; bibliometrix,62,Choropleth map;Proportional symbol map;LISA cluster map;Small-multiple map series;Flow map;Metabolic flux map;Enrichment map;Bivariate choropleth;Cartogram;Dot density map;Isopleth map;Kernel density surface map;Hexbin map;Connection map;Origin-destination flow map;Isochrone map;Voronoi / Thiessen polygon map;Moran scatterplot;Semivariogram;Kriging interpolation surface;Spatial scan cluster map;St
P770,Keyword co-occurrence map,,F31 Social science & econometrics,S16,Values attached to geography,D,Data-driven,niche,stub,XM,scientometrics,VOSviewer; bibliometrix,62,Choropleth map;Proportional symbol map;LISA cluster map;Small-multiple map series;Flow map;Metabolic flux map;Enrichment map;Bivariate choropleth;Cartogram;Dot density map;Isopleth map;Kernel density surface map;Hexbin map;Connection map;Origin-destination flow map;Isochrone map;Voronoi / Thiessen polygon map;Moran scatterplot;Semivariogram;Kriging interpolation surface;Spatial scan cluster map;St
P771,Bradford's law plot,,F31 Social science & econometrics,S01,One continuous variable,D,Data-driven,niche,stub,XM,scientometrics,bibliometrix,44,Histogram;Density plot;Empirical CDF plot;Q-Q plot;Stem-and-leaf plot;Rug plot;Frequency polygon;Normal probability plot;Pareto chart;Spike histogram;Histogram with fitted distribution overlay;Cumulative frequency curve;GWAS Q-Q plot;Mutational signature plot;Sequence logo;Alpha diversity plot;Rarefaction curve;Species accumulation curve;Rank-abundance curve;Stratigraphic column;Gutenberg-Richter 
P772,Lotka's law plot,,F31 Social science & econometrics,S01,One continuous variable,D,Data-driven,niche,stub,XM,scientometrics,bibliometrix,44,Histogram;Density plot;Empirical CDF plot;Q-Q plot;Stem-and-leaf plot;Rug plot;Frequency polygon;Normal probability plot;Pareto chart;Spike histogram;Histogram with fitted distribution overlay;Cumulative frequency curve;GWAS Q-Q plot;Mutational signature plot;Sequence logo;Alpha diversity plot;Rarefaction curve;Species accumulation curve;Rank-abundance curve;Stratigraphic column;Gutenberg-Richter 
P773,Citation burst plot,,F31 Social science & econometrics,S22,Model output vs observed,D,Data-driven,niche,stub,XM,scientometrics,CiteSpace,62,Regression line with confidence band;LOESS / LOWESS smoother;ROC curve;Feature importance plot;Spline / GAM partial effect plot;Calibration plot;Bland-Altman plot;Residual vs fitted plot;Added-variable plot;Marginal effects plot;Interaction plot;Nomogram;Precision-recall curve;Decision curve analysis;Lift chart / cumulative gains chart;SHAP beeswarm plot;SHAP force / waterfall plot;Partial depende
P774,Three-fields Sankey (bibliometrix),,F31 Social science & econometrics,S15,Flows between states,D,Data-driven,niche,stub,XM,scientometrics,bibliometrix,9,Sankey diagram;Alluvial diagram;Parallel sets;PRISMA flow diagram;Care cascade plot;Land use change Sankey;Funnel chart;Cumulative flow diagram;CONSORT flow diagram
P775,Funnel chart,conversion funnel,"F32 Business, finance & ops",S15,Flows between states,D,Data-driven,domain-signature,standard,SH,marketing;business-management,plotly; ggplot2,9,Sankey diagram;Alluvial diagram;Parallel sets;PRISMA flow diagram;Care cascade plot;Land use change Sankey;Cumulative flow diagram;CONSORT flow diagram;Three-fields Sankey (bibliometrix)
P776,Cohort retention heatmap,,"F32 Business, finance & ops",S12,Pairwise matrix,D,Data-driven,domain-signature,standard,SH,marketing;business-management,ggplot2; pandas,15,Heatmap (categorical matrix);Correlogram;Calendar heatmap;Autocorrelation plot;Confusion matrix heatmap;Clustered expression heatmap;Spiral plot;Oncoprint;Mass cytometry (CyTOF) heatmap;Antibiogram heatmap;Brain connectivity matrix;Bertin reorderable matrix;Sample-sample distance heatmap;Single-cell dot plot;RFM segmentation heatmap
P777,RFM segmentation heatmap,,"F32 Business, finance & ops",S12,Pairwise matrix,D,Data-driven,niche,stub,SH,marketing,ggplot2,15,Heatmap (categorical matrix);Correlogram;Calendar heatmap;Autocorrelation plot;Confusion matrix heatmap;Clustered expression heatmap;Spiral plot;Oncoprint;Mass cytometry (CyTOF) heatmap;Antibiogram heatmap;Brain connectivity matrix;Cohort retention heatmap;Bertin reorderable matrix;Sample-sample distance heatmap;Single-cell dot plot
P778,BCG growth-share matrix,,"F32 Business, finance & ops",S08,Time series,D,Data-driven,niche,stub,SH,business-management,ggplot2,69,Line chart;Multi-series line chart;Area chart;Stacked area chart;Step chart;Gantt chart;Timeline;Control chart;Recurrence plot;Bump chart;Stream graph;Sparkline;Horizon chart;Cycle plot;Seasonal decomposition plot;Run chart;Moving average overlay chart;Lexis diagram;Marey chart;Fan chart;Epidemic curve;Compartmental model trajectory plot;Age-period-cohort plot;Life table survival plot;Pseudotime t
P779,Efficient frontier plot,,"F32 Business, finance & ops",S03,Two continuous variables,D,Data-driven,niche,stub,SH,finance,PortfolioAnalytics; PyPortfolioOpt,56,Marginal histogram plot;Scatter plot;Bubble chart;Van Krevelen diagram;Heat scatter / density scatter;Volcano plot;Pearce discrimination diagram;Bode plot;Pole-zero plot;Reaction coordinate diagram;Arrhenius plot;Van 't Hoff plot;Well log plot;Pollen diagram;Microfossil stratigraphic diagram;Age-depth model plot;Tree-ring chronology plot;Ice core isotope depth profile;Stable isotope cross plot;Kee
P780,Drawdown chart,underwater plot,"F32 Business, finance & ops",S08,Time series,D,Data-driven,niche,stub,SH,finance,PerformanceAnalytics; quantstats,69,Line chart;Multi-series line chart;Area chart;Stacked area chart;Step chart;Gantt chart;Timeline;Control chart;Recurrence plot;Bump chart;Stream graph;Sparkline;Horizon chart;Cycle plot;Seasonal decomposition plot;Run chart;Moving average overlay chart;Lexis diagram;Marey chart;Fan chart;Epidemic curve;Compartmental model trajectory plot;Age-period-cohort plot;Life table survival plot;Pseudotime t
P781,Risk-return scatter,,"F32 Business, finance & ops",S03,Two continuous variables,D,Data-driven,niche,stub,SH,finance,PerformanceAnalytics,56,Marginal histogram plot;Scatter plot;Bubble chart;Van Krevelen diagram;Heat scatter / density scatter;Volcano plot;Pearce discrimination diagram;Bode plot;Pole-zero plot;Reaction coordinate diagram;Arrhenius plot;Van 't Hoff plot;Well log plot;Pollen diagram;Microfossil stratigraphic diagram;Age-depth model plot;Tree-ring chronology plot;Ice core isotope depth profile;Stable isotope cross plot;Kee
P782,Correlation network (assets),,"F32 Business, finance & ops",S13,Nodes and edges,D,Data-driven,domain-signature,standard,SH;XM,finance;network-science,igraph; corrplot,24,Node-link network diagram;Chord diagram;Force-directed graph;Arc diagram;Adjacency matrix plot;Hive plot;Bipartite network plot;Transmission tree;Pathway diagram;Gene regulatory network plot;Protein-protein interaction network;Haplotype network;Psychometric network plot;Emissions / scenario pathway plot;Connectogram;Blockmodel image matrix;Sociogram;Migration flow chord / circular plot;Non-ribbon 
P783,Value-at-risk distribution plot,,"F32 Business, finance & ops",S01,One continuous variable,D,Data-driven,niche,stub,SH,finance,PerformanceAnalytics; quantstats,44,Histogram;Density plot;Empirical CDF plot;Q-Q plot;Stem-and-leaf plot;Rug plot;Frequency polygon;Normal probability plot;Pareto chart;Spike histogram;Histogram with fitted distribution overlay;Cumulative frequency curve;GWAS Q-Q plot;Mutational signature plot;Sequence logo;Alpha diversity plot;Rarefaction curve;Species accumulation curve;Rank-abundance curve;Stratigraphic column;Gutenberg-Richter 
P784,Yield curve plot,term structure plot,"F32 Business, finance & ops",S08,Time series,D,Data-driven,domain-signature,deep,SH,finance;economics,ggplot2; YieldCurve,69,Line chart;Multi-series line chart;Area chart;Stacked area chart;Step chart;Gantt chart;Timeline;Control chart;Recurrence plot;Bump chart;Stream graph;Sparkline;Horizon chart;Cycle plot;Seasonal decomposition plot;Run chart;Moving average overlay chart;Lexis diagram;Marey chart;Fan chart;Epidemic curve;Compartmental model trajectory plot;Age-period-cohort plot;Life table survival plot;Pseudotime t
P785,Order book depth chart,,"F32 Business, finance & ops",S08,Time series,D,Data-driven,niche,stub,SH,finance,plotly; matplotlib,69,Line chart;Multi-series line chart;Area chart;Stacked area chart;Step chart;Gantt chart;Timeline;Control chart;Recurrence plot;Bump chart;Stream graph;Sparkline;Horizon chart;Cycle plot;Seasonal decomposition plot;Run chart;Moving average overlay chart;Lexis diagram;Marey chart;Fan chart;Epidemic curve;Compartmental model trajectory plot;Age-period-cohort plot;Life table survival plot;Pseudotime t
P786,Cumulative flow diagram,,"F32 Business, finance & ops",S15,Flows between states,D,Data-driven,domain-signature,standard,SH,operations;business-management,ggplot2; Jira,9,Sankey diagram;Alluvial diagram;Parallel sets;PRISMA flow diagram;Care cascade plot;Land use change Sankey;Funnel chart;CONSORT flow diagram;Three-fields Sankey (bibliometrix)
P787,Burndown / burnup chart,,"F32 Business, finance & ops",S08,Time series,D,Data-driven,niche,stub,SH,operations,ggplot2; Jira,69,Line chart;Multi-series line chart;Area chart;Stacked area chart;Step chart;Gantt chart;Timeline;Control chart;Recurrence plot;Bump chart;Stream graph;Sparkline;Horizon chart;Cycle plot;Seasonal decomposition plot;Run chart;Moving average overlay chart;Lexis diagram;Marey chart;Fan chart;Epidemic curve;Compartmental model trajectory plot;Age-period-cohort plot;Life table survival plot;Pseudotime t
P788,Value stream map,,"F32 Business, finance & ops",S16,Values attached to geography,C,Conceptual / schematic,niche,stub,SH,operations,Visio; Lucidchart,62,Choropleth map;Proportional symbol map;LISA cluster map;Small-multiple map series;Flow map;Metabolic flux map;Enrichment map;Bivariate choropleth;Cartogram;Dot density map;Isopleth map;Kernel density surface map;Hexbin map;Connection map;Origin-destination flow map;Isochrone map;Voronoi / Thiessen polygon map;Moran scatterplot;Semivariogram;Kriging interpolation surface;Spatial scan cluster map;St
P789,Queueing / capacity utilisation plot,,"F32 Business, finance & ops",S16,Values attached to geography,D,Data-driven,domain-signature,standard,SH;PE,operations-research,queueing; simmer,62,Choropleth map;Proportional symbol map;LISA cluster map;Small-multiple map series;Flow map;Metabolic flux map;Enrichment map;Bivariate choropleth;Cartogram;Dot density map;Isopleth map;Kernel density surface map;Hexbin map;Connection map;Origin-destination flow map;Isochrone map;Voronoi / Thiessen polygon map;Moran scatterplot;Semivariogram;Kriging interpolation surface;Spatial scan cluster map;St
P790,Supply chain network map,,"F32 Business, finance & ops",S16,Values attached to geography,D,Data-driven,domain-signature,standard,SH,operations;human-geography,igraph; sf,62,Choropleth map;Proportional symbol map;LISA cluster map;Small-multiple map series;Flow map;Metabolic flux map;Enrichment map;Bivariate choropleth;Cartogram;Dot density map;Isopleth map;Kernel density surface map;Hexbin map;Connection map;Origin-destination flow map;Isochrone map;Voronoi / Thiessen polygon map;Moran scatterplot;Semivariogram;Kriging interpolation surface;Spatial scan cluster map;St
P791,Pareto/ABC inventory curve,,"F32 Business, finance & ops",S08,Time series,D,Data-driven,niche,stub,SH,operations,ggplot2,69,Line chart;Multi-series line chart;Area chart;Stacked area chart;Step chart;Gantt chart;Timeline;Control chart;Recurrence plot;Bump chart;Stream graph;Sparkline;Horizon chart;Cycle plot;Seasonal decomposition plot;Run chart;Moving average overlay chart;Lexis diagram;Marey chart;Fan chart;Epidemic curve;Compartmental model trajectory plot;Age-period-cohort plot;Life table survival plot;Pseudotime t
P792,KPI card / big number tile,,"F32 Business, finance & ops",S05,One summary value per category,D,Data-driven,domain-signature,standard,SH;HM,business-management,flexdashboard; Shiny; Tableau,28,Bar chart;Grouped bar chart;Lollipop chart;Cleveland dot plot;Mosaic plot;Small multiples;Diverging bar chart;Nightingale rose chart;Waterfall chart;Pictogram chart;Population pyramid;Equiplot;Gauge chart;GSEA enrichment plot;Lollipop mutation plot;Ecological niche overlap plot;Mark-recapture survival plot;Bullet graph;Radial bar chart;Spine plot;Tally chart;Wrapped bar chart;Piled bar chart;Diffe
P793,Flow chart,process flow diagram,F33 Conceptual & schematic,S27,Schematic (no data),C,Conceptual / schematic,universal,deep,ALL,computer-science;operations,DiagrammeR; mermaid; Graphviz; draw.io,25,Directed acyclic graph;Molecular orbital diagram;Jablonski diagram;Feynman diagram;Energy level diagram;Ishikawa diagram;Experimental design schematic;Mechanism / signalling pathway cartoon;Anatomical / physiological diagram;Causal loop diagram;Logic model / theory of change;Conceptual framework diagram;Engineering drawing / CAD orthographic view;Free-body diagram;Bathtub curve;Ray diagram;Geologi
P794,Mind map,concept map,F33 Conceptual & schematic,S27,Schematic (no data),C,Conceptual / schematic,niche,stub,SH,education,XMind; mermaid; Graphviz,25,Flow chart;Directed acyclic graph;Molecular orbital diagram;Jablonski diagram;Feynman diagram;Energy level diagram;Ishikawa diagram;Experimental design schematic;Mechanism / signalling pathway cartoon;Anatomical / physiological diagram;Causal loop diagram;Logic model / theory of change;Conceptual framework diagram;Engineering drawing / CAD orthographic view;Free-body diagram;Bathtub curve;Ray diag
P795,Ishikawa diagram,fishbone; cause-and-effect diagram,F33 Conceptual & schematic,S27,Schematic (no data),C,Conceptual / schematic,domain-signature,standard,SH;PE,quality-control;operations,qcc::cause.and.effect; Visio,25,Flow chart;Directed acyclic graph;Molecular orbital diagram;Jablonski diagram;Feynman diagram;Energy level diagram;Experimental design schematic;Mechanism / signalling pathway cartoon;Anatomical / physiological diagram;Causal loop diagram;Logic model / theory of change;Conceptual framework diagram;Engineering drawing / CAD orthographic view;Free-body diagram;Bathtub curve;Ray diagram;Geological cr
P796,Organisational chart,organogram,F33 Conceptual & schematic,S14,Hierarchy,C,Conceptual / schematic,niche,stub,SH,business-management,DiagrammeR; mermaid,14,Treemap;Dendrogram;Decision tree diagram;Sunburst diagram;Circle packing;Icicle plot;Phylogenetic tree;Time-scaled phylogeny;Tree diagram;Pedigree chart;Krona chart;Gating strategy figure;LEfSe cladogram;Retrosynthesis tree
P797,Entity-relationship diagram,ERD,F33 Conceptual & schematic,S27,Schematic (no data),C,Conceptual / schematic,niche,stub,XM,computer-science,mermaid; dbdiagram; Graphviz,25,Flow chart;Directed acyclic graph;Molecular orbital diagram;Jablonski diagram;Feynman diagram;Energy level diagram;Ishikawa diagram;Experimental design schematic;Mechanism / signalling pathway cartoon;Anatomical / physiological diagram;Causal loop diagram;Logic model / theory of change;Conceptual framework diagram;Engineering drawing / CAD orthographic view;Free-body diagram;Bathtub curve;Ray diag
P798,UML class / sequence diagram,,F33 Conceptual & schematic,S27,Schematic (no data),C,Conceptual / schematic,niche,stub,XM,computer-science,PlantUML; mermaid,25,Flow chart;Directed acyclic graph;Molecular orbital diagram;Jablonski diagram;Feynman diagram;Energy level diagram;Ishikawa diagram;Experimental design schematic;Mechanism / signalling pathway cartoon;Anatomical / physiological diagram;Causal loop diagram;Logic model / theory of change;Conceptual framework diagram;Engineering drawing / CAD orthographic view;Free-body diagram;Bathtub curve;Ray diag
P799,Experimental design schematic,study workflow figure,F33 Conceptual & schematic,S27,Schematic (no data),C,Conceptual / schematic,domain-signature,standard,LS;HM,biological-techniques;clinical-trials,BioRender; Illustrator; Inkscape,25,Flow chart;Directed acyclic graph;Molecular orbital diagram;Jablonski diagram;Feynman diagram;Energy level diagram;Ishikawa diagram;Mechanism / signalling pathway cartoon;Anatomical / physiological diagram;Causal loop diagram;Logic model / theory of change;Conceptual framework diagram;Engineering drawing / CAD orthographic view;Free-body diagram;Bathtub curve;Ray diagram;Geological cross-section;S
P800,Mechanism / signalling pathway cartoon,,F33 Conceptual & schematic,S27,Schematic (no data),C,Conceptual / schematic,domain-signature,standard,LS;HM,molecular-cell;systems-biology,BioRender; Illustrator; ChemDraw,25,Flow chart;Directed acyclic graph;Molecular orbital diagram;Jablonski diagram;Feynman diagram;Energy level diagram;Ishikawa diagram;Experimental design schematic;Anatomical / physiological diagram;Causal loop diagram;Logic model / theory of change;Conceptual framework diagram;Engineering drawing / CAD orthographic view;Free-body diagram;Bathtub curve;Ray diagram;Geological cross-section;Soil profi
P801,Reaction scheme,arrow-pushing mechanism diagram,F33 Conceptual & schematic,S27,Schematic (no data),C,Conceptual / schematic,niche,stub,PE,chem-organic,ChemDraw; MarvinSketch; RDKit,25,Flow chart;Directed acyclic graph;Molecular orbital diagram;Jablonski diagram;Feynman diagram;Energy level diagram;Ishikawa diagram;Experimental design schematic;Mechanism / signalling pathway cartoon;Anatomical / physiological diagram;Causal loop diagram;Logic model / theory of change;Conceptual framework diagram;Engineering drawing / CAD orthographic view;Free-body diagram;Bathtub curve;Ray diag
P802,Retrosynthesis tree,,F33 Conceptual & schematic,S14,Hierarchy,C,Conceptual / schematic,niche,stub,PE,chem-organic,ChemDraw; ASKCOS,14,Treemap;Dendrogram;Decision tree diagram;Sunburst diagram;Circle packing;Icicle plot;Phylogenetic tree;Time-scaled phylogeny;Tree diagram;Pedigree chart;Krona chart;Gating strategy figure;LEfSe cladogram;Organisational chart
P803,Anatomical / physiological diagram,,F33 Conceptual & schematic,S27,Schematic (no data),C,Conceptual / schematic,domain-signature,standard,HM,anatomy-physiology;nursing-midwifery,BioRender; Servier Medical Art,25,Flow chart;Directed acyclic graph;Molecular orbital diagram;Jablonski diagram;Feynman diagram;Energy level diagram;Ishikawa diagram;Experimental design schematic;Mechanism / signalling pathway cartoon;Causal loop diagram;Logic model / theory of change;Conceptual framework diagram;Engineering drawing / CAD orthographic view;Free-body diagram;Bathtub curve;Ray diagram;Geological cross-section;Soil p
P804,Causal loop diagram,system dynamics diagram,F33 Conceptual & schematic,S27,Schematic (no data),C,Conceptual / schematic,domain-signature,standard,SH;EE,simulation;public-policy,Vensim; Stella; DiagrammeR,25,Flow chart;Directed acyclic graph;Molecular orbital diagram;Jablonski diagram;Feynman diagram;Energy level diagram;Ishikawa diagram;Experimental design schematic;Mechanism / signalling pathway cartoon;Anatomical / physiological diagram;Logic model / theory of change;Conceptual framework diagram;Engineering drawing / CAD orthographic view;Free-body diagram;Bathtub curve;Ray diagram;Geological cross
P805,Logic model / theory of change,,F33 Conceptual & schematic,S27,Schematic (no data),C,Conceptual / schematic,domain-signature,standard,SH;HM,public-policy;public-health,DiagrammeR; Visio,25,Flow chart;Directed acyclic graph;Molecular orbital diagram;Jablonski diagram;Feynman diagram;Energy level diagram;Ishikawa diagram;Experimental design schematic;Mechanism / signalling pathway cartoon;Anatomical / physiological diagram;Causal loop diagram;Conceptual framework diagram;Engineering drawing / CAD orthographic view;Free-body diagram;Bathtub curve;Ray diagram;Geological cross-section;So
P806,Conceptual framework diagram,,F33 Conceptual & schematic,S27,Schematic (no data),C,Conceptual / schematic,domain-signature,standard,SH,sociology;education,DiagrammeR; Illustrator,25,Flow chart;Directed acyclic graph;Molecular orbital diagram;Jablonski diagram;Feynman diagram;Energy level diagram;Ishikawa diagram;Experimental design schematic;Mechanism / signalling pathway cartoon;Anatomical / physiological diagram;Causal loop diagram;Logic model / theory of change;Engineering drawing / CAD orthographic view;Free-body diagram;Bathtub curve;Ray diagram;Geological cross-section;
P807,SWOT / 2x2 matrix,,F33 Conceptual & schematic,S27,Schematic (no data),C,Conceptual / schematic,niche,stub,SH,business-management,ggplot2; Visio,25,Flow chart;Directed acyclic graph;Molecular orbital diagram;Jablonski diagram;Feynman diagram;Energy level diagram;Ishikawa diagram;Experimental design schematic;Mechanism / signalling pathway cartoon;Anatomical / physiological diagram;Causal loop diagram;Logic model / theory of change;Conceptual framework diagram;Engineering drawing / CAD orthographic view;Free-body diagram;Bathtub curve;Ray diag
P808,Circuit diagram,schematic,F33 Conceptual & schematic,S27,Schematic (no data),C,Conceptual / schematic,niche,stub,PE,elec-engineering,KiCad; CircuiTikZ; Fritzing,25,Flow chart;Directed acyclic graph;Molecular orbital diagram;Jablonski diagram;Feynman diagram;Energy level diagram;Ishikawa diagram;Experimental design schematic;Mechanism / signalling pathway cartoon;Anatomical / physiological diagram;Causal loop diagram;Logic model / theory of change;Conceptual framework diagram;Engineering drawing / CAD orthographic view;Free-body diagram;Bathtub curve;Ray diag
P809,Engineering drawing / CAD orthographic view,,F33 Conceptual & schematic,S27,Schematic (no data),C,Conceptual / schematic,domain-signature,standard,PE,mech-engineering;civil-engineering,SolidWorks; AutoCAD; FreeCAD,25,Flow chart;Directed acyclic graph;Molecular orbital diagram;Jablonski diagram;Feynman diagram;Energy level diagram;Ishikawa diagram;Experimental design schematic;Mechanism / signalling pathway cartoon;Anatomical / physiological diagram;Causal loop diagram;Logic model / theory of change;Conceptual framework diagram;Free-body diagram;Bathtub curve;Ray diagram;Geological cross-section;Soil profile di
P810,Free-body diagram,,F33 Conceptual & schematic,S27,Schematic (no data),C,Conceptual / schematic,domain-signature,standard,PE,mech-engineering;physics-general,TikZ; Illustrator,25,Flow chart;Directed acyclic graph;Molecular orbital diagram;Jablonski diagram;Feynman diagram;Energy level diagram;Ishikawa diagram;Experimental design schematic;Mechanism / signalling pathway cartoon;Anatomical / physiological diagram;Causal loop diagram;Logic model / theory of change;Conceptual framework diagram;Engineering drawing / CAD orthographic view;Bathtub curve;Ray diagram;Geological cro
P811,Bertin reorderable matrix,,F33 Conceptual & schematic,S12,Pairwise matrix,D,Data-driven,domain-signature,standard,XM;SH,data-science;sociology,seriation; Bertifier,15,Heatmap (categorical matrix);Correlogram;Calendar heatmap;Autocorrelation plot;Confusion matrix heatmap;Clustered expression heatmap;Spiral plot;Oncoprint;Mass cytometry (CyTOF) heatmap;Antibiogram heatmap;Brain connectivity matrix;Cohort retention heatmap;Sample-sample distance heatmap;Single-cell dot plot;RFM segmentation heatmap
P812,Storyline / narrative chart,,F33 Conceptual & schematic,S08,Time series,D,Data-driven,domain-signature,standard,SH,media-studies;digital-humanities,d3; storyline packages,69,Line chart;Multi-series line chart;Area chart;Stacked area chart;Step chart;Gantt chart;Timeline;Control chart;Recurrence plot;Bump chart;Stream graph;Sparkline;Horizon chart;Cycle plot;Seasonal decomposition plot;Run chart;Moving average overlay chart;Lexis diagram;Marey chart;Fan chart;Epidemic curve;Compartmental model trajectory plot;Age-period-cohort plot;Life table survival plot;Pseudotime t
P813,Percentage depth dose curve,PDD curve; depth dose curve; central axis depth dose,F34 Radiotherapy & dosimetry,S30,Characteristic curve (measured response vs a controlled variable),H,"Hybrid (instrument output, software-rendered)",niche,standard,HM;PE,medical-physics;radiation-oncology,pymedphys; matplotlib; scikit-rt,23,Tafel plot;Cyclic voltammogram;Electrochemical impedance Nyquist plot;Galvanostatic charge-discharge curve;Differential capacity plot;Stress-strain curve;S-N curve;Creep curve;Nanoindentation load-dis
P814,Isodose curve,isodose distribution; isodose plot,F34 Radiotherapy & dosimetry,S25,Surface over a two-dimensional domain,H,"Hybrid (instrument output, software-rendered)",niche,standard,HM;PE,medical-physics;radiation-oncology,matplotlib.contour; pymedphys; platipy; dicompyler-core,12,Hexbin plot;2-D density plot;Contour plot;3-D surface plot;Wireframe plot;Vector field plot;Streamline plot;Hovmoller diagram;Exposure-lag-response surface;2-D NMR contour plot;Fence diagram;Gamma ind
P815,Dose-volume histogram,DVH; cumulative DVH,F34 Radiotherapy & dosimetry,S01,One continuous variable,D,Data-driven,niche,standard,HM;PE,radiation-oncology;medical-physics,DVHmetrics::showDVH; RadOnc; dicompyler-core; pymedphys,44,Histogram;Density plot;Frequency polygon;Empirical CDF plot;Q-Q plot;P-P plot;Normal probability plot;Stem-and-leaf plot;Rug plot;Pareto chart;Hanging rootogram;Spike histogram;Histogram with fitted d
P816,Differential dose-volume histogram,differential DVH; dDVH,F34 Radiotherapy & dosimetry,S01,One continuous variable,D,Data-driven,niche,standard,HM;PE,radiation-oncology;medical-physics,DVHmetrics::showDVH(cumul = FALSE); dicompyler-core; matplotlib,44,Histogram;Density plot;Frequency polygon;Empirical CDF plot;Q-Q plot;P-P plot;Normal probability plot;Stem-and-leaf plot;Rug plot;Pareto chart;Hanging rootogram;Spike histogram;Histogram with fitted d
P817,Radiation beam profile,lateral dose profile; cross-plane profile; off-axis ratio curve,F34 Radiotherapy & dosimetry,S30,Characteristic curve (measured response vs a controlled variable),H,"Hybrid (instrument output, software-rendered)",niche,standard,HM;PE,medical-physics,pymedphys; matplotlib; scikit-rt,23,Tafel plot;Cyclic voltammogram;Electrochemical impedance Nyquist plot;Galvanostatic charge-discharge curve;Differential capacity plot;Stress-strain curve;S-N curve;Creep curve;Nanoindentation load-dis
P818,Bragg peak curve,proton depth dose; particle depth dose,F34 Radiotherapy & dosimetry,S30,Characteristic curve (measured response vs a controlled variable),H,"Hybrid (instrument output, software-rendered)",niche,standard,PE;HM,medical-physics;particle-nuclear,matplotlib; scipy; pymedphys,23,Tafel plot;Cyclic voltammogram;Electrochemical impedance Nyquist plot;Galvanostatic charge-discharge curve;Differential capacity plot;Stress-strain curve;S-N curve;Creep curve;Nanoindentation load-dis
P819,Spread-out Bragg peak,SOBP,F34 Radiotherapy & dosimetry,S30,Characteristic curve (measured response vs a controlled variable),D,Data-driven,niche,standard,PE;HM,medical-physics;radiation-oncology,numpy; scipy.optimize.nnls; matplotlib,23,Tafel plot;Cyclic voltammogram;Electrochemical impedance Nyquist plot;Galvanostatic charge-discharge curve;Differential capacity plot;Stress-strain curve;S-N curve;Creep curve;Nanoindentation load-dis
P820,Gamma index map,gamma analysis map; gamma evaluation,F34 Radiotherapy & dosimetry,S25,Surface over a two-dimensional domain,D,Data-driven,niche,standard,HM;PE,medical-physics;radiation-oncology,pymedphys.gamma; matplotlib; scikit-rt,12,Hexbin plot;2-D density plot;Contour plot;3-D surface plot;Wireframe plot;Vector field plot;Streamline plot;Hovmoller diagram;Exposure-lag-response surface;2-D NMR contour plot;Fence diagram;Isodose c
P821,Tumour control probability curve,TCP curve,F34 Radiotherapy & dosimetry,S22,Model output vs observed,D,Data-driven,niche,standard,HM;PE,radiation-oncology;medical-physics,drc::drm; scipy.optimize.curve_fit; matplotlib,62,Bland-Altman plot;Deming/Passing-Bablok regression plot;Regression line with confidence band;LOESS / LOWESS smoother;Residual vs fitted plot;Scale-location plot;Cook's distance plot;Leverage / influen
P822,Normal tissue complication probability curve,NTCP curve; Lyman-Kutcher-Burman curve,F34 Radiotherapy & dosimetry,S22,Model output vs observed,D,Data-driven,niche,standard,HM;PE,radiation-oncology;medical-physics,scipy.stats.norm; drc::drm; matplotlib,62,Bland-Altman plot;Deming/Passing-Bablok regression plot;Regression line with confidence band;LOESS / LOWESS smoother;Residual vs fitted plot;Scale-location plot;Cook's distance plot;Leverage / influen
P823,Linac output constancy chart,machine QA chart; linac daily output chart,F34 Radiotherapy & dosimetry,S08,Time series,D,Data-driven,niche,standard,HM;XM,medical-physics;quality-control,qcc::qcc; qicharts2::qic; matplotlib,69,Bump chart;Line chart;Multi-series line chart;Area chart;Stacked area chart;Stream graph;Step chart;Sparkline;Horizon chart;Cycle plot;Seasonal decomposition plot;Lag plot;Control chart;Run chart;Gant
